"scenario","key","measure","type","year","value"
"IEA6","households",,"households.urban","2011",1361198511
"IEA6","households",,"households.urban","2015",1516180598
"IEA6","households",,"households.urban","2020",1700091449
"IEA6","households",,"households.urban","2025",1890950144
"IEA6","households",,"households.urban","2030",2084424006
"IEA6","households",,"households.urban","2035",2271492537
"IEA6","households",,"households.urban","2040",2459944621
"IEA6","households",,"households.urban","2045",2640342650
"IEA6","households",,"households.urban","2050",2823563333
"IEA6","households",,"households.urban.no.elec","2011",91521351.35
"IEA6","households",,"households.urban.no.elec","2015",86458142.61
"IEA6","households",,"households.urban.no.elec","2020",84534933.93
"IEA6","households",,"households.urban.no.elec","2025",76093531.66
"IEA6","households",,"households.urban.no.elec","2030",64466721.84
"IEA6","households",,"households.urban.no.elec","2035",58243398.37
"IEA6","households",,"households.urban.no.elec","2040",50202951.44
"IEA6","households",,"households.urban.no.elec","2045",53884543.88
"IEA6","households",,"households.urban.no.elec","2050",57623741.49
"IEA6","households",,"households.rural","2011",566888809.4
"IEA6","households",,"households.rural","2015",596067704.2
"IEA6","households",,"households.rural","2020",620285577.5
"IEA6","households",,"households.rural","2025",646774375
"IEA6","households",,"households.rural","2030",672206693.6
"IEA6","households",,"households.rural","2035",693914914.8
"IEA6","households",,"households.rural","2040",714445209.2
"IEA6","households",,"households.rural","2045",731074267.1
"IEA6","households",,"households.rural","2050",743425738
"IEA6","households",,"households.rural.no.elec","2011",266771204.4
"IEA6","households",,"households.rural.no.elec","2015",256740005.1
"IEA6","households",,"households.rural.no.elec","2020",249487557
"IEA6","households",,"households.rural.no.elec","2025",237305705.9
"IEA6","households",,"households.rural.no.elec","2030",224068897.9
"IEA6","households",,"households.rural.no.elec","2035",213163405.2
"IEA6","households",,"households.rural.no.elec","2040",201510187.2
"IEA6","households",,"households.rural.no.elec","2045",188516006
"IEA6","households",,"households.rural.no.elec","2050",174383815.1
"IEA6","cool","efficiency","cooling.airconditioners.urban","2011",2
"IEA6","cool","efficiency","cooling.airconditioners.urban","2015",2
"IEA6","cool","efficiency","cooling.airconditioners.urban","2020",2
"IEA6","cool","efficiency","cooling.airconditioners.urban","2025",2
"IEA6","cool","efficiency","cooling.airconditioners.urban","2030",2
"IEA6","cool","efficiency","cooling.airconditioners.urban","2035",2
"IEA6","cool","efficiency","cooling.airconditioners.urban","2040",2
"IEA6","cool","efficiency","cooling.airconditioners.urban","2045",2
"IEA6","cool","efficiency","cooling.airconditioners.urban","2050",2
"IEA6","cool","efficiency","cooling.chillers.urban","2011",1.8
"IEA6","cool","efficiency","cooling.chillers.urban","2015",1.8
"IEA6","cool","efficiency","cooling.chillers.urban","2020",1.8
"IEA6","cool","efficiency","cooling.chillers.urban","2025",1.8
"IEA6","cool","efficiency","cooling.chillers.urban","2030",1.8
"IEA6","cool","efficiency","cooling.chillers.urban","2035",1.8
"IEA6","cool","efficiency","cooling.chillers.urban","2040",1.8
"IEA6","cool","efficiency","cooling.chillers.urban","2045",1.8
"IEA6","cool","efficiency","cooling.chillers.urban","2050",1.8
"IEA6","cool","efficiency","cooling.solarcooling.urban","2011",1
"IEA6","cool","efficiency","cooling.solarcooling.urban","2015",1
"IEA6","cool","efficiency","cooling.solarcooling.urban","2020",1
"IEA6","cool","efficiency","cooling.solarcooling.urban","2025",1
"IEA6","cool","efficiency","cooling.solarcooling.urban","2030",1
"IEA6","cool","efficiency","cooling.solarcooling.urban","2035",1
"IEA6","cool","efficiency","cooling.solarcooling.urban","2040",1
"IEA6","cool","efficiency","cooling.solarcooling.urban","2045",1
"IEA6","cool","efficiency","cooling.solarcooling.urban","2050",1
"IEA6","cool","efficiency","cooling.airconditioners.rural","2011",2
"IEA6","cool","efficiency","cooling.airconditioners.rural","2015",2
"IEA6","cool","efficiency","cooling.airconditioners.rural","2020",2
"IEA6","cool","efficiency","cooling.airconditioners.rural","2025",2
"IEA6","cool","efficiency","cooling.airconditioners.rural","2030",2
"IEA6","cool","efficiency","cooling.airconditioners.rural","2035",2
"IEA6","cool","efficiency","cooling.airconditioners.rural","2040",2
"IEA6","cool","efficiency","cooling.airconditioners.rural","2045",2
"IEA6","cool","efficiency","cooling.airconditioners.rural","2050",2
"IEA6","cool","efficiency","cooling.chillers.rural","2011",1.8
"IEA6","cool","efficiency","cooling.chillers.rural","2015",1.8
"IEA6","cool","efficiency","cooling.chillers.rural","2020",1.8
"IEA6","cool","efficiency","cooling.chillers.rural","2025",1.8
"IEA6","cool","efficiency","cooling.chillers.rural","2030",1.8
"IEA6","cool","efficiency","cooling.chillers.rural","2035",1.8
"IEA6","cool","efficiency","cooling.chillers.rural","2040",1.8
"IEA6","cool","efficiency","cooling.chillers.rural","2045",1.8
"IEA6","cool","efficiency","cooling.chillers.rural","2050",1.8
"IEA6","cool","efficiency","cooling.solarcooling.rural","2011",1
"IEA6","cool","efficiency","cooling.solarcooling.rural","2015",1
"IEA6","cool","efficiency","cooling.solarcooling.rural","2020",1
"IEA6","cool","efficiency","cooling.solarcooling.rural","2025",1
"IEA6","cool","efficiency","cooling.solarcooling.rural","2030",1
"IEA6","cool","efficiency","cooling.solarcooling.rural","2035",1
"IEA6","cool","efficiency","cooling.solarcooling.rural","2040",1
"IEA6","cool","efficiency","cooling.solarcooling.rural","2045",1
"IEA6","cool","efficiency","cooling.solarcooling.rural","2050",1
"IEA6","cool","efficiency","cooling.airconditioners.non residential","2011",2.5
"IEA6","cool","efficiency","cooling.airconditioners.non residential","2015",2.5
"IEA6","cool","efficiency","cooling.airconditioners.non residential","2020",2.5
"IEA6","cool","efficiency","cooling.airconditioners.non residential","2025",2.5
"IEA6","cool","efficiency","cooling.airconditioners.non residential","2030",2.5
"IEA6","cool","efficiency","cooling.airconditioners.non residential","2035",2.5
"IEA6","cool","efficiency","cooling.airconditioners.non residential","2040",2.5
"IEA6","cool","efficiency","cooling.airconditioners.non residential","2045",2.5
"IEA6","cool","efficiency","cooling.airconditioners.non residential","2050",2.5
"IEA6","cool","efficiency","cooling.chillers.non residential","2011",1.8
"IEA6","cool","efficiency","cooling.chillers.non residential","2015",1.8
"IEA6","cool","efficiency","cooling.chillers.non residential","2020",1.8
"IEA6","cool","efficiency","cooling.chillers.non residential","2025",1.8
"IEA6","cool","efficiency","cooling.chillers.non residential","2030",1.8
"IEA6","cool","efficiency","cooling.chillers.non residential","2035",1.8
"IEA6","cool","efficiency","cooling.chillers.non residential","2040",1.8
"IEA6","cool","efficiency","cooling.chillers.non residential","2045",1.8
"IEA6","cool","efficiency","cooling.chillers.non residential","2050",1.8
"IEA6","cool","efficiency","cooling.solarcooling.non residential","2011",1
"IEA6","cool","efficiency","cooling.solarcooling.non residential","2015",1
"IEA6","cool","efficiency","cooling.solarcooling.non residential","2020",1
"IEA6","cool","efficiency","cooling.solarcooling.non residential","2025",1
"IEA6","cool","efficiency","cooling.solarcooling.non residential","2030",1
"IEA6","cool","efficiency","cooling.solarcooling.non residential","2035",1
"IEA6","cool","efficiency","cooling.solarcooling.non residential","2040",1
"IEA6","cool","efficiency","cooling.solarcooling.non residential","2045",1
"IEA6","cool","efficiency","cooling.solarcooling.non residential","2050",1
"IEA6","space","efficiency","heater.solid.boiler.urban.space","2011",0.55
"IEA6","space","efficiency","heater.solid.boiler.urban.space","2015",0.544871795
"IEA6","space","efficiency","heater.solid.boiler.urban.space","2020",0.538461538
"IEA6","space","efficiency","heater.solid.boiler.urban.space","2025",0.532051282
"IEA6","space","efficiency","heater.solid.boiler.urban.space","2030",0.525641026
"IEA6","space","efficiency","heater.solid.boiler.urban.space","2035",0.519230769
"IEA6","space","efficiency","heater.solid.boiler.urban.space","2040",0.512820513
"IEA6","space","efficiency","heater.solid.boiler.urban.space","2045",0.506410256
"IEA6","space","efficiency","heater.solid.boiler.urban.space","2050",0.5
"IEA6","space","efficiency","heater.liquid.boiler.urban.space","2011",0.6
"IEA6","space","efficiency","heater.liquid.boiler.urban.space","2015",0.615384615
"IEA6","space","efficiency","heater.liquid.boiler.urban.space","2020",0.634615385
"IEA6","space","efficiency","heater.liquid.boiler.urban.space","2025",0.653846154
"IEA6","space","efficiency","heater.liquid.boiler.urban.space","2030",0.673076923
"IEA6","space","efficiency","heater.liquid.boiler.urban.space","2035",0.692307692
"IEA6","space","efficiency","heater.liquid.boiler.urban.space","2040",0.711538462
"IEA6","space","efficiency","heater.liquid.boiler.urban.space","2045",0.730769231
"IEA6","space","efficiency","heater.liquid.boiler.urban.space","2050",0.75
"IEA6","space","efficiency","heater.gas.boiler.urban.space","2011",0.78
"IEA6","space","efficiency","heater.gas.boiler.urban.space","2015",0.782051282
"IEA6","space","efficiency","heater.gas.boiler.urban.space","2020",0.784615385
"IEA6","space","efficiency","heater.gas.boiler.urban.space","2025",0.787179487
"IEA6","space","efficiency","heater.gas.boiler.urban.space","2030",0.78974359
"IEA6","space","efficiency","heater.gas.boiler.urban.space","2035",0.792307692
"IEA6","space","efficiency","heater.gas.boiler.urban.space","2040",0.794871795
"IEA6","space","efficiency","heater.gas.boiler.urban.space","2045",0.797435897
"IEA6","space","efficiency","heater.gas.boiler.urban.space","2050",0.8
"IEA6","space","efficiency","heater.heatpump.urban.space","2011",2
"IEA6","space","efficiency","heater.heatpump.urban.space","2015",2
"IEA6","space","efficiency","heater.heatpump.urban.space","2020",2
"IEA6","space","efficiency","heater.heatpump.urban.space","2025",2
"IEA6","space","efficiency","heater.heatpump.urban.space","2030",2
"IEA6","space","efficiency","heater.heatpump.urban.space","2035",2
"IEA6","space","efficiency","heater.heatpump.urban.space","2040",2
"IEA6","space","efficiency","heater.heatpump.urban.space","2045",2
"IEA6","space","efficiency","heater.heatpump.urban.space","2050",2
"IEA6","space","efficiency","heater.electricity.urban.space","2011",1
"IEA6","space","efficiency","heater.electricity.urban.space","2015",1
"IEA6","space","efficiency","heater.electricity.urban.space","2020",1
"IEA6","space","efficiency","heater.electricity.urban.space","2025",1
"IEA6","space","efficiency","heater.electricity.urban.space","2030",1
"IEA6","space","efficiency","heater.electricity.urban.space","2035",1
"IEA6","space","efficiency","heater.electricity.urban.space","2040",1
"IEA6","space","efficiency","heater.electricity.urban.space","2045",1
"IEA6","space","efficiency","heater.electricity.urban.space","2050",1
"IEA6","space","efficiency","heater.solar.urban.space","2011",0.4
"IEA6","space","efficiency","heater.solar.urban.space","2015",0.41025641
"IEA6","space","efficiency","heater.solar.urban.space","2020",0.423076923
"IEA6","space","efficiency","heater.solar.urban.space","2025",0.435897436
"IEA6","space","efficiency","heater.solar.urban.space","2030",0.448717949
"IEA6","space","efficiency","heater.solar.urban.space","2035",0.461538462
"IEA6","space","efficiency","heater.solar.urban.space","2040",0.474358974
"IEA6","space","efficiency","heater.solar.urban.space","2045",0.487179487
"IEA6","space","efficiency","heater.solar.urban.space","2050",0.5
"IEA6","space","efficiency","heater.solid.boiler.rural.space","2011",0.55
"IEA6","space","efficiency","heater.solid.boiler.rural.space","2015",0.544871795
"IEA6","space","efficiency","heater.solid.boiler.rural.space","2020",0.538461538
"IEA6","space","efficiency","heater.solid.boiler.rural.space","2025",0.532051282
"IEA6","space","efficiency","heater.solid.boiler.rural.space","2030",0.525641026
"IEA6","space","efficiency","heater.solid.boiler.rural.space","2035",0.519230769
"IEA6","space","efficiency","heater.solid.boiler.rural.space","2040",0.512820513
"IEA6","space","efficiency","heater.solid.boiler.rural.space","2045",0.506410256
"IEA6","space","efficiency","heater.solid.boiler.rural.space","2050",0.5
"IEA6","space","efficiency","heater.liquid.boiler.rural.space","2011",0.6
"IEA6","space","efficiency","heater.liquid.boiler.rural.space","2015",0.615384615
"IEA6","space","efficiency","heater.liquid.boiler.rural.space","2020",0.634615385
"IEA6","space","efficiency","heater.liquid.boiler.rural.space","2025",0.653846154
"IEA6","space","efficiency","heater.liquid.boiler.rural.space","2030",0.673076923
"IEA6","space","efficiency","heater.liquid.boiler.rural.space","2035",0.692307692
"IEA6","space","efficiency","heater.liquid.boiler.rural.space","2040",0.711538462
"IEA6","space","efficiency","heater.liquid.boiler.rural.space","2045",0.730769231
"IEA6","space","efficiency","heater.liquid.boiler.rural.space","2050",0.75
"IEA6","space","efficiency","heater.gas.boiler.rural.space","2011",0.78
"IEA6","space","efficiency","heater.gas.boiler.rural.space","2015",0.782051282
"IEA6","space","efficiency","heater.gas.boiler.rural.space","2020",0.784615385
"IEA6","space","efficiency","heater.gas.boiler.rural.space","2025",0.787179487
"IEA6","space","efficiency","heater.gas.boiler.rural.space","2030",0.78974359
"IEA6","space","efficiency","heater.gas.boiler.rural.space","2035",0.792307692
"IEA6","space","efficiency","heater.gas.boiler.rural.space","2040",0.794871795
"IEA6","space","efficiency","heater.gas.boiler.rural.space","2045",0.797435897
"IEA6","space","efficiency","heater.gas.boiler.rural.space","2050",0.8
"IEA6","space","efficiency","heater.heatpump.rural.space","2011",2
"IEA6","space","efficiency","heater.heatpump.rural.space","2015",2
"IEA6","space","efficiency","heater.heatpump.rural.space","2020",2
"IEA6","space","efficiency","heater.heatpump.rural.space","2025",2
"IEA6","space","efficiency","heater.heatpump.rural.space","2030",2
"IEA6","space","efficiency","heater.heatpump.rural.space","2035",2
"IEA6","space","efficiency","heater.heatpump.rural.space","2040",2
"IEA6","space","efficiency","heater.heatpump.rural.space","2045",2
"IEA6","space","efficiency","heater.heatpump.rural.space","2050",2
"IEA6","space","efficiency","heater.electricity.rural.space","2011",1
"IEA6","space","efficiency","heater.electricity.rural.space","2015",1
"IEA6","space","efficiency","heater.electricity.rural.space","2020",1
"IEA6","space","efficiency","heater.electricity.rural.space","2025",1
"IEA6","space","efficiency","heater.electricity.rural.space","2030",1
"IEA6","space","efficiency","heater.electricity.rural.space","2035",1
"IEA6","space","efficiency","heater.electricity.rural.space","2040",1
"IEA6","space","efficiency","heater.electricity.rural.space","2045",1
"IEA6","space","efficiency","heater.electricity.rural.space","2050",1
"IEA6","space","efficiency","heater.solar.rural.space","2011",0.4
"IEA6","space","efficiency","heater.solar.rural.space","2015",0.41025641
"IEA6","space","efficiency","heater.solar.rural.space","2020",0.423076923
"IEA6","space","efficiency","heater.solar.rural.space","2025",0.435897436
"IEA6","space","efficiency","heater.solar.rural.space","2030",0.448717949
"IEA6","space","efficiency","heater.solar.rural.space","2035",0.461538462
"IEA6","space","efficiency","heater.solar.rural.space","2040",0.474358974
"IEA6","space","efficiency","heater.solar.rural.space","2045",0.487179487
"IEA6","space","efficiency","heater.solar.rural.space","2050",0.5
"IEA6","space","efficiency","heater.traditionalbiomass.boiler.urban.no.elec","2011",0.3
"IEA6","space","efficiency","heater.traditionalbiomass.boiler.urban.no.elec","2015",0.3
"IEA6","space","efficiency","heater.traditionalbiomass.boiler.urban.no.elec","2020",0.3
"IEA6","space","efficiency","heater.traditionalbiomass.boiler.urban.no.elec","2025",0.3
"IEA6","space","efficiency","heater.traditionalbiomass.boiler.urban.no.elec","2030",0.3
"IEA6","space","efficiency","heater.traditionalbiomass.boiler.urban.no.elec","2035",0.3
"IEA6","space","efficiency","heater.traditionalbiomass.boiler.urban.no.elec","2040",0.3
"IEA6","space","efficiency","heater.traditionalbiomass.boiler.urban.no.elec","2045",0.3
"IEA6","space","efficiency","heater.traditionalbiomass.boiler.urban.no.elec","2050",0.3
"IEA6","space","efficiency","heater.traditionalbiomass.boiler.rural.no.elec","2011",0.3
"IEA6","space","efficiency","heater.traditionalbiomass.boiler.rural.no.elec","2015",0.3
"IEA6","space","efficiency","heater.traditionalbiomass.boiler.rural.no.elec","2020",0.3
"IEA6","space","efficiency","heater.traditionalbiomass.boiler.rural.no.elec","2025",0.3
"IEA6","space","efficiency","heater.traditionalbiomass.boiler.rural.no.elec","2030",0.3
"IEA6","space","efficiency","heater.traditionalbiomass.boiler.rural.no.elec","2035",0.3
"IEA6","space","efficiency","heater.traditionalbiomass.boiler.rural.no.elec","2040",0.3
"IEA6","space","efficiency","heater.traditionalbiomass.boiler.rural.no.elec","2045",0.3
"IEA6","space","efficiency","heater.traditionalbiomass.boiler.rural.no.elec","2050",0.3
"IEA6","space","efficiency","heater.solid.boiler.non residential.space","2011",0.55
"IEA6","space","efficiency","heater.solid.boiler.non residential.space","2015",0.544871795
"IEA6","space","efficiency","heater.solid.boiler.non residential.space","2020",0.538461538
"IEA6","space","efficiency","heater.solid.boiler.non residential.space","2025",0.532051282
"IEA6","space","efficiency","heater.solid.boiler.non residential.space","2030",0.525641026
"IEA6","space","efficiency","heater.solid.boiler.non residential.space","2035",0.519230769
"IEA6","space","efficiency","heater.solid.boiler.non residential.space","2040",0.512820513
"IEA6","space","efficiency","heater.solid.boiler.non residential.space","2045",0.506410256
"IEA6","space","efficiency","heater.solid.boiler.non residential.space","2050",0.5
"IEA6","space","efficiency","heater.liquid.boiler.non residential.space","2011",0.6
"IEA6","space","efficiency","heater.liquid.boiler.non residential.space","2015",0.615384615
"IEA6","space","efficiency","heater.liquid.boiler.non residential.space","2020",0.634615385
"IEA6","space","efficiency","heater.liquid.boiler.non residential.space","2025",0.653846154
"IEA6","space","efficiency","heater.liquid.boiler.non residential.space","2030",0.673076923
"IEA6","space","efficiency","heater.liquid.boiler.non residential.space","2035",0.692307692
"IEA6","space","efficiency","heater.liquid.boiler.non residential.space","2040",0.711538462
"IEA6","space","efficiency","heater.liquid.boiler.non residential.space","2045",0.730769231
"IEA6","space","efficiency","heater.liquid.boiler.non residential.space","2050",0.75
"IEA6","space","efficiency","heater.gas.boiler.non residential.space","2011",0.78
"IEA6","space","efficiency","heater.gas.boiler.non residential.space","2015",0.782051282
"IEA6","space","efficiency","heater.gas.boiler.non residential.space","2020",0.784615385
"IEA6","space","efficiency","heater.gas.boiler.non residential.space","2025",0.787179487
"IEA6","space","efficiency","heater.gas.boiler.non residential.space","2030",0.78974359
"IEA6","space","efficiency","heater.gas.boiler.non residential.space","2035",0.792307692
"IEA6","space","efficiency","heater.gas.boiler.non residential.space","2040",0.794871795
"IEA6","space","efficiency","heater.gas.boiler.non residential.space","2045",0.797435897
"IEA6","space","efficiency","heater.gas.boiler.non residential.space","2050",0.8
"IEA6","space","efficiency","heater.heatpump.non residential.space","2011",2
"IEA6","space","efficiency","heater.heatpump.non residential.space","2015",2
"IEA6","space","efficiency","heater.heatpump.non residential.space","2020",2
"IEA6","space","efficiency","heater.heatpump.non residential.space","2025",2
"IEA6","space","efficiency","heater.heatpump.non residential.space","2030",2
"IEA6","space","efficiency","heater.heatpump.non residential.space","2035",2
"IEA6","space","efficiency","heater.heatpump.non residential.space","2040",2
"IEA6","space","efficiency","heater.heatpump.non residential.space","2045",2
"IEA6","space","efficiency","heater.heatpump.non residential.space","2050",2
"IEA6","space","efficiency","heater.electricity.non residential.space","2011",1
"IEA6","space","efficiency","heater.electricity.non residential.space","2015",1
"IEA6","space","efficiency","heater.electricity.non residential.space","2020",1
"IEA6","space","efficiency","heater.electricity.non residential.space","2025",1
"IEA6","space","efficiency","heater.electricity.non residential.space","2030",1
"IEA6","space","efficiency","heater.electricity.non residential.space","2035",1
"IEA6","space","efficiency","heater.electricity.non residential.space","2040",1
"IEA6","space","efficiency","heater.electricity.non residential.space","2045",1
"IEA6","space","efficiency","heater.electricity.non residential.space","2050",1
"IEA6","space","efficiency","heater.solar.non residential.space","2011",0.4
"IEA6","space","efficiency","heater.solar.non residential.space","2015",0.41025641
"IEA6","space","efficiency","heater.solar.non residential.space","2020",0.423076923
"IEA6","space","efficiency","heater.solar.non residential.space","2025",0.435897436
"IEA6","space","efficiency","heater.solar.non residential.space","2030",0.448717949
"IEA6","space","efficiency","heater.solar.non residential.space","2035",0.461538462
"IEA6","space","efficiency","heater.solar.non residential.space","2040",0.474358974
"IEA6","space","efficiency","heater.solar.non residential.space","2045",0.487179487
"IEA6","space","efficiency","heater.solar.non residential.space","2050",0.5
"IEA6","water","efficiency","heater.solid.boiler.urban.water","2011",0.55
"IEA6","water","efficiency","heater.solid.boiler.urban.water","2015",0.544871795
"IEA6","water","efficiency","heater.solid.boiler.urban.water","2020",0.538461538
"IEA6","water","efficiency","heater.solid.boiler.urban.water","2025",0.532051282
"IEA6","water","efficiency","heater.solid.boiler.urban.water","2030",0.525641026
"IEA6","water","efficiency","heater.solid.boiler.urban.water","2035",0.519230769
"IEA6","water","efficiency","heater.solid.boiler.urban.water","2040",0.512820513
"IEA6","water","efficiency","heater.solid.boiler.urban.water","2045",0.506410256
"IEA6","water","efficiency","heater.solid.boiler.urban.water","2050",0.5
"IEA6","water","efficiency","heater.liquid.boiler.urban.water","2011",0.6
"IEA6","water","efficiency","heater.liquid.boiler.urban.water","2015",0.615384615
"IEA6","water","efficiency","heater.liquid.boiler.urban.water","2020",0.634615385
"IEA6","water","efficiency","heater.liquid.boiler.urban.water","2025",0.653846154
"IEA6","water","efficiency","heater.liquid.boiler.urban.water","2030",0.673076923
"IEA6","water","efficiency","heater.liquid.boiler.urban.water","2035",0.692307692
"IEA6","water","efficiency","heater.liquid.boiler.urban.water","2040",0.711538462
"IEA6","water","efficiency","heater.liquid.boiler.urban.water","2045",0.730769231
"IEA6","water","efficiency","heater.liquid.boiler.urban.water","2050",0.75
"IEA6","water","efficiency","heater.gas.boiler.urban.water","2011",0.78
"IEA6","water","efficiency","heater.gas.boiler.urban.water","2015",0.782051282
"IEA6","water","efficiency","heater.gas.boiler.urban.water","2020",0.784615385
"IEA6","water","efficiency","heater.gas.boiler.urban.water","2025",0.787179487
"IEA6","water","efficiency","heater.gas.boiler.urban.water","2030",0.78974359
"IEA6","water","efficiency","heater.gas.boiler.urban.water","2035",0.792307692
"IEA6","water","efficiency","heater.gas.boiler.urban.water","2040",0.794871795
"IEA6","water","efficiency","heater.gas.boiler.urban.water","2045",0.797435897
"IEA6","water","efficiency","heater.gas.boiler.urban.water","2050",0.8
"IEA6","water","efficiency","heater.heatpump.urban.water","2011",2
"IEA6","water","efficiency","heater.heatpump.urban.water","2015",2
"IEA6","water","efficiency","heater.heatpump.urban.water","2020",2
"IEA6","water","efficiency","heater.heatpump.urban.water","2025",2
"IEA6","water","efficiency","heater.heatpump.urban.water","2030",2
"IEA6","water","efficiency","heater.heatpump.urban.water","2035",2
"IEA6","water","efficiency","heater.heatpump.urban.water","2040",2
"IEA6","water","efficiency","heater.heatpump.urban.water","2045",2
"IEA6","water","efficiency","heater.heatpump.urban.water","2050",2
"IEA6","water","efficiency","heater.electricity.urban.water","2011",1
"IEA6","water","efficiency","heater.electricity.urban.water","2015",1
"IEA6","water","efficiency","heater.electricity.urban.water","2020",1
"IEA6","water","efficiency","heater.electricity.urban.water","2025",1
"IEA6","water","efficiency","heater.electricity.urban.water","2030",1
"IEA6","water","efficiency","heater.electricity.urban.water","2035",1
"IEA6","water","efficiency","heater.electricity.urban.water","2040",1
"IEA6","water","efficiency","heater.electricity.urban.water","2045",1
"IEA6","water","efficiency","heater.electricity.urban.water","2050",1
"IEA6","water","efficiency","heater.solar.urban.water","2011",0.4
"IEA6","water","efficiency","heater.solar.urban.water","2015",0.41025641
"IEA6","water","efficiency","heater.solar.urban.water","2020",0.423076923
"IEA6","water","efficiency","heater.solar.urban.water","2025",0.435897436
"IEA6","water","efficiency","heater.solar.urban.water","2030",0.448717949
"IEA6","water","efficiency","heater.solar.urban.water","2035",0.461538462
"IEA6","water","efficiency","heater.solar.urban.water","2040",0.474358974
"IEA6","water","efficiency","heater.solar.urban.water","2045",0.487179487
"IEA6","water","efficiency","heater.solar.urban.water","2050",0.5
"IEA6","water","efficiency","heater.solid.boiler.rural.water","2011",0.55
"IEA6","water","efficiency","heater.solid.boiler.rural.water","2015",0.544871795
"IEA6","water","efficiency","heater.solid.boiler.rural.water","2020",0.538461538
"IEA6","water","efficiency","heater.solid.boiler.rural.water","2025",0.532051282
"IEA6","water","efficiency","heater.solid.boiler.rural.water","2030",0.525641026
"IEA6","water","efficiency","heater.solid.boiler.rural.water","2035",0.519230769
"IEA6","water","efficiency","heater.solid.boiler.rural.water","2040",0.512820513
"IEA6","water","efficiency","heater.solid.boiler.rural.water","2045",0.506410256
"IEA6","water","efficiency","heater.solid.boiler.rural.water","2050",0.5
"IEA6","water","efficiency","heater.liquid.boiler.rural.water","2011",0.6
"IEA6","water","efficiency","heater.liquid.boiler.rural.water","2015",0.615384615
"IEA6","water","efficiency","heater.liquid.boiler.rural.water","2020",0.634615385
"IEA6","water","efficiency","heater.liquid.boiler.rural.water","2025",0.653846154
"IEA6","water","efficiency","heater.liquid.boiler.rural.water","2030",0.673076923
"IEA6","water","efficiency","heater.liquid.boiler.rural.water","2035",0.692307692
"IEA6","water","efficiency","heater.liquid.boiler.rural.water","2040",0.711538462
"IEA6","water","efficiency","heater.liquid.boiler.rural.water","2045",0.730769231
"IEA6","water","efficiency","heater.liquid.boiler.rural.water","2050",0.75
"IEA6","water","efficiency","heater.gas.boiler.rural.water","2011",0.78
"IEA6","water","efficiency","heater.gas.boiler.rural.water","2015",0.782051282
"IEA6","water","efficiency","heater.gas.boiler.rural.water","2020",0.784615385
"IEA6","water","efficiency","heater.gas.boiler.rural.water","2025",0.787179487
"IEA6","water","efficiency","heater.gas.boiler.rural.water","2030",0.78974359
"IEA6","water","efficiency","heater.gas.boiler.rural.water","2035",0.792307692
"IEA6","water","efficiency","heater.gas.boiler.rural.water","2040",0.794871795
"IEA6","water","efficiency","heater.gas.boiler.rural.water","2045",0.797435897
"IEA6","water","efficiency","heater.gas.boiler.rural.water","2050",0.8
"IEA6","water","efficiency","heater.heatpump.rural.water","2011",2
"IEA6","water","efficiency","heater.heatpump.rural.water","2015",2
"IEA6","water","efficiency","heater.heatpump.rural.water","2020",2
"IEA6","water","efficiency","heater.heatpump.rural.water","2025",2
"IEA6","water","efficiency","heater.heatpump.rural.water","2030",2
"IEA6","water","efficiency","heater.heatpump.rural.water","2035",2
"IEA6","water","efficiency","heater.heatpump.rural.water","2040",2
"IEA6","water","efficiency","heater.heatpump.rural.water","2045",2
"IEA6","water","efficiency","heater.heatpump.rural.water","2050",2
"IEA6","water","efficiency","heater.electricity.rural.water","2011",1
"IEA6","water","efficiency","heater.electricity.rural.water","2015",1
"IEA6","water","efficiency","heater.electricity.rural.water","2020",1
"IEA6","water","efficiency","heater.electricity.rural.water","2025",1
"IEA6","water","efficiency","heater.electricity.rural.water","2030",1
"IEA6","water","efficiency","heater.electricity.rural.water","2035",1
"IEA6","water","efficiency","heater.electricity.rural.water","2040",1
"IEA6","water","efficiency","heater.electricity.rural.water","2045",1
"IEA6","water","efficiency","heater.electricity.rural.water","2050",1
"IEA6","water","efficiency","heater.solar.rural.water","2011",0.4
"IEA6","water","efficiency","heater.solar.rural.water","2015",0.41025641
"IEA6","water","efficiency","heater.solar.rural.water","2020",0.423076923
"IEA6","water","efficiency","heater.solar.rural.water","2025",0.435897436
"IEA6","water","efficiency","heater.solar.rural.water","2030",0.448717949
"IEA6","water","efficiency","heater.solar.rural.water","2035",0.461538462
"IEA6","water","efficiency","heater.solar.rural.water","2040",0.474358974
"IEA6","water","efficiency","heater.solar.rural.water","2045",0.487179487
"IEA6","water","efficiency","heater.solar.rural.water","2050",0.5
"IEA6","cook","efficiency","cooker.traditionalbiomass.stoves.urban","2011",0.3
"IEA6","cook","efficiency","cooker.traditionalbiomass.stoves.urban","2015",0.335897436
"IEA6","cook","efficiency","cooker.traditionalbiomass.stoves.urban","2020",0.380769231
"IEA6","cook","efficiency","cooker.traditionalbiomass.stoves.urban","2025",0.425641026
"IEA6","cook","efficiency","cooker.traditionalbiomass.stoves.urban","2030",0.470512821
"IEA6","cook","efficiency","cooker.traditionalbiomass.stoves.urban","2035",0.515384615
"IEA6","cook","efficiency","cooker.traditionalbiomass.stoves.urban","2040",0.56025641
"IEA6","cook","efficiency","cooker.traditionalbiomass.stoves.urban","2045",0.605128205
"IEA6","cook","efficiency","cooker.traditionalbiomass.stoves.urban","2050",0.65
"IEA6","cook","efficiency","cooker.traditionalbiomass.stoves.urban.no.elec","2011",0.3
"IEA6","cook","efficiency","cooker.traditionalbiomass.stoves.urban.no.elec","2015",0.320512821
"IEA6","cook","efficiency","cooker.traditionalbiomass.stoves.urban.no.elec","2020",0.346153846
"IEA6","cook","efficiency","cooker.traditionalbiomass.stoves.urban.no.elec","2025",0.371794872
"IEA6","cook","efficiency","cooker.traditionalbiomass.stoves.urban.no.elec","2030",0.397435897
"IEA6","cook","efficiency","cooker.traditionalbiomass.stoves.urban.no.elec","2035",0.423076923
"IEA6","cook","efficiency","cooker.traditionalbiomass.stoves.urban.no.elec","2040",0.448717949
"IEA6","cook","efficiency","cooker.traditionalbiomass.stoves.urban.no.elec","2045",0.474358974
"IEA6","cook","efficiency","cooker.traditionalbiomass.stoves.urban.no.elec","2050",0.5
"IEA6","cook","efficiency","cooker.traditionalbiomass.stoves.rural","2011",0.3
"IEA6","cook","efficiency","cooker.traditionalbiomass.stoves.rural","2015",0.335897436
"IEA6","cook","efficiency","cooker.traditionalbiomass.stoves.rural","2020",0.380769231
"IEA6","cook","efficiency","cooker.traditionalbiomass.stoves.rural","2025",0.425641026
"IEA6","cook","efficiency","cooker.traditionalbiomass.stoves.rural","2030",0.470512821
"IEA6","cook","efficiency","cooker.traditionalbiomass.stoves.rural","2035",0.515384615
"IEA6","cook","efficiency","cooker.traditionalbiomass.stoves.rural","2040",0.56025641
"IEA6","cook","efficiency","cooker.traditionalbiomass.stoves.rural","2045",0.605128205
"IEA6","cook","efficiency","cooker.traditionalbiomass.stoves.rural","2050",0.65
"IEA6","cook","efficiency","cooker.traditionalbiomass.stoves.rural.no.elec","2011",0.3
"IEA6","cook","efficiency","cooker.traditionalbiomass.stoves.rural.no.elec","2015",0.320512821
"IEA6","cook","efficiency","cooker.traditionalbiomass.stoves.rural.no.elec","2020",0.346153846
"IEA6","cook","efficiency","cooker.traditionalbiomass.stoves.rural.no.elec","2025",0.371794872
"IEA6","cook","efficiency","cooker.traditionalbiomass.stoves.rural.no.elec","2030",0.397435897
"IEA6","cook","efficiency","cooker.traditionalbiomass.stoves.rural.no.elec","2035",0.423076923
"IEA6","cook","efficiency","cooker.traditionalbiomass.stoves.rural.no.elec","2040",0.448717949
"IEA6","cook","efficiency","cooker.traditionalbiomass.stoves.rural.no.elec","2045",0.474358974
"IEA6","cook","efficiency","cooker.traditionalbiomass.stoves.rural.no.elec","2050",0.5
"IEA6","space","heat_demand_TWh","heater.solid.boiler.urban.space","2011",211.7905988
"IEA6","space","heat_demand_TWh","heater.solid.boiler.urban.space","2015",219.1814016
"IEA6","space","heat_demand_TWh","heater.solid.boiler.urban.space","2020",215.865428
"IEA6","space","heat_demand_TWh","heater.solid.boiler.urban.space","2025",207.9451732
"IEA6","space","heat_demand_TWh","heater.solid.boiler.urban.space","2030",195.1003745
"IEA6","space","heat_demand_TWh","heater.solid.boiler.urban.space","2035",176.9847561
"IEA6","space","heat_demand_TWh","heater.solid.boiler.urban.space","2040",154.9024169
"IEA6","space","heat_demand_TWh","heater.solid.boiler.urban.space","2045",128.8875301
"IEA6","space","heat_demand_TWh","heater.solid.boiler.urban.space","2050",100.2468043
"IEA6","space","heat_demand_TWh","heater.liquid.boiler.urban.space","2011",423.5811976
"IEA6","space","heat_demand_TWh","heater.liquid.boiler.urban.space","2015",473.0159893
"IEA6","space","heat_demand_TWh","heater.liquid.boiler.urban.space","2020",516.9408934
"IEA6","space","heat_demand_TWh","heater.liquid.boiler.urban.space","2025",559.3008106
"IEA6","space","heat_demand_TWh","heater.liquid.boiler.urban.space","2030",598.4539576
"IEA6","space","heat_demand_TWh","heater.liquid.boiler.urban.space","2035",631.5926591
"IEA6","space","heat_demand_TWh","heater.liquid.boiler.urban.space","2040",660.7556222
"IEA6","space","heat_demand_TWh","heater.liquid.boiler.urban.space","2045",683.229043
"IEA6","space","heat_demand_TWh","heater.liquid.boiler.urban.space","2050",701.7276303
"IEA6","space","heat_demand_TWh","heater.gas.boiler.urban.space","2011",1664.068991
"IEA6","space","heat_demand_TWh","heater.gas.boiler.urban.space","2015",1858.277101
"IEA6","space","heat_demand_TWh","heater.gas.boiler.urban.space","2020",2030.839224
"IEA6","space","heat_demand_TWh","heater.gas.boiler.urban.space","2025",2197.253184
"IEA6","space","heat_demand_TWh","heater.gas.boiler.urban.space","2030",2351.069119
"IEA6","space","heat_demand_TWh","heater.gas.boiler.urban.space","2035",2481.256875
"IEA6","space","heat_demand_TWh","heater.gas.boiler.urban.space","2040",2595.825659
"IEA6","space","heat_demand_TWh","heater.gas.boiler.urban.space","2045",2684.114097
"IEA6","space","heat_demand_TWh","heater.gas.boiler.urban.space","2050",2756.787119
"IEA6","space","heat_demand_TWh","heater.heatpump.urban.space","2011",60.51159966
"IEA6","space","heat_demand_TWh","heater.heatpump.urban.space","2015",67.57371276
"IEA6","space","heat_demand_TWh","heater.heatpump.urban.space","2020",73.84869906
"IEA6","space","heat_demand_TWh","heater.heatpump.urban.space","2025",79.9001158
"IEA6","space","heat_demand_TWh","heater.heatpump.urban.space","2030",85.49342252
"IEA6","space","heat_demand_TWh","heater.heatpump.urban.space","2035",90.22752273
"IEA6","space","heat_demand_TWh","heater.heatpump.urban.space","2040",94.39366031
"IEA6","space","heat_demand_TWh","heater.heatpump.urban.space","2045",97.604149
"IEA6","space","heat_demand_TWh","heater.heatpump.urban.space","2050",100.2468043
"IEA6","space","heat_demand_TWh","heater.electricity.urban.space","2011",90.76739948
"IEA6","space","heat_demand_TWh","heater.electricity.urban.space","2015",118.6871622
"IEA6","space","heat_demand_TWh","heater.electricity.urban.space","2020",153.3780673
"IEA6","space","heat_demand_TWh","heater.electricity.urban.space","2025",191.5554058
"IEA6","space","heat_demand_TWh","heater.electricity.urban.space","2030",232.3667381
"IEA6","space","heat_demand_TWh","heater.electricity.urban.space","2035",274.1528575
"IEA6","space","heat_demand_TWh","heater.electricity.urban.space","2040",317.0658846
"IEA6","space","heat_demand_TWh","heater.electricity.urban.space","2045",359.1332149
"IEA6","space","heat_demand_TWh","heater.electricity.urban.space","2050",400.9872173
"IEA6","space","heat_demand_TWh","heater.solar.urban.space","2011",0
"IEA6","space","heat_demand_TWh","heater.solar.urban.space","2015",0
"IEA6","space","heat_demand_TWh","heater.solar.urban.space","2020",0
"IEA6","space","heat_demand_TWh","heater.solar.urban.space","2025",0
"IEA6","space","heat_demand_TWh","heater.solar.urban.space","2030",0
"IEA6","space","heat_demand_TWh","heater.solar.urban.space","2035",0
"IEA6","space","heat_demand_TWh","heater.solar.urban.space","2040",0
"IEA6","space","heat_demand_TWh","heater.solar.urban.space","2045",0
"IEA6","space","heat_demand_TWh","heater.solar.urban.space","2050",0
"IEA6","space","heat_demand_TWh","heater.microchp.urban.space","2011",60.51159966
"IEA6","space","heat_demand_TWh","heater.microchp.urban.space","2015",67.57371276
"IEA6","space","heat_demand_TWh","heater.microchp.urban.space","2020",73.84869906
"IEA6","space","heat_demand_TWh","heater.microchp.urban.space","2025",79.9001158
"IEA6","space","heat_demand_TWh","heater.microchp.urban.space","2030",85.49342252
"IEA6","space","heat_demand_TWh","heater.microchp.urban.space","2035",90.22752273
"IEA6","space","heat_demand_TWh","heater.microchp.urban.space","2040",94.39366031
"IEA6","space","heat_demand_TWh","heater.microchp.urban.space","2045",97.604149
"IEA6","space","heat_demand_TWh","heater.microchp.urban.space","2050",100.2468043
"IEA6","space","heat_demand_TWh","heater.districtheating.urban.space","2011",514.3485971
"IEA6","space","heat_demand_TWh","heater.districtheating.urban.space","2015",574.3765584
"IEA6","space","heat_demand_TWh","heater.districtheating.urban.space","2020",627.713942
"IEA6","space","heat_demand_TWh","heater.districtheating.urban.space","2025",679.1509843
"IEA6","space","heat_demand_TWh","heater.districtheating.urban.space","2030",726.6940914
"IEA6","space","heat_demand_TWh","heater.districtheating.urban.space","2035",766.9339432
"IEA6","space","heat_demand_TWh","heater.districtheating.urban.space","2040",802.3461126
"IEA6","space","heat_demand_TWh","heater.districtheating.urban.space","2045",829.6352665
"IEA6","space","heat_demand_TWh","heater.districtheating.urban.space","2050",852.0978368
"IEA6","space","heat_demand_TWh","heater.solid.boiler.rural.space","2011",283.6595771
"IEA6","space","heat_demand_TWh","heater.solid.boiler.rural.space","2015",300.4286311
"IEA6","space","heat_demand_TWh","heater.solid.boiler.rural.space","2020",303.672454
"IEA6","space","heat_demand_TWh","heater.solid.boiler.rural.space","2025",305.9730515
"IEA6","space","heat_demand_TWh","heater.solid.boiler.rural.space","2030",305.6096881
"IEA6","space","heat_demand_TWh","heater.solid.boiler.rural.space","2035",301.4110411
"IEA6","space","heat_demand_TWh","heater.solid.boiler.rural.space","2040",294.6218553
"IEA6","space","heat_demand_TWh","heater.solid.boiler.rural.space","2045",284.2548763
"IEA6","space","heat_demand_TWh","heater.solid.boiler.rural.space","2050",270.4800054
"IEA6","space","heat_demand_TWh","heater.liquid.boiler.rural.space","2011",55.34821017
"IEA6","space","heat_demand_TWh","heater.liquid.boiler.rural.space","2015",60.02160059
"IEA6","space","heat_demand_TWh","heater.liquid.boiler.rural.space","2020",62.53848558
"IEA6","space","heat_demand_TWh","heater.liquid.boiler.rural.space","2025",65.01493217
"IEA6","space","heat_demand_TWh","heater.liquid.boiler.rural.space","2030",67.06932428
"IEA6","space","heat_demand_TWh","heater.liquid.boiler.rural.space","2035",68.39290533
"IEA6","space","heat_demand_TWh","heater.liquid.boiler.rural.space","2040",69.20101796
"IEA6","space","heat_demand_TWh","heater.liquid.boiler.rural.space","2045",69.1970258
"IEA6","space","heat_demand_TWh","heater.liquid.boiler.rural.space","2050",68.33179085
"IEA6","space","heat_demand_TWh","heater.gas.boiler.rural.space","2011",115.3087712
"IEA6","space","heat_demand_TWh","heater.gas.boiler.rural.space","2015",125.0450012
"IEA6","space","heat_demand_TWh","heater.gas.boiler.rural.space","2020",130.2885116
"IEA6","space","heat_demand_TWh","heater.gas.boiler.rural.space","2025",135.4477754
"IEA6","space","heat_demand_TWh","heater.gas.boiler.rural.space","2030",139.7277589
"IEA6","space","heat_demand_TWh","heater.gas.boiler.rural.space","2035",142.4852194
"IEA6","space","heat_demand_TWh","heater.gas.boiler.rural.space","2040",144.1687874
"IEA6","space","heat_demand_TWh","heater.gas.boiler.rural.space","2045",144.1604704
"IEA6","space","heat_demand_TWh","heater.gas.boiler.rural.space","2050",142.3578976
"IEA6","space","heat_demand_TWh","heater.heatpump.rural.space","2011",2.306175424
"IEA6","space","heat_demand_TWh","heater.heatpump.rural.space","2015",2.500900024
"IEA6","space","heat_demand_TWh","heater.heatpump.rural.space","2020",2.605770232
"IEA6","space","heat_demand_TWh","heater.heatpump.rural.space","2025",2.708955507
"IEA6","space","heat_demand_TWh","heater.heatpump.rural.space","2030",2.794555179
"IEA6","space","heat_demand_TWh","heater.heatpump.rural.space","2035",2.849704389
"IEA6","space","heat_demand_TWh","heater.heatpump.rural.space","2040",2.883375748
"IEA6","space","heat_demand_TWh","heater.heatpump.rural.space","2045",2.883209408
"IEA6","space","heat_demand_TWh","heater.heatpump.rural.space","2050",2.847157952
"IEA6","space","heat_demand_TWh","heater.electricity.rural.space","2011",4.612350847
"IEA6","space","heat_demand_TWh","heater.electricity.rural.space","2015",12.18387191
"IEA6","space","heat_demand_TWh","heater.electricity.rural.space","2020",22.04882504
"IEA6","space","heat_demand_TWh","heater.electricity.rural.space","2025",32.64638688
"IEA6","space","heat_demand_TWh","heater.electricity.rural.space","2030",43.7097092
"IEA6","space","heat_demand_TWh","heater.electricity.rural.space","2035",54.80200747
"IEA6","space","heat_demand_TWh","heater.electricity.rural.space","2040",65.80011323
"IEA6","space","heat_demand_TWh","heater.electricity.rural.space","2045",76.14629976
"IEA6","space","heat_demand_TWh","heater.electricity.rural.space","2050",85.41473856
"IEA6","space","heat_demand_TWh","heater.solar.rural.space","2011",0
"IEA6","space","heat_demand_TWh","heater.solar.rural.space","2015",0
"IEA6","space","heat_demand_TWh","heater.solar.rural.space","2020",0
"IEA6","space","heat_demand_TWh","heater.solar.rural.space","2025",0
"IEA6","space","heat_demand_TWh","heater.solar.rural.space","2030",0
"IEA6","space","heat_demand_TWh","heater.solar.rural.space","2035",0
"IEA6","space","heat_demand_TWh","heater.solar.rural.space","2040",0
"IEA6","space","heat_demand_TWh","heater.solar.rural.space","2045",0
"IEA6","space","heat_demand_TWh","heater.solar.rural.space","2050",0
"IEA6","space","heat_demand_TWh","heater.microchp.rural.space","2011",0
"IEA6","space","heat_demand_TWh","heater.microchp.rural.space","2015",0
"IEA6","space","heat_demand_TWh","heater.microchp.rural.space","2020",0
"IEA6","space","heat_demand_TWh","heater.microchp.rural.space","2025",0
"IEA6","space","heat_demand_TWh","heater.microchp.rural.space","2030",0
"IEA6","space","heat_demand_TWh","heater.microchp.rural.space","2035",0
"IEA6","space","heat_demand_TWh","heater.microchp.rural.space","2040",0
"IEA6","space","heat_demand_TWh","heater.microchp.rural.space","2045",0
"IEA6","space","heat_demand_TWh","heater.microchp.rural.space","2050",0
"IEA6","space","heat_demand_TWh","heater.districtheating.rural.space","2011",0
"IEA6","space","heat_demand_TWh","heater.districtheating.rural.space","2015",0
"IEA6","space","heat_demand_TWh","heater.districtheating.rural.space","2020",0
"IEA6","space","heat_demand_TWh","heater.districtheating.rural.space","2025",0
"IEA6","space","heat_demand_TWh","heater.districtheating.rural.space","2030",0
"IEA6","space","heat_demand_TWh","heater.districtheating.rural.space","2035",0
"IEA6","space","heat_demand_TWh","heater.districtheating.rural.space","2040",0
"IEA6","space","heat_demand_TWh","heater.districtheating.rural.space","2045",0
"IEA6","space","heat_demand_TWh","heater.districtheating.rural.space","2050",0
"IEA6","space","energy_demand_TWh","heater.solid.boiler.urban.space","2011",-385.073816
"IEA6","space","energy_demand_TWh","heater.solid.boiler.urban.space","2015",-402.2623371
"IEA6","space","energy_demand_TWh","heater.solid.boiler.urban.space","2020",-400.8929377
"IEA6","space","energy_demand_TWh","heater.solid.boiler.urban.space","2025",-390.836711
"IEA6","space","energy_demand_TWh","heater.solid.boiler.urban.space","2030",-371.166566
"IEA6","space","energy_demand_TWh","heater.solid.boiler.urban.space","2035",-340.8595303
"IEA6","space","energy_demand_TWh","heater.solid.boiler.urban.space","2040",-302.059713
"IEA6","space","energy_demand_TWh","heater.solid.boiler.urban.space","2045",-254.5120847
"IEA6","space","energy_demand_TWh","heater.solid.boiler.urban.space","2050",-200.4936087
"IEA6","space","energy_demand_TWh","heater.liquid.boiler.urban.space","2011",-705.9686627
"IEA6","space","energy_demand_TWh","heater.liquid.boiler.urban.space","2015",-768.6509826
"IEA6","space","energy_demand_TWh","heater.liquid.boiler.urban.space","2020",-814.573529
"IEA6","space","energy_demand_TWh","heater.liquid.boiler.urban.space","2025",-855.4012397
"IEA6","space","energy_demand_TWh","heater.liquid.boiler.urban.space","2030",-889.1315942
"IEA6","space","energy_demand_TWh","heater.liquid.boiler.urban.space","2035",-912.3005076
"IEA6","space","energy_demand_TWh","heater.liquid.boiler.urban.space","2040",-928.629523
"IEA6","space","energy_demand_TWh","heater.liquid.boiler.urban.space","2045",-934.9450062
"IEA6","space","energy_demand_TWh","heater.liquid.boiler.urban.space","2050",-935.6368405
"IEA6","space","energy_demand_TWh","heater.gas.boiler.urban.space","2011",-2133.421783
"IEA6","space","energy_demand_TWh","heater.gas.boiler.urban.space","2015",-2376.157604
"IEA6","space","energy_demand_TWh","heater.gas.boiler.urban.space","2020",-2588.324501
"IEA6","space","energy_demand_TWh","heater.gas.boiler.urban.space","2025",-2791.298834
"IEA6","space","energy_demand_TWh","heater.gas.boiler.urban.space","2030",-2977.003105
"IEA6","space","energy_demand_TWh","heater.gas.boiler.urban.space","2035",-3131.683435
"IEA6","space","energy_demand_TWh","heater.gas.boiler.urban.space","2040",-3265.716151
"IEA6","space","energy_demand_TWh","heater.gas.boiler.urban.space","2045",-3365.930862
"IEA6","space","energy_demand_TWh","heater.gas.boiler.urban.space","2050",-3445.983899
"IEA6","space","energy_demand_TWh","heater.heatpump.urban.space","2011",-30.25579983
"IEA6","space","energy_demand_TWh","heater.heatpump.urban.space","2015",-33.78685638
"IEA6","space","energy_demand_TWh","heater.heatpump.urban.space","2020",-36.92434953
"IEA6","space","energy_demand_TWh","heater.heatpump.urban.space","2025",-39.9500579
"IEA6","space","energy_demand_TWh","heater.heatpump.urban.space","2030",-42.74671126
"IEA6","space","energy_demand_TWh","heater.heatpump.urban.space","2035",-45.11376136
"IEA6","space","energy_demand_TWh","heater.heatpump.urban.space","2040",-47.19683015
"IEA6","space","energy_demand_TWh","heater.heatpump.urban.space","2045",-48.8020745
"IEA6","space","energy_demand_TWh","heater.heatpump.urban.space","2050",-50.12340217
"IEA6","space","energy_demand_TWh","heater.electricity.urban.space","2011",-90.76739948
"IEA6","space","energy_demand_TWh","heater.electricity.urban.space","2015",-118.6871622
"IEA6","space","energy_demand_TWh","heater.electricity.urban.space","2020",-153.3780673
"IEA6","space","energy_demand_TWh","heater.electricity.urban.space","2025",-191.5554058
"IEA6","space","energy_demand_TWh","heater.electricity.urban.space","2030",-232.3667381
"IEA6","space","energy_demand_TWh","heater.electricity.urban.space","2035",-274.1528575
"IEA6","space","energy_demand_TWh","heater.electricity.urban.space","2040",-317.0658846
"IEA6","space","energy_demand_TWh","heater.electricity.urban.space","2045",-359.1332149
"IEA6","space","energy_demand_TWh","heater.electricity.urban.space","2050",-400.9872173
"IEA6","space","energy_demand_TWh","heater.solar.urban.space","2011",0
"IEA6","space","energy_demand_TWh","heater.solar.urban.space","2015",0
"IEA6","space","energy_demand_TWh","heater.solar.urban.space","2020",0
"IEA6","space","energy_demand_TWh","heater.solar.urban.space","2025",0
"IEA6","space","energy_demand_TWh","heater.solar.urban.space","2030",0
"IEA6","space","energy_demand_TWh","heater.solar.urban.space","2035",0
"IEA6","space","energy_demand_TWh","heater.solar.urban.space","2040",0
"IEA6","space","energy_demand_TWh","heater.solar.urban.space","2045",0
"IEA6","space","energy_demand_TWh","heater.solar.urban.space","2050",0
"IEA6","space","energy_demand_TWh","heater.microchp.urban.space","2011",-121.0231993
"IEA6","space","energy_demand_TWh","heater.microchp.urban.space","2015",-135.1474255
"IEA6","space","energy_demand_TWh","heater.microchp.urban.space","2020",-147.6973981
"IEA6","space","energy_demand_TWh","heater.microchp.urban.space","2025",-159.8002316
"IEA6","space","energy_demand_TWh","heater.microchp.urban.space","2030",-170.986845
"IEA6","space","energy_demand_TWh","heater.microchp.urban.space","2035",-180.4550455
"IEA6","space","energy_demand_TWh","heater.microchp.urban.space","2040",-188.7873206
"IEA6","space","energy_demand_TWh","heater.microchp.urban.space","2045",-195.208298
"IEA6","space","energy_demand_TWh","heater.microchp.urban.space","2050",-200.4936087
"IEA6","space","energy_demand_TWh","heater.districtheating.urban.space","2011",-514.3485971
"IEA6","space","energy_demand_TWh","heater.districtheating.urban.space","2015",-574.3765584
"IEA6","space","energy_demand_TWh","heater.districtheating.urban.space","2020",-627.713942
"IEA6","space","energy_demand_TWh","heater.districtheating.urban.space","2025",-679.1509843
"IEA6","space","energy_demand_TWh","heater.districtheating.urban.space","2030",-726.6940914
"IEA6","space","energy_demand_TWh","heater.districtheating.urban.space","2035",-766.9339432
"IEA6","space","energy_demand_TWh","heater.districtheating.urban.space","2040",-802.3461126
"IEA6","space","energy_demand_TWh","heater.districtheating.urban.space","2045",-829.6352665
"IEA6","space","energy_demand_TWh","heater.districtheating.urban.space","2050",-852.0978368
"IEA6","space","energy_demand_TWh","heater.solid.boiler.rural.space","2011",-515.7446856
"IEA6","space","energy_demand_TWh","heater.solid.boiler.rural.space","2015",-551.3748995
"IEA6","space","energy_demand_TWh","heater.solid.boiler.rural.space","2020",-563.9631289
"IEA6","space","energy_demand_TWh","heater.solid.boiler.rural.space","2025",-575.08188
"IEA6","space","energy_demand_TWh","heater.solid.boiler.rural.space","2030",-581.4037969
"IEA6","space","energy_demand_TWh","heater.solid.boiler.rural.space","2035",-580.4953384
"IEA6","space","energy_demand_TWh","heater.solid.boiler.rural.space","2040",-574.5126179
"IEA6","space","energy_demand_TWh","heater.solid.boiler.rural.space","2045",-561.3134266
"IEA6","space","energy_demand_TWh","heater.solid.boiler.rural.space","2050",-540.9600109
"IEA6","space","energy_demand_TWh","heater.liquid.boiler.rural.space","2011",-92.24701694
"IEA6","space","energy_demand_TWh","heater.liquid.boiler.rural.space","2015",-97.53510095
"IEA6","space","energy_demand_TWh","heater.liquid.boiler.rural.space","2020",-98.54549243
"IEA6","space","energy_demand_TWh","heater.liquid.boiler.rural.space","2025",-99.43460215
"IEA6","space","energy_demand_TWh","heater.liquid.boiler.rural.space","2030",-99.64585322
"IEA6","space","energy_demand_TWh","heater.liquid.boiler.rural.space","2035",-98.78975214
"IEA6","space","energy_demand_TWh","heater.liquid.boiler.rural.space","2040",-97.2554847
"IEA6","space","energy_demand_TWh","heater.liquid.boiler.rural.space","2045",-94.69066689
"IEA6","space","energy_demand_TWh","heater.liquid.boiler.rural.space","2050",-91.10905447
"IEA6","space","energy_demand_TWh","heater.gas.boiler.rural.space","2011",-147.8317579
"IEA6","space","energy_demand_TWh","heater.gas.boiler.rural.space","2015",-159.8936081
"IEA6","space","energy_demand_TWh","heater.gas.boiler.rural.space","2020",-166.0539854
"IEA6","space","energy_demand_TWh","heater.gas.boiler.rural.space","2025",-172.0672065
"IEA6","space","energy_demand_TWh","heater.gas.boiler.rural.space","2030",-176.9280064
"IEA6","space","energy_demand_TWh","heater.gas.boiler.rural.space","2035",-179.8357138
"IEA6","space","energy_demand_TWh","heater.gas.boiler.rural.space","2040",-181.3736358
"IEA6","space","energy_demand_TWh","heater.gas.boiler.rural.space","2045",-180.7800111
"IEA6","space","energy_demand_TWh","heater.gas.boiler.rural.space","2050",-177.947372
"IEA6","space","energy_demand_TWh","heater.heatpump.rural.space","2011",-1.153087712
"IEA6","space","energy_demand_TWh","heater.heatpump.rural.space","2015",-1.250450012
"IEA6","space","energy_demand_TWh","heater.heatpump.rural.space","2020",-1.302885116
"IEA6","space","energy_demand_TWh","heater.heatpump.rural.space","2025",-1.354477754
"IEA6","space","energy_demand_TWh","heater.heatpump.rural.space","2030",-1.397277589
"IEA6","space","energy_demand_TWh","heater.heatpump.rural.space","2035",-1.424852194
"IEA6","space","energy_demand_TWh","heater.heatpump.rural.space","2040",-1.441687874
"IEA6","space","energy_demand_TWh","heater.heatpump.rural.space","2045",-1.441604704
"IEA6","space","energy_demand_TWh","heater.heatpump.rural.space","2050",-1.423578976
"IEA6","space","energy_demand_TWh","heater.electricity.rural.space","2011",-4.612350847
"IEA6","space","energy_demand_TWh","heater.electricity.rural.space","2015",-12.18387191
"IEA6","space","energy_demand_TWh","heater.electricity.rural.space","2020",-22.04882504
"IEA6","space","energy_demand_TWh","heater.electricity.rural.space","2025",-32.64638688
"IEA6","space","energy_demand_TWh","heater.electricity.rural.space","2030",-43.7097092
"IEA6","space","energy_demand_TWh","heater.electricity.rural.space","2035",-54.80200747
"IEA6","space","energy_demand_TWh","heater.electricity.rural.space","2040",-65.80011323
"IEA6","space","energy_demand_TWh","heater.electricity.rural.space","2045",-76.14629976
"IEA6","space","energy_demand_TWh","heater.electricity.rural.space","2050",-85.41473856
"IEA6","space","energy_demand_TWh","heater.solar.rural.space","2011",0
"IEA6","space","energy_demand_TWh","heater.solar.rural.space","2015",0
"IEA6","space","energy_demand_TWh","heater.solar.rural.space","2020",0
"IEA6","space","energy_demand_TWh","heater.solar.rural.space","2025",0
"IEA6","space","energy_demand_TWh","heater.solar.rural.space","2030",0
"IEA6","space","energy_demand_TWh","heater.solar.rural.space","2035",0
"IEA6","space","energy_demand_TWh","heater.solar.rural.space","2040",0
"IEA6","space","energy_demand_TWh","heater.solar.rural.space","2045",0
"IEA6","space","energy_demand_TWh","heater.solar.rural.space","2050",0
"IEA6","space","energy_demand_TWh","heater.microchp.rural.space","2011",0
"IEA6","space","energy_demand_TWh","heater.microchp.rural.space","2015",0
"IEA6","space","energy_demand_TWh","heater.microchp.rural.space","2020",0
"IEA6","space","energy_demand_TWh","heater.microchp.rural.space","2025",0
"IEA6","space","energy_demand_TWh","heater.microchp.rural.space","2030",0
"IEA6","space","energy_demand_TWh","heater.microchp.rural.space","2035",0
"IEA6","space","energy_demand_TWh","heater.microchp.rural.space","2040",0
"IEA6","space","energy_demand_TWh","heater.microchp.rural.space","2045",0
"IEA6","space","energy_demand_TWh","heater.microchp.rural.space","2050",0
"IEA6","space","energy_demand_TWh","heater.districtheating.rural.space","2011",0
"IEA6","space","energy_demand_TWh","heater.districtheating.rural.space","2015",0
"IEA6","space","energy_demand_TWh","heater.districtheating.rural.space","2020",0
"IEA6","space","energy_demand_TWh","heater.districtheating.rural.space","2025",0
"IEA6","space","energy_demand_TWh","heater.districtheating.rural.space","2030",0
"IEA6","space","energy_demand_TWh","heater.districtheating.rural.space","2035",0
"IEA6","space","energy_demand_TWh","heater.districtheating.rural.space","2040",0
"IEA6","space","energy_demand_TWh","heater.districtheating.rural.space","2045",0
"IEA6","space","energy_demand_TWh","heater.districtheating.rural.space","2050",0
"IEA6","space","households","heater.solid.boiler.urban.space","2011",95283895.79
"IEA6","space","households","heater.solid.boiler.urban.space","2015",98357356.77
"IEA6","space","households","heater.solid.boiler.urban.space","2020",99389961.64
"IEA6","space","households","heater.solid.boiler.urban.space","2025",98426379.29
"IEA6","space","households","heater.solid.boiler.urban.space","2030",95135249.52
"IEA6","space","households","heater.solid.boiler.urban.space","2035",89112399.51
"IEA6","space","households","heater.solid.boiler.urban.space","2040",80736643.96
"IEA6","space","households","heater.solid.boiler.urban.space","2045",69732126.4
"IEA6","space","households","heater.solid.boiler.urban.space","2050",56471266.66
"IEA6","space","households","heater.liquid.boiler.urban.space","2011",190567791.6
"IEA6","space","households","heater.liquid.boiler.urban.space","2015",212265283.8
"IEA6","space","households","heater.liquid.boiler.urban.space","2020",238012802.9
"IEA6","space","households","heater.liquid.boiler.urban.space","2025",264733020.2
"IEA6","space","households","heater.liquid.boiler.urban.space","2030",291819360.9
"IEA6","space","households","heater.liquid.boiler.urban.space","2035",318008955.1
"IEA6","space","households","heater.liquid.boiler.urban.space","2040",344392246.9
"IEA6","space","households","heater.liquid.boiler.urban.space","2045",369647971
"IEA6","space","households","heater.liquid.boiler.urban.space","2050",395298866.6
"IEA6","space","households","heater.gas.boiler.urban.space","2011",748659181.2
"IEA6","space","households","heater.gas.boiler.urban.space","2015",833899329.2
"IEA6","space","households","heater.gas.boiler.urban.space","2020",935050297
"IEA6","space","households","heater.gas.boiler.urban.space","2025",1040022579
"IEA6","space","households","heater.gas.boiler.urban.space","2030",1146433203
"IEA6","space","households","heater.gas.boiler.urban.space","2035",1249320895
"IEA6","space","households","heater.gas.boiler.urban.space","2040",1352969541
"IEA6","space","households","heater.gas.boiler.urban.space","2045",1452188458
"IEA6","space","households","heater.gas.boiler.urban.space","2050",1552959833
"IEA6","space","households","heater.heatpump.urban.space","2011",27223970.23
"IEA6","space","households","heater.heatpump.urban.space","2015",30323611.97
"IEA6","space","households","heater.heatpump.urban.space","2020",34001828.98
"IEA6","space","households","heater.heatpump.urban.space","2025",37819002.88
"IEA6","space","households","heater.heatpump.urban.space","2030",41688480.13
"IEA6","space","households","heater.heatpump.urban.space","2035",45429850.73
"IEA6","space","households","heater.heatpump.urban.space","2040",49198892.41
"IEA6","space","households","heater.heatpump.urban.space","2045",52806853
"IEA6","space","households","heater.heatpump.urban.space","2050",56471266.66
"IEA6","space","households","heater.electricity.urban.space","2011",40835955.34
"IEA6","space","households","heater.electricity.urban.space","2015",53260703.07
"IEA6","space","households","heater.electricity.urban.space","2020",70619183.27
"IEA6","space","households","heater.electricity.urban.space","2025",90668635.11
"IEA6","space","households","heater.electricity.urban.space","2030",113307151.1
"IEA6","space","households","heater.electricity.urban.space","2035",138036854.1
"IEA6","space","households","heater.electricity.urban.space","2040",165257818.1
"IEA6","space","households","heater.electricity.urban.space","2045",194302138.6
"IEA6","space","households","heater.electricity.urban.space","2050",225885066.7
"IEA6","space","households","heater.solar.urban.space","2011",0
"IEA6","space","households","heater.solar.urban.space","2015",0
"IEA6","space","households","heater.solar.urban.space","2020",0
"IEA6","space","households","heater.solar.urban.space","2025",0
"IEA6","space","households","heater.solar.urban.space","2030",0
"IEA6","space","households","heater.solar.urban.space","2035",0
"IEA6","space","households","heater.solar.urban.space","2040",0
"IEA6","space","households","heater.solar.urban.space","2045",0
"IEA6","space","households","heater.solar.urban.space","2050",0
"IEA6","space","households","heater.microchp.urban.space","2011",27223970.23
"IEA6","space","households","heater.microchp.urban.space","2015",30323611.97
"IEA6","space","households","heater.microchp.urban.space","2020",34001828.98
"IEA6","space","households","heater.microchp.urban.space","2025",37819002.88
"IEA6","space","households","heater.microchp.urban.space","2030",41688480.13
"IEA6","space","households","heater.microchp.urban.space","2035",45429850.73
"IEA6","space","households","heater.microchp.urban.space","2040",49198892.41
"IEA6","space","households","heater.microchp.urban.space","2045",52806853
"IEA6","space","households","heater.microchp.urban.space","2050",56471266.66
"IEA6","space","households","heater.districtheating.urban.space","2011",231403746.9
"IEA6","space","households","heater.districtheating.urban.space","2015",257750701.7
"IEA6","space","households","heater.districtheating.urban.space","2020",289015546.4
"IEA6","space","households","heater.districtheating.urban.space","2025",321461524.5
"IEA6","space","households","heater.districtheating.urban.space","2030",354352081.1
"IEA6","space","households","heater.districtheating.urban.space","2035",386153731.2
"IEA6","space","households","heater.districtheating.urban.space","2040",418190585.5
"IEA6","space","households","heater.districtheating.urban.space","2045",448858250.5
"IEA6","space","households","heater.districtheating.urban.space","2050",480005766.6
"IEA6","space","households","heater.solid.boiler.rural.space","2011",348636617.8
"IEA6","space","households","heater.solid.boiler.rural.space","2015",358022717.2
"IEA6","space","households","heater.solid.boiler.rural.space","2020",361435634.6
"IEA6","space","households","heater.solid.boiler.rural.space","2025",365261682.3
"IEA6","space","households","heater.solid.boiler.rural.space","2030",367559172.9
"IEA6","space","households","heater.solid.boiler.rural.space","2035",366974233.8
"IEA6","space","households","heater.solid.boiler.rural.space","2040",365008225.5
"IEA6","space","households","heater.solid.boiler.rural.space","2045",360382122.7
"IEA6","space","households","heater.solid.boiler.rural.space","2050",353127225.5
"IEA6","space","households","heater.liquid.boiler.rural.space","2011",68026657.13
"IEA6","space","households","heater.liquid.boiler.rural.space","2015",71528124.5
"IEA6","space","households","heater.liquid.boiler.rural.space","2020",74434269.3
"IEA6","space","households","heater.liquid.boiler.rural.space","2025",77612925
"IEA6","space","households","heater.liquid.boiler.rural.space","2030",80664803.24
"IEA6","space","households","heater.liquid.boiler.rural.space","2035",83269789.77
"IEA6","space","households","heater.liquid.boiler.rural.space","2040",85733425.1
"IEA6","space","households","heater.liquid.boiler.rural.space","2045",87728912.05
"IEA6","space","households","heater.liquid.boiler.rural.space","2050",89211088.56
"IEA6","space","households","heater.gas.boiler.rural.space","2011",141722202.4
"IEA6","space","households","heater.gas.boiler.rural.space","2015",149016926
"IEA6","space","households","heater.gas.boiler.rural.space","2020",155071394.4
"IEA6","space","households","heater.gas.boiler.rural.space","2025",161693593.8
"IEA6","space","households","heater.gas.boiler.rural.space","2030",168051673.4
"IEA6","space","households","heater.gas.boiler.rural.space","2035",173478728.7
"IEA6","space","households","heater.gas.boiler.rural.space","2040",178611302.3
"IEA6","space","households","heater.gas.boiler.rural.space","2045",182768566.8
"IEA6","space","households","heater.gas.boiler.rural.space","2050",185856434.5
"IEA6","space","households","heater.heatpump.rural.space","2011",2834444.047
"IEA6","space","households","heater.heatpump.rural.space","2015",2980338.521
"IEA6","space","households","heater.heatpump.rural.space","2020",3101427.888
"IEA6","space","households","heater.heatpump.rural.space","2025",3233871.875
"IEA6","space","households","heater.heatpump.rural.space","2030",3361033.468
"IEA6","space","households","heater.heatpump.rural.space","2035",3469574.574
"IEA6","space","households","heater.heatpump.rural.space","2040",3572226.046
"IEA6","space","households","heater.heatpump.rural.space","2045",3655371.336
"IEA6","space","households","heater.heatpump.rural.space","2050",3717128.69
"IEA6","space","households","heater.electricity.rural.space","2011",5668888.094
"IEA6","space","households","heater.electricity.rural.space","2015",14519597.92
"IEA6","space","households","heater.electricity.rural.space","2020",26242851.36
"IEA6","space","households","heater.electricity.rural.space","2025",38972302.08
"IEA6","space","households","heater.electricity.rural.space","2030",52570010.66
"IEA6","space","households","heater.electricity.rural.space","2035",66722587.96
"IEA6","space","households","heater.electricity.rural.space","2040",81520030.28
"IEA6","space","households","heater.electricity.rural.space","2045",96539294.25
"IEA6","space","households","heater.electricity.rural.space","2050",111513860.7
"IEA6","space","households","heater.solar.rural.space","2011",0
"IEA6","space","households","heater.solar.rural.space","2015",0
"IEA6","space","households","heater.solar.rural.space","2020",0
"IEA6","space","households","heater.solar.rural.space","2025",0
"IEA6","space","households","heater.solar.rural.space","2030",0
"IEA6","space","households","heater.solar.rural.space","2035",0
"IEA6","space","households","heater.solar.rural.space","2040",0
"IEA6","space","households","heater.solar.rural.space","2045",0
"IEA6","space","households","heater.solar.rural.space","2050",0
"IEA6","space","households","heater.microchp.rural.space","2011",0
"IEA6","space","households","heater.microchp.rural.space","2015",0
"IEA6","space","households","heater.microchp.rural.space","2020",0
"IEA6","space","households","heater.microchp.rural.space","2025",0
"IEA6","space","households","heater.microchp.rural.space","2030",0
"IEA6","space","households","heater.microchp.rural.space","2035",0
"IEA6","space","households","heater.microchp.rural.space","2040",0
"IEA6","space","households","heater.microchp.rural.space","2045",0
"IEA6","space","households","heater.microchp.rural.space","2050",0
"IEA6","space","households","heater.districtheating.rural.space","2011",0
"IEA6","space","households","heater.districtheating.rural.space","2015",0
"IEA6","space","households","heater.districtheating.rural.space","2020",0
"IEA6","space","households","heater.districtheating.rural.space","2025",0
"IEA6","space","households","heater.districtheating.rural.space","2030",0
"IEA6","space","households","heater.districtheating.rural.space","2035",0
"IEA6","space","households","heater.districtheating.rural.space","2040",0
"IEA6","space","households","heater.districtheating.rural.space","2045",0
"IEA6","space","households","heater.districtheating.rural.space","2050",0
"IEA6","cool","demand_TWh","cooling.airconditioners.urban","2011",721.2556226
"IEA6","cool","demand_TWh","cooling.airconditioners.urban","2015",892.1009059
"IEA6","cool","demand_TWh","cooling.airconditioners.urban","2020",1114.480723
"IEA6","cool","demand_TWh","cooling.airconditioners.urban","2025",1354.863875
"IEA6","cool","demand_TWh","cooling.airconditioners.urban","2030",1607.107441
"IEA6","cool","demand_TWh","cooling.airconditioners.urban","2035",1859.952117
"IEA6","cool","demand_TWh","cooling.airconditioners.urban","2040",2114.835858
"IEA6","cool","demand_TWh","cooling.airconditioners.urban","2045",2358.966952
"IEA6","cool","demand_TWh","cooling.airconditioners.urban","2050",2597.031473
"IEA6","cool","demand_TWh","cooling.chillers.urban","2011",0
"IEA6","cool","demand_TWh","cooling.chillers.urban","2015",1.84318369
"IEA6","cool","demand_TWh","cooling.chillers.urban","2020",5.228212931
"IEA6","cool","demand_TWh","cooling.chillers.urban","2025",9.977955943
"IEA6","cool","demand_TWh","cooling.chillers.urban","2030",16.21186163
"IEA6","cool","demand_TWh","cooling.chillers.urban","2035",23.92221372
"IEA6","cool","demand_TWh","cooling.chillers.urban","2040",33.17838241
"IEA6","cool","demand_TWh","cooling.chillers.urban","2045",43.80386476
"IEA6","cool","demand_TWh","cooling.chillers.urban","2050",55.8501392
"IEA6","cool","demand_TWh","cooling.solarcooling.urban","2011",0
"IEA6","cool","demand_TWh","cooling.solarcooling.urban","2015",4.607959224
"IEA6","cool","demand_TWh","cooling.solarcooling.urban","2020",13.07053233
"IEA6","cool","demand_TWh","cooling.solarcooling.urban","2025",24.94488986
"IEA6","cool","demand_TWh","cooling.solarcooling.urban","2030",40.52965407
"IEA6","cool","demand_TWh","cooling.solarcooling.urban","2035",59.8055343
"IEA6","cool","demand_TWh","cooling.solarcooling.urban","2040",82.94595602
"IEA6","cool","demand_TWh","cooling.solarcooling.urban","2045",109.5096619
"IEA6","cool","demand_TWh","cooling.solarcooling.urban","2050",139.625348
"IEA6","cool","demand_TWh","cooling.airconditioners.rural","2011",28.31182396
"IEA6","cool","demand_TWh","cooling.airconditioners.rural","2015",50.2914435
"IEA6","cool","demand_TWh","cooling.airconditioners.rural","2020",82.92589914
"IEA6","cool","demand_TWh","cooling.airconditioners.rural","2025",118.7422575
"IEA6","cool","demand_TWh","cooling.airconditioners.rural","2030",156.7091679
"IEA6","cool","demand_TWh","cooling.airconditioners.rural","2035",195.2067542
"IEA6","cool","demand_TWh","cooling.airconditioners.rural","2040",233.721469
"IEA6","cool","demand_TWh","cooling.airconditioners.rural","2045",270.177967
"IEA6","cool","demand_TWh","cooling.airconditioners.rural","2050",302.967751
"IEA6","cool","demand_TWh","cooling.chillers.rural","2011",0
"IEA6","cool","demand_TWh","cooling.chillers.rural","2015",0.103907941
"IEA6","cool","demand_TWh","cooling.chillers.rural","2020",0.389019073
"IEA6","cool","demand_TWh","cooling.chillers.rural","2025",0.874482696
"IEA6","cool","demand_TWh","cooling.chillers.rural","2030",1.580819852
"IEA6","cool","demand_TWh","cooling.chillers.rural","2035",2.510697803
"IEA6","cool","demand_TWh","cooling.chillers.rural","2040",3.666714959
"IEA6","cool","demand_TWh","cooling.chillers.rural","2045",5.016958427
"IEA6","cool","demand_TWh","cooling.chillers.rural","2050",6.515435505
"IEA6","cool","demand_TWh","cooling.solarcooling.rural","2011",0
"IEA6","cool","demand_TWh","cooling.solarcooling.rural","2015",0.259769853
"IEA6","cool","demand_TWh","cooling.solarcooling.rural","2020",0.972547683
"IEA6","cool","demand_TWh","cooling.solarcooling.rural","2025",2.18620674
"IEA6","cool","demand_TWh","cooling.solarcooling.rural","2030",3.952049629
"IEA6","cool","demand_TWh","cooling.solarcooling.rural","2035",6.276744508
"IEA6","cool","demand_TWh","cooling.solarcooling.rural","2040",9.166787398
"IEA6","cool","demand_TWh","cooling.solarcooling.rural","2045",12.54239607
"IEA6","cool","demand_TWh","cooling.solarcooling.rural","2050",16.28858876
"IEA6","cool","energy_demand_TWh","cooling.airconditioners.urban","2011",-360.6278113
"IEA6","cool","energy_demand_TWh","cooling.airconditioners.urban","2015",-446.0504529
"IEA6","cool","energy_demand_TWh","cooling.airconditioners.urban","2020",-557.2403616
"IEA6","cool","energy_demand_TWh","cooling.airconditioners.urban","2025",-677.4319374
"IEA6","cool","energy_demand_TWh","cooling.airconditioners.urban","2030",-803.5537203
"IEA6","cool","energy_demand_TWh","cooling.airconditioners.urban","2035",-929.9760583
"IEA6","cool","energy_demand_TWh","cooling.airconditioners.urban","2040",-1057.417929
"IEA6","cool","energy_demand_TWh","cooling.airconditioners.urban","2045",-1179.483476
"IEA6","cool","energy_demand_TWh","cooling.airconditioners.urban","2050",-1298.515736
"IEA6","cool","energy_demand_TWh","cooling.chillers.urban","2011",0
"IEA6","cool","energy_demand_TWh","cooling.chillers.urban","2015",-1.023990939
"IEA6","cool","energy_demand_TWh","cooling.chillers.urban","2020",-2.904562739
"IEA6","cool","energy_demand_TWh","cooling.chillers.urban","2025",-5.543308857
"IEA6","cool","energy_demand_TWh","cooling.chillers.urban","2030",-9.006589792
"IEA6","cool","energy_demand_TWh","cooling.chillers.urban","2035",-13.29011873
"IEA6","cool","energy_demand_TWh","cooling.chillers.urban","2040",-18.43243467
"IEA6","cool","energy_demand_TWh","cooling.chillers.urban","2045",-24.33548042
"IEA6","cool","energy_demand_TWh","cooling.chillers.urban","2050",-31.02785511
"IEA6","cool","energy_demand_TWh","cooling.solarcooling.urban","2011",0
"IEA6","cool","energy_demand_TWh","cooling.solarcooling.urban","2015",-4.607959224
"IEA6","cool","energy_demand_TWh","cooling.solarcooling.urban","2020",-13.07053233
"IEA6","cool","energy_demand_TWh","cooling.solarcooling.urban","2025",-24.94488986
"IEA6","cool","energy_demand_TWh","cooling.solarcooling.urban","2030",-40.52965407
"IEA6","cool","energy_demand_TWh","cooling.solarcooling.urban","2035",-59.8055343
"IEA6","cool","energy_demand_TWh","cooling.solarcooling.urban","2040",-82.94595602
"IEA6","cool","energy_demand_TWh","cooling.solarcooling.urban","2045",-109.5096619
"IEA6","cool","energy_demand_TWh","cooling.solarcooling.urban","2050",-139.625348
"IEA6","cool","energy_demand_TWh","cooling.airconditioners.rural","2011",-14.15591198
"IEA6","cool","energy_demand_TWh","cooling.airconditioners.rural","2015",-25.14572175
"IEA6","cool","energy_demand_TWh","cooling.airconditioners.rural","2020",-41.46294957
"IEA6","cool","energy_demand_TWh","cooling.airconditioners.rural","2025",-59.37112876
"IEA6","cool","energy_demand_TWh","cooling.airconditioners.rural","2030",-78.35458396
"IEA6","cool","energy_demand_TWh","cooling.airconditioners.rural","2035",-97.6033771
"IEA6","cool","energy_demand_TWh","cooling.airconditioners.rural","2040",-116.8607345
"IEA6","cool","energy_demand_TWh","cooling.airconditioners.rural","2045",-135.0889835
"IEA6","cool","energy_demand_TWh","cooling.airconditioners.rural","2050",-151.4838755
"IEA6","cool","energy_demand_TWh","cooling.chillers.rural","2011",0
"IEA6","cool","energy_demand_TWh","cooling.chillers.rural","2015",-0.057726634
"IEA6","cool","energy_demand_TWh","cooling.chillers.rural","2020",-0.216121707
"IEA6","cool","energy_demand_TWh","cooling.chillers.rural","2025",-0.48582372
"IEA6","cool","energy_demand_TWh","cooling.chillers.rural","2030",-0.878233251
"IEA6","cool","energy_demand_TWh","cooling.chillers.rural","2035",-1.394832113
"IEA6","cool","energy_demand_TWh","cooling.chillers.rural","2040",-2.037063866
"IEA6","cool","energy_demand_TWh","cooling.chillers.rural","2045",-2.787199126
"IEA6","cool","energy_demand_TWh","cooling.chillers.rural","2050",-3.619686392
"IEA6","cool","energy_demand_TWh","cooling.solarcooling.rural","2011",0
"IEA6","cool","energy_demand_TWh","cooling.solarcooling.rural","2015",-0.259769853
"IEA6","cool","energy_demand_TWh","cooling.solarcooling.rural","2020",-0.972547683
"IEA6","cool","energy_demand_TWh","cooling.solarcooling.rural","2025",-2.18620674
"IEA6","cool","energy_demand_TWh","cooling.solarcooling.rural","2030",-3.952049629
"IEA6","cool","energy_demand_TWh","cooling.solarcooling.rural","2035",-6.276744508
"IEA6","cool","energy_demand_TWh","cooling.solarcooling.rural","2040",-9.166787398
"IEA6","cool","energy_demand_TWh","cooling.solarcooling.rural","2045",-12.54239607
"IEA6","cool","energy_demand_TWh","cooling.solarcooling.rural","2050",-16.28858876
"IEA6","cool","households","cooling.airconditioners.urban","2011",1361198511
"IEA6","cool","households","cooling.airconditioners.urban","2015",1505295199
"IEA6","cool","households","cooling.airconditioners.urban","2020",1672628433
"IEA6","cool","households","cooling.airconditioners.urban","2025",1843433961
"IEA6","cool","households","cooling.airconditioners.urban","2030",2013339803
"IEA6","cool","households","cooling.airconditioners.urban","2035",2173643627
"IEA6","cool","households","cooling.airconditioners.urban","2040",2331901349
"IEA6","cool","households","cooling.airconditioners.urban","2045",2479214047
"IEA6","cool","households","cooling.airconditioners.urban","2050",2625913900
"IEA6","cool","households","cooling.chillers.urban","2011",0
"IEA6","cool","households","cooling.chillers.urban","2015",3110114.048
"IEA6","cool","households","cooling.chillers.urban","2020",7846575.919
"IEA6","cool","households","cooling.chillers.urban","2025",13576052.32
"IEA6","cool","households","cooling.chillers.urban","2030",20309772.37
"IEA6","cool","households","cooling.chillers.urban","2035",27956831.22
"IEA6","cool","households","cooling.chillers.urban","2040",36583791.8
"IEA6","cool","households","cooling.chillers.urban","2045",46036743.64
"IEA6","cool","households","cooling.chillers.urban","2050",56471266.66
"IEA6","cool","households","cooling.solarcooling.urban","2011",0
"IEA6","cool","households","cooling.solarcooling.urban","2015",7775285.12
"IEA6","cool","households","cooling.solarcooling.urban","2020",19616439.8
"IEA6","cool","households","cooling.solarcooling.urban","2025",33940130.79
"IEA6","cool","households","cooling.solarcooling.urban","2030",50774430.92
"IEA6","cool","households","cooling.solarcooling.urban","2035",69892078.05
"IEA6","cool","households","cooling.solarcooling.urban","2040",91459479.49
"IEA6","cool","households","cooling.solarcooling.urban","2045",115091859.1
"IEA6","cool","households","cooling.solarcooling.urban","2050",141178166.7
"IEA6","cool","households","cooling.airconditioners.rural","2011",566888809.4
"IEA6","cool","households","cooling.airconditioners.rural","2015",591788243.8
"IEA6","cool","households","cooling.airconditioners.rural","2020",610265579.7
"IEA6","cool","households","cooling.airconditioners.rural","2025",630522095.9
"IEA6","cool","households","cooling.airconditioners.rural","2030",649282721.8
"IEA6","cool","households","cooling.airconditioners.rural","2035",664023195.4
"IEA6","cool","households","cooling.airconditioners.rural","2040",677257420.1
"IEA6","cool","households","cooling.airconditioners.rural","2045",686459991.3
"IEA6","cool","households","cooling.airconditioners.rural","2050",691385936.3
"IEA6","cool","households","cooling.chillers.rural","2011",0
"IEA6","cool","households","cooling.chillers.rural","2015",1222702.983
"IEA6","cool","households","cooling.chillers.rural","2020",2862856.512
"IEA6","cool","households","cooling.chillers.rural","2025",4643508.334
"IEA6","cool","households","cooling.chillers.rural","2030",6549706.246
"IEA6","cool","households","cooling.chillers.rural","2035",8540491.259
"IEA6","cool","households","cooling.chillers.rural","2040",10625082.6
"IEA6","cool","households","cooling.chillers.rural","2045",12746935.94
"IEA6","cool","households","cooling.chillers.rural","2050",14868514.76
"IEA6","cool","households","cooling.solarcooling.rural","2011",0
"IEA6","cool","households","cooling.solarcooling.rural","2015",3056757.457
"IEA6","cool","households","cooling.solarcooling.rural","2020",7157141.279
"IEA6","cool","households","cooling.solarcooling.rural","2025",11608770.83
"IEA6","cool","households","cooling.solarcooling.rural","2030",16374265.61
"IEA6","cool","households","cooling.solarcooling.rural","2035",21351228.15
"IEA6","cool","households","cooling.solarcooling.rural","2040",26562706.5
"IEA6","cool","households","cooling.solarcooling.rural","2045",31867339.85
"IEA6","cool","households","cooling.solarcooling.rural","2050",37171286.9
"IEA6","water","heat_demand_TWh","heater.solid.boiler.urban.water","2011",213.164963
"IEA6","water","heat_demand_TWh","heater.solid.boiler.urban.water","2015",234.5130225
"IEA6","water","heat_demand_TWh","heater.solid.boiler.urban.water","2020",258.1236187
"IEA6","water","heat_demand_TWh","heater.solid.boiler.urban.water","2025",281.749182
"IEA6","water","heat_demand_TWh","heater.solid.boiler.urban.water","2030",304.7052379
"IEA6","water","heat_demand_TWh","heater.solid.boiler.urban.water","2035",325.6843281
"IEA6","water","heat_demand_TWh","heater.solid.boiler.urban.water","2040",345.8430787
"IEA6","water","heat_demand_TWh","heater.solid.boiler.urban.water","2045",363.8770582
"IEA6","water","heat_demand_TWh","heater.solid.boiler.urban.water","2050",381.3297064
"IEA6","water","heat_demand_TWh","heater.liquid.boiler.urban.water","2011",304.5213757
"IEA6","water","heat_demand_TWh","heater.liquid.boiler.urban.water","2015",335.0186036
"IEA6","water","heat_demand_TWh","heater.liquid.boiler.urban.water","2020",368.7480267
"IEA6","water","heat_demand_TWh","heater.liquid.boiler.urban.water","2025",402.4988315
"IEA6","water","heat_demand_TWh","heater.liquid.boiler.urban.water","2030",435.2931971
"IEA6","water","heat_demand_TWh","heater.liquid.boiler.urban.water","2035",465.2633259
"IEA6","water","heat_demand_TWh","heater.liquid.boiler.urban.water","2040",494.061541
"IEA6","water","heat_demand_TWh","heater.liquid.boiler.urban.water","2045",519.8243688
"IEA6","water","heat_demand_TWh","heater.liquid.boiler.urban.water","2050",544.7567234
"IEA6","water","heat_demand_TWh","heater.gas.boiler.urban.water","2011",1157.181228
"IEA6","water","heat_demand_TWh","heater.gas.boiler.urban.water","2015",1273.070693
"IEA6","water","heat_demand_TWh","heater.gas.boiler.urban.water","2020",1401.242501
"IEA6","water","heat_demand_TWh","heater.gas.boiler.urban.water","2025",1529.49556
"IEA6","water","heat_demand_TWh","heater.gas.boiler.urban.water","2030",1654.114149
"IEA6","water","heat_demand_TWh","heater.gas.boiler.urban.water","2035",1768.000638
"IEA6","water","heat_demand_TWh","heater.gas.boiler.urban.water","2040",1877.433856
"IEA6","water","heat_demand_TWh","heater.gas.boiler.urban.water","2045",1975.332602
"IEA6","water","heat_demand_TWh","heater.gas.boiler.urban.water","2050",2070.075549
"IEA6","water","heat_demand_TWh","heater.heatpump.urban.water","2011",609.0427514
"IEA6","water","heat_demand_TWh","heater.heatpump.urban.water","2015",670.0372071
"IEA6","water","heat_demand_TWh","heater.heatpump.urban.water","2020",737.4960534
"IEA6","water","heat_demand_TWh","heater.heatpump.urban.water","2025",804.9976629
"IEA6","water","heat_demand_TWh","heater.heatpump.urban.water","2030",870.5863941
"IEA6","water","heat_demand_TWh","heater.heatpump.urban.water","2035",930.5266518
"IEA6","water","heat_demand_TWh","heater.heatpump.urban.water","2040",988.123082
"IEA6","water","heat_demand_TWh","heater.heatpump.urban.water","2045",1039.648738
"IEA6","water","heat_demand_TWh","heater.heatpump.urban.water","2050",1089.513447
"IEA6","water","heat_demand_TWh","heater.electricity.urban.water","2011",304.5213757
"IEA6","water","heat_demand_TWh","heater.electricity.urban.water","2015",335.0186036
"IEA6","water","heat_demand_TWh","heater.electricity.urban.water","2020",368.7480267
"IEA6","water","heat_demand_TWh","heater.electricity.urban.water","2025",402.4988315
"IEA6","water","heat_demand_TWh","heater.electricity.urban.water","2030",435.2931971
"IEA6","water","heat_demand_TWh","heater.electricity.urban.water","2035",465.2633259
"IEA6","water","heat_demand_TWh","heater.electricity.urban.water","2040",494.061541
"IEA6","water","heat_demand_TWh","heater.electricity.urban.water","2045",519.8243688
"IEA6","water","heat_demand_TWh","heater.electricity.urban.water","2050",544.7567234
"IEA6","water","heat_demand_TWh","heater.solar.urban.water","2011",91.35641271
"IEA6","water","heat_demand_TWh","heater.solar.urban.water","2015",100.5055811
"IEA6","water","heat_demand_TWh","heater.solar.urban.water","2020",110.624408
"IEA6","water","heat_demand_TWh","heater.solar.urban.water","2025",120.7496494
"IEA6","water","heat_demand_TWh","heater.solar.urban.water","2030",130.5879591
"IEA6","water","heat_demand_TWh","heater.solar.urban.water","2035",139.5789978
"IEA6","water","heat_demand_TWh","heater.solar.urban.water","2040",148.2184623
"IEA6","water","heat_demand_TWh","heater.solar.urban.water","2045",155.9473106
"IEA6","water","heat_demand_TWh","heater.solar.urban.water","2050",163.427017
"IEA6","water","heat_demand_TWh","heater.microchp.urban.water","2011",0
"IEA6","water","heat_demand_TWh","heater.microchp.urban.water","2015",0
"IEA6","water","heat_demand_TWh","heater.microchp.urban.water","2020",0
"IEA6","water","heat_demand_TWh","heater.microchp.urban.water","2025",0
"IEA6","water","heat_demand_TWh","heater.microchp.urban.water","2030",0
"IEA6","water","heat_demand_TWh","heater.microchp.urban.water","2035",0
"IEA6","water","heat_demand_TWh","heater.microchp.urban.water","2040",0
"IEA6","water","heat_demand_TWh","heater.microchp.urban.water","2045",0
"IEA6","water","heat_demand_TWh","heater.microchp.urban.water","2050",0
"IEA6","water","heat_demand_TWh","heater.districtheating.urban.water","2011",365.4256508
"IEA6","water","heat_demand_TWh","heater.districtheating.urban.water","2015",402.0223243
"IEA6","water","heat_demand_TWh","heater.districtheating.urban.water","2020",442.497632
"IEA6","water","heat_demand_TWh","heater.districtheating.urban.water","2025",482.9985977
"IEA6","water","heat_demand_TWh","heater.districtheating.urban.water","2030",522.3518365
"IEA6","water","heat_demand_TWh","heater.districtheating.urban.water","2035",558.3159911
"IEA6","water","heat_demand_TWh","heater.districtheating.urban.water","2040",592.8738492
"IEA6","water","heat_demand_TWh","heater.districtheating.urban.water","2045",623.7892426
"IEA6","water","heat_demand_TWh","heater.districtheating.urban.water","2050",653.708068
"IEA6","water","heat_demand_TWh","heater.solid.boiler.rural.water","2011",882.6803148
"IEA6","water","heat_demand_TWh","heater.solid.boiler.rural.water","2015",930.5997629
"IEA6","water","heat_demand_TWh","heater.solid.boiler.rural.water","2020",969.5157268
"IEA6","water","heat_demand_TWh","heater.solid.boiler.rural.water","2025",1011.217986
"IEA6","water","heat_demand_TWh","heater.solid.boiler.rural.water","2030",1050.419705
"IEA6","water","heat_demand_TWh","heater.solid.boiler.rural.water","2035",1082.876442
"IEA6","water","heat_demand_TWh","heater.solid.boiler.rural.water","2040",1112.508641
"IEA6","water","heat_demand_TWh","heater.solid.boiler.rural.water","2045",1135.038433
"IEA6","water","heat_demand_TWh","heater.solid.boiler.rural.water","2050",1149.891872
"IEA6","water","heat_demand_TWh","heater.liquid.boiler.rural.water","2011",50.72875372
"IEA6","water","heat_demand_TWh","heater.liquid.boiler.rural.water","2015",53.73614266
"IEA6","water","heat_demand_TWh","heater.liquid.boiler.rural.water","2020",56.31682059
"IEA6","water","heat_demand_TWh","heater.liquid.boiler.rural.water","2025",59.09125178
"IEA6","water","heat_demand_TWh","heater.liquid.boiler.rural.water","2030",61.75213821
"IEA6","water","heat_demand_TWh","heater.liquid.boiler.rural.water","2035",64.04637739
"IEA6","water","heat_demand_TWh","heater.liquid.boiler.rural.water","2040",66.20054473
"IEA6","water","heat_demand_TWh","heater.liquid.boiler.rural.water","2045",67.95593931
"IEA6","water","heat_demand_TWh","heater.liquid.boiler.rural.water","2050",69.27059468
"IEA6","water","heat_demand_TWh","heater.gas.boiler.rural.water","2011",10.14575074
"IEA6","water","heat_demand_TWh","heater.gas.boiler.rural.water","2015",10.74722853
"IEA6","water","heat_demand_TWh","heater.gas.boiler.rural.water","2020",11.26336412
"IEA6","water","heat_demand_TWh","heater.gas.boiler.rural.water","2025",11.81825036
"IEA6","water","heat_demand_TWh","heater.gas.boiler.rural.water","2030",12.35042764
"IEA6","water","heat_demand_TWh","heater.gas.boiler.rural.water","2035",12.80927548
"IEA6","water","heat_demand_TWh","heater.gas.boiler.rural.water","2040",13.24010895
"IEA6","water","heat_demand_TWh","heater.gas.boiler.rural.water","2045",13.59118786
"IEA6","water","heat_demand_TWh","heater.gas.boiler.rural.water","2050",13.85411894
"IEA6","water","heat_demand_TWh","heater.heatpump.rural.water","2011",0
"IEA6","water","heat_demand_TWh","heater.heatpump.rural.water","2015",0
"IEA6","water","heat_demand_TWh","heater.heatpump.rural.water","2020",0
"IEA6","water","heat_demand_TWh","heater.heatpump.rural.water","2025",0
"IEA6","water","heat_demand_TWh","heater.heatpump.rural.water","2030",0
"IEA6","water","heat_demand_TWh","heater.heatpump.rural.water","2035",0
"IEA6","water","heat_demand_TWh","heater.heatpump.rural.water","2040",0
"IEA6","water","heat_demand_TWh","heater.heatpump.rural.water","2045",0
"IEA6","water","heat_demand_TWh","heater.heatpump.rural.water","2050",0
"IEA6","water","heat_demand_TWh","heater.electricity.rural.water","2011",20.29150149
"IEA6","water","heat_demand_TWh","heater.electricity.rural.water","2015",25.90357646
"IEA6","water","heat_demand_TWh","heater.electricity.rural.water","2020",32.92367973
"IEA6","water","heat_demand_TWh","heater.electricity.rural.water","2025",40.60629609
"IEA6","water","heat_demand_TWh","heater.electricity.rural.water","2030",48.7683553
"IEA6","water","heat_demand_TWh","heater.electricity.rural.water","2035",57.14907521
"IEA6","water","heat_demand_TWh","heater.electricity.rural.water","2040",65.86105476
"IEA6","water","heat_demand_TWh","heater.electricity.rural.water","2045",74.57728725
"IEA6","water","heat_demand_TWh","heater.electricity.rural.water","2050",83.12471361
"IEA6","water","heat_demand_TWh","heater.solar.rural.water","2011",50.72875372
"IEA6","water","heat_demand_TWh","heater.solar.rural.water","2015",53.73614266
"IEA6","water","heat_demand_TWh","heater.solar.rural.water","2020",56.31682059
"IEA6","water","heat_demand_TWh","heater.solar.rural.water","2025",59.09125178
"IEA6","water","heat_demand_TWh","heater.solar.rural.water","2030",61.75213821
"IEA6","water","heat_demand_TWh","heater.solar.rural.water","2035",64.04637739
"IEA6","water","heat_demand_TWh","heater.solar.rural.water","2040",66.20054473
"IEA6","water","heat_demand_TWh","heater.solar.rural.water","2045",67.95593931
"IEA6","water","heat_demand_TWh","heater.solar.rural.water","2050",69.27059468
"IEA6","water","heat_demand_TWh","heater.microchp.rural.water","2011",0
"IEA6","water","heat_demand_TWh","heater.microchp.rural.water","2015",0
"IEA6","water","heat_demand_TWh","heater.microchp.rural.water","2020",0
"IEA6","water","heat_demand_TWh","heater.microchp.rural.water","2025",0
"IEA6","water","heat_demand_TWh","heater.microchp.rural.water","2030",0
"IEA6","water","heat_demand_TWh","heater.microchp.rural.water","2035",0
"IEA6","water","heat_demand_TWh","heater.microchp.rural.water","2040",0
"IEA6","water","heat_demand_TWh","heater.microchp.rural.water","2045",0
"IEA6","water","heat_demand_TWh","heater.microchp.rural.water","2050",0
"IEA6","water","heat_demand_TWh","heater.districtheating.rural.water","2011",0
"IEA6","water","heat_demand_TWh","heater.districtheating.rural.water","2015",0
"IEA6","water","heat_demand_TWh","heater.districtheating.rural.water","2020",0
"IEA6","water","heat_demand_TWh","heater.districtheating.rural.water","2025",0
"IEA6","water","heat_demand_TWh","heater.districtheating.rural.water","2030",0
"IEA6","water","heat_demand_TWh","heater.districtheating.rural.water","2035",0
"IEA6","water","heat_demand_TWh","heater.districtheating.rural.water","2040",0
"IEA6","water","heat_demand_TWh","heater.districtheating.rural.water","2045",0
"IEA6","water","heat_demand_TWh","heater.districtheating.rural.water","2050",0
"IEA6","water","energy_demand_TWh","heater.solid.boiler.urban.water","2011",-387.57266
"IEA6","water","energy_demand_TWh","heater.solid.boiler.urban.water","2015",-430.4003707
"IEA6","water","energy_demand_TWh","heater.solid.boiler.urban.water","2020",-479.3724347
"IEA6","water","energy_demand_TWh","heater.solid.boiler.urban.water","2025",-529.5526795
"IEA6","water","energy_demand_TWh","heater.solid.boiler.urban.water","2030",-579.6831356
"IEA6","water","energy_demand_TWh","heater.solid.boiler.urban.water","2035",-627.2438912
"IEA6","water","energy_demand_TWh","heater.solid.boiler.urban.water","2040",-674.3940035
"IEA6","water","energy_demand_TWh","heater.solid.boiler.urban.water","2045",-718.5420389
"IEA6","water","energy_demand_TWh","heater.solid.boiler.urban.water","2050",-762.6594127
"IEA6","water","energy_demand_TWh","heater.liquid.boiler.urban.water","2011",-507.5356262
"IEA6","water","energy_demand_TWh","heater.liquid.boiler.urban.water","2015",-544.4052308
"IEA6","water","energy_demand_TWh","heater.liquid.boiler.urban.water","2020",-581.0574966
"IEA6","water","energy_demand_TWh","heater.liquid.boiler.urban.water","2025",-615.5864481
"IEA6","water","energy_demand_TWh","heater.liquid.boiler.urban.water","2030",-646.7213213
"IEA6","water","energy_demand_TWh","heater.liquid.boiler.urban.water","2035",-672.0470263
"IEA6","water","energy_demand_TWh","heater.liquid.boiler.urban.water","2040",-694.3567604
"IEA6","water","energy_demand_TWh","heater.liquid.boiler.urban.water","2045",-711.33861
"IEA6","water","energy_demand_TWh","heater.liquid.boiler.urban.water","2050",-726.3422978
"IEA6","water","energy_demand_TWh","heater.gas.boiler.urban.water","2011",-1483.565676
"IEA6","water","energy_demand_TWh","heater.gas.boiler.urban.water","2015",-1627.860887
"IEA6","water","energy_demand_TWh","heater.gas.boiler.urban.water","2020",-1785.897306
"IEA6","water","energy_demand_TWh","heater.gas.boiler.urban.water","2025",-1943.007388
"IEA6","water","energy_demand_TWh","heater.gas.boiler.urban.water","2030",-2094.495188
"IEA6","water","energy_demand_TWh","heater.gas.boiler.urban.water","2035",-2231.457116
"IEA6","water","energy_demand_TWh","heater.gas.boiler.urban.water","2040",-2361.932915
"IEA6","water","energy_demand_TWh","heater.gas.boiler.urban.water","2045",-2477.105192
"IEA6","water","energy_demand_TWh","heater.gas.boiler.urban.water","2050",-2587.594436
"IEA6","water","energy_demand_TWh","heater.heatpump.urban.water","2011",-304.5213757
"IEA6","water","energy_demand_TWh","heater.heatpump.urban.water","2015",-335.0186036
"IEA6","water","energy_demand_TWh","heater.heatpump.urban.water","2020",-368.7480267
"IEA6","water","energy_demand_TWh","heater.heatpump.urban.water","2025",-402.4988315
"IEA6","water","energy_demand_TWh","heater.heatpump.urban.water","2030",-435.2931971
"IEA6","water","energy_demand_TWh","heater.heatpump.urban.water","2035",-465.2633259
"IEA6","water","energy_demand_TWh","heater.heatpump.urban.water","2040",-494.061541
"IEA6","water","energy_demand_TWh","heater.heatpump.urban.water","2045",-519.8243688
"IEA6","water","energy_demand_TWh","heater.heatpump.urban.water","2050",-544.7567234
"IEA6","water","energy_demand_TWh","heater.electricity.urban.water","2011",-304.5213757
"IEA6","water","energy_demand_TWh","heater.electricity.urban.water","2015",-335.0186036
"IEA6","water","energy_demand_TWh","heater.electricity.urban.water","2020",-368.7480267
"IEA6","water","energy_demand_TWh","heater.electricity.urban.water","2025",-402.4988315
"IEA6","water","energy_demand_TWh","heater.electricity.urban.water","2030",-435.2931971
"IEA6","water","energy_demand_TWh","heater.electricity.urban.water","2035",-465.2633259
"IEA6","water","energy_demand_TWh","heater.electricity.urban.water","2040",-494.061541
"IEA6","water","energy_demand_TWh","heater.electricity.urban.water","2045",-519.8243688
"IEA6","water","energy_demand_TWh","heater.electricity.urban.water","2050",-544.7567234
"IEA6","water","energy_demand_TWh","heater.solar.urban.water","2011",-228.3910318
"IEA6","water","energy_demand_TWh","heater.solar.urban.water","2015",-244.9823538
"IEA6","water","energy_demand_TWh","heater.solar.urban.water","2020",-261.4758735
"IEA6","water","energy_demand_TWh","heater.solar.urban.water","2025",-277.0139016
"IEA6","water","energy_demand_TWh","heater.solar.urban.water","2030",-291.0245946
"IEA6","water","energy_demand_TWh","heater.solar.urban.water","2035",-302.4211618
"IEA6","water","energy_demand_TWh","heater.solar.urban.water","2040",-312.4605422
"IEA6","water","energy_demand_TWh","heater.solar.urban.water","2045",-320.1023745
"IEA6","water","energy_demand_TWh","heater.solar.urban.water","2050",-326.854034
"IEA6","water","energy_demand_TWh","heater.microchp.urban.water","2011",0
"IEA6","water","energy_demand_TWh","heater.microchp.urban.water","2015",0
"IEA6","water","energy_demand_TWh","heater.microchp.urban.water","2020",0
"IEA6","water","energy_demand_TWh","heater.microchp.urban.water","2025",0
"IEA6","water","energy_demand_TWh","heater.microchp.urban.water","2030",0
"IEA6","water","energy_demand_TWh","heater.microchp.urban.water","2035",0
"IEA6","water","energy_demand_TWh","heater.microchp.urban.water","2040",0
"IEA6","water","energy_demand_TWh","heater.microchp.urban.water","2045",0
"IEA6","water","energy_demand_TWh","heater.microchp.urban.water","2050",0
"IEA6","water","energy_demand_TWh","heater.districtheating.urban.water","2011",-365.4256508
"IEA6","water","energy_demand_TWh","heater.districtheating.urban.water","2015",-402.0223243
"IEA6","water","energy_demand_TWh","heater.districtheating.urban.water","2020",-442.497632
"IEA6","water","energy_demand_TWh","heater.districtheating.urban.water","2025",-482.9985977
"IEA6","water","energy_demand_TWh","heater.districtheating.urban.water","2030",-522.3518365
"IEA6","water","energy_demand_TWh","heater.districtheating.urban.water","2035",-558.3159911
"IEA6","water","energy_demand_TWh","heater.districtheating.urban.water","2040",-592.8738492
"IEA6","water","energy_demand_TWh","heater.districtheating.urban.water","2045",-623.7892426
"IEA6","water","energy_demand_TWh","heater.districtheating.urban.water","2050",-653.708068
"IEA6","water","energy_demand_TWh","heater.solid.boiler.rural.water","2011",-1604.8733
"IEA6","water","energy_demand_TWh","heater.solid.boiler.rural.water","2015",-1707.924271
"IEA6","water","energy_demand_TWh","heater.solid.boiler.rural.water","2020",-1800.529207
"IEA6","water","energy_demand_TWh","heater.solid.boiler.rural.water","2025",-1900.602479
"IEA6","water","energy_demand_TWh","heater.solid.boiler.rural.water","2030",-1998.359438
"IEA6","water","energy_demand_TWh","heater.solid.boiler.rural.water","2035",-2085.539815
"IEA6","water","energy_demand_TWh","heater.solid.boiler.rural.water","2040",-2169.391851
"IEA6","water","energy_demand_TWh","heater.solid.boiler.rural.water","2045",-2241.341715
"IEA6","water","energy_demand_TWh","heater.solid.boiler.rural.water","2050",-2299.783743
"IEA6","water","energy_demand_TWh","heater.liquid.boiler.rural.water","2011",-84.54792287
"IEA6","water","energy_demand_TWh","heater.liquid.boiler.rural.water","2015",-87.32123182
"IEA6","water","energy_demand_TWh","heater.liquid.boiler.rural.water","2020",-88.74165669
"IEA6","water","energy_demand_TWh","heater.liquid.boiler.rural.water","2025",-90.37485566
"IEA6","water","energy_demand_TWh","heater.liquid.boiler.rural.water","2030",-91.74603391
"IEA6","water","energy_demand_TWh","heater.liquid.boiler.rural.water","2035",-92.51143401
"IEA6","water","energy_demand_TWh","heater.liquid.boiler.rural.water","2040",-93.0386034
"IEA6","water","energy_demand_TWh","heater.liquid.boiler.rural.water","2045",-92.99233801
"IEA6","water","energy_demand_TWh","heater.liquid.boiler.rural.water","2050",-92.3607929
"IEA6","water","energy_demand_TWh","heater.gas.boiler.rural.water","2011",-13.00737275
"IEA6","water","energy_demand_TWh","heater.gas.boiler.rural.water","2015",-13.74235779
"IEA6","water","energy_demand_TWh","heater.gas.boiler.rural.water","2020",-14.35526799
"IEA6","water","energy_demand_TWh","heater.gas.boiler.rural.water","2025",-15.0134125
"IEA6","water","energy_demand_TWh","heater.gas.boiler.rural.water","2030",-15.63852851
"IEA6","water","energy_demand_TWh","heater.gas.boiler.rural.water","2035",-16.16704672
"IEA6","water","energy_demand_TWh","heater.gas.boiler.rural.water","2040",-16.65691125
"IEA6","water","energy_demand_TWh","heater.gas.boiler.rural.water","2045",-17.04361179
"IEA6","water","energy_demand_TWh","heater.gas.boiler.rural.water","2050",-17.31764867
"IEA6","water","energy_demand_TWh","heater.heatpump.rural.water","2011",0
"IEA6","water","energy_demand_TWh","heater.heatpump.rural.water","2015",0
"IEA6","water","energy_demand_TWh","heater.heatpump.rural.water","2020",0
"IEA6","water","energy_demand_TWh","heater.heatpump.rural.water","2025",0
"IEA6","water","energy_demand_TWh","heater.heatpump.rural.water","2030",0
"IEA6","water","energy_demand_TWh","heater.heatpump.rural.water","2035",0
"IEA6","water","energy_demand_TWh","heater.heatpump.rural.water","2040",0
"IEA6","water","energy_demand_TWh","heater.heatpump.rural.water","2045",0
"IEA6","water","energy_demand_TWh","heater.heatpump.rural.water","2050",0
"IEA6","water","energy_demand_TWh","heater.electricity.rural.water","2011",-20.29150149
"IEA6","water","energy_demand_TWh","heater.electricity.rural.water","2015",-25.90357646
"IEA6","water","energy_demand_TWh","heater.electricity.rural.water","2020",-32.92367973
"IEA6","water","energy_demand_TWh","heater.electricity.rural.water","2025",-40.60629609
"IEA6","water","energy_demand_TWh","heater.electricity.rural.water","2030",-48.7683553
"IEA6","water","energy_demand_TWh","heater.electricity.rural.water","2035",-57.14907521
"IEA6","water","energy_demand_TWh","heater.electricity.rural.water","2040",-65.86105476
"IEA6","water","energy_demand_TWh","heater.electricity.rural.water","2045",-74.57728725
"IEA6","water","energy_demand_TWh","heater.electricity.rural.water","2050",-83.12471361
"IEA6","water","energy_demand_TWh","heater.solar.rural.water","2011",-126.8218843
"IEA6","water","energy_demand_TWh","heater.solar.rural.water","2015",-130.9818477
"IEA6","water","energy_demand_TWh","heater.solar.rural.water","2020",-133.112485
"IEA6","water","energy_demand_TWh","heater.solar.rural.water","2025",-135.5622835
"IEA6","water","energy_demand_TWh","heater.solar.rural.water","2030",-137.6190509
"IEA6","water","energy_demand_TWh","heater.solar.rural.water","2035",-138.767151
"IEA6","water","energy_demand_TWh","heater.solar.rural.water","2040",-139.5579051
"IEA6","water","energy_demand_TWh","heater.solar.rural.water","2045",-139.488507
"IEA6","water","energy_demand_TWh","heater.solar.rural.water","2050",-138.5411894
"IEA6","water","energy_demand_TWh","heater.microchp.rural.water","2011",0
"IEA6","water","energy_demand_TWh","heater.microchp.rural.water","2015",0
"IEA6","water","energy_demand_TWh","heater.microchp.rural.water","2020",0
"IEA6","water","energy_demand_TWh","heater.microchp.rural.water","2025",0
"IEA6","water","energy_demand_TWh","heater.microchp.rural.water","2030",0
"IEA6","water","energy_demand_TWh","heater.microchp.rural.water","2035",0
"IEA6","water","energy_demand_TWh","heater.microchp.rural.water","2040",0
"IEA6","water","energy_demand_TWh","heater.microchp.rural.water","2045",0
"IEA6","water","energy_demand_TWh","heater.microchp.rural.water","2050",0
"IEA6","water","energy_demand_TWh","heater.districtheating.rural.water","2011",0
"IEA6","water","energy_demand_TWh","heater.districtheating.rural.water","2015",0
"IEA6","water","energy_demand_TWh","heater.districtheating.rural.water","2020",0
"IEA6","water","energy_demand_TWh","heater.districtheating.rural.water","2025",0
"IEA6","water","energy_demand_TWh","heater.districtheating.rural.water","2030",0
"IEA6","water","energy_demand_TWh","heater.districtheating.rural.water","2035",0
"IEA6","water","energy_demand_TWh","heater.districtheating.rural.water","2040",0
"IEA6","water","energy_demand_TWh","heater.districtheating.rural.water","2045",0
"IEA6","water","energy_demand_TWh","heater.districtheating.rural.water","2050",0
"IEA6","water","households","heater.solid.boiler.urban.water","2011",95283895.79
"IEA6","water","households","heater.solid.boiler.urban.water","2015",106132641.9
"IEA6","water","households","heater.solid.boiler.urban.water","2020",119006401.4
"IEA6","water","households","heater.solid.boiler.urban.water","2025",132366510.1
"IEA6","water","households","heater.solid.boiler.urban.water","2030",145909680.4
"IEA6","water","households","heater.solid.boiler.urban.water","2035",159004477.6
"IEA6","water","households","heater.solid.boiler.urban.water","2040",172196123.4
"IEA6","water","households","heater.solid.boiler.urban.water","2045",184823985.5
"IEA6","water","households","heater.solid.boiler.urban.water","2050",197649433.3
"IEA6","water","households","heater.liquid.boiler.urban.water","2011",136119851.1
"IEA6","water","households","heater.liquid.boiler.urban.water","2015",151618059.8
"IEA6","water","households","heater.liquid.boiler.urban.water","2020",170009144.9
"IEA6","water","households","heater.liquid.boiler.urban.water","2025",189095014.4
"IEA6","water","households","heater.liquid.boiler.urban.water","2030",208442400.6
"IEA6","water","households","heater.liquid.boiler.urban.water","2035",227149253.7
"IEA6","water","households","heater.liquid.boiler.urban.water","2040",245994462.1
"IEA6","water","households","heater.liquid.boiler.urban.water","2045",264034265
"IEA6","water","households","heater.liquid.boiler.urban.water","2050",282356333.3
"IEA6","water","households","heater.gas.boiler.urban.water","2011",517255434.3
"IEA6","water","households","heater.gas.boiler.urban.water","2015",576148627.4
"IEA6","water","households","heater.gas.boiler.urban.water","2020",646034750.7
"IEA6","water","households","heater.gas.boiler.urban.water","2025",718561054.7
"IEA6","water","households","heater.gas.boiler.urban.water","2030",792081122.4
"IEA6","water","households","heater.gas.boiler.urban.water","2035",863167163.9
"IEA6","water","households","heater.gas.boiler.urban.water","2040",934778955.9
"IEA6","water","households","heater.gas.boiler.urban.water","2045",1003330207
"IEA6","water","households","heater.gas.boiler.urban.water","2050",1072954067
"IEA6","water","households","heater.heatpump.urban.water","2011",272239702.3
"IEA6","water","households","heater.heatpump.urban.water","2015",303236119.7
"IEA6","water","households","heater.heatpump.urban.water","2020",340018289.8
"IEA6","water","households","heater.heatpump.urban.water","2025",378190028.8
"IEA6","water","households","heater.heatpump.urban.water","2030",416884801.3
"IEA6","water","households","heater.heatpump.urban.water","2035",454298507.3
"IEA6","water","households","heater.heatpump.urban.water","2040",491988924.1
"IEA6","water","households","heater.heatpump.urban.water","2045",528068530
"IEA6","water","households","heater.heatpump.urban.water","2050",564712666.6
"IEA6","water","households","heater.electricity.urban.water","2011",136119851.1
"IEA6","water","households","heater.electricity.urban.water","2015",151618059.8
"IEA6","water","households","heater.electricity.urban.water","2020",170009144.9
"IEA6","water","households","heater.electricity.urban.water","2025",189095014.4
"IEA6","water","households","heater.electricity.urban.water","2030",208442400.6
"IEA6","water","households","heater.electricity.urban.water","2035",227149253.7
"IEA6","water","households","heater.electricity.urban.water","2040",245994462.1
"IEA6","water","households","heater.electricity.urban.water","2045",264034265
"IEA6","water","households","heater.electricity.urban.water","2050",282356333.3
"IEA6","water","households","heater.solar.urban.water","2011",40835955.34
"IEA6","water","households","heater.solar.urban.water","2015",45485417.95
"IEA6","water","households","heater.solar.urban.water","2020",51002743.47
"IEA6","water","households","heater.solar.urban.water","2025",56728504.32
"IEA6","water","households","heater.solar.urban.water","2030",62532720.19
"IEA6","water","households","heater.solar.urban.water","2035",68144776.1
"IEA6","water","households","heater.solar.urban.water","2040",73798338.62
"IEA6","water","households","heater.solar.urban.water","2045",79210279.5
"IEA6","water","households","heater.solar.urban.water","2050",84706900
"IEA6","water","households","heater.microchp.urban.water","2011",0
"IEA6","water","households","heater.microchp.urban.water","2015",0
"IEA6","water","households","heater.microchp.urban.water","2020",0
"IEA6","water","households","heater.microchp.urban.water","2025",0
"IEA6","water","households","heater.microchp.urban.water","2030",0
"IEA6","water","households","heater.microchp.urban.water","2035",0
"IEA6","water","households","heater.microchp.urban.water","2040",0
"IEA6","water","households","heater.microchp.urban.water","2045",0
"IEA6","water","households","heater.microchp.urban.water","2050",0
"IEA6","water","households","heater.districtheating.urban.water","2011",163343821.4
"IEA6","water","households","heater.districtheating.urban.water","2015",181941671.8
"IEA6","water","households","heater.districtheating.urban.water","2020",204010973.9
"IEA6","water","households","heater.districtheating.urban.water","2025",226914017.3
"IEA6","water","households","heater.districtheating.urban.water","2030",250130880.8
"IEA6","water","households","heater.districtheating.urban.water","2035",272579104.4
"IEA6","water","households","heater.districtheating.urban.water","2040",295193354.5
"IEA6","water","households","heater.districtheating.urban.water","2045",316841118
"IEA6","water","households","heater.districtheating.urban.water","2050",338827600
"IEA6","water","households","heater.solid.boiler.rural.water","2011",493193264.2
"IEA6","water","households","heater.solid.boiler.rural.water","2015",516133496.7
"IEA6","water","households","heater.solid.boiler.rural.water","2020",533922739.4
"IEA6","water","households","heater.solid.boiler.rural.water","2025",553406689.6
"IEA6","water","households","heater.solid.boiler.rural.water","2030",571720411
"IEA6","water","households","heater.solid.boiler.rural.water","2035",586624993.3
"IEA6","water","households","heater.solid.boiler.rural.water","2040",600317166.8
"IEA6","water","households","heater.solid.boiler.rural.water","2045",610540740.5
"IEA6","water","households","heater.solid.boiler.rural.water","2050",617043362.5
"IEA6","water","households","heater.liquid.boiler.rural.water","2011",28344440.47
"IEA6","water","households","heater.liquid.boiler.rural.water","2015",29803385.21
"IEA6","water","households","heater.liquid.boiler.rural.water","2020",31014278.88
"IEA6","water","households","heater.liquid.boiler.rural.water","2025",32338718.75
"IEA6","water","households","heater.liquid.boiler.rural.water","2030",33610334.68
"IEA6","water","households","heater.liquid.boiler.rural.water","2035",34695745.74
"IEA6","water","households","heater.liquid.boiler.rural.water","2040",35722260.46
"IEA6","water","households","heater.liquid.boiler.rural.water","2045",36553713.36
"IEA6","water","households","heater.liquid.boiler.rural.water","2050",37171286.9
"IEA6","water","households","heater.gas.boiler.rural.water","2011",5668888.094
"IEA6","water","households","heater.gas.boiler.rural.water","2015",5960677.042
"IEA6","water","households","heater.gas.boiler.rural.water","2020",6202855.775
"IEA6","water","households","heater.gas.boiler.rural.water","2025",6467743.75
"IEA6","water","households","heater.gas.boiler.rural.water","2030",6722066.936
"IEA6","water","households","heater.gas.boiler.rural.water","2035",6939149.148
"IEA6","water","households","heater.gas.boiler.rural.water","2040",7144452.092
"IEA6","water","households","heater.gas.boiler.rural.water","2045",7310742.671
"IEA6","water","households","heater.gas.boiler.rural.water","2050",7434257.38
"IEA6","water","households","heater.heatpump.rural.water","2011",0
"IEA6","water","households","heater.heatpump.rural.water","2015",0
"IEA6","water","households","heater.heatpump.rural.water","2020",0
"IEA6","water","households","heater.heatpump.rural.water","2025",0
"IEA6","water","households","heater.heatpump.rural.water","2030",0
"IEA6","water","households","heater.heatpump.rural.water","2035",0
"IEA6","water","households","heater.heatpump.rural.water","2040",0
"IEA6","water","households","heater.heatpump.rural.water","2045",0
"IEA6","water","households","heater.heatpump.rural.water","2050",0
"IEA6","water","households","heater.electricity.rural.water","2011",11337776.19
"IEA6","water","households","heater.electricity.rural.water","2015",14366760.05
"IEA6","water","households","heater.electricity.rural.water","2020",18131424.57
"IEA6","water","households","heater.electricity.rural.water","2025",22222504.17
"IEA6","water","households","heater.electricity.rural.water","2030",26543546.36
"IEA6","water","households","heater.electricity.rural.water","2035",30959280.81
"IEA6","water","households","heater.electricity.rural.water","2040",35539069.38
"IEA6","water","households","heater.electricity.rural.water","2045",40115357.22
"IEA6","water","households","heater.electricity.rural.water","2050",44605544.28
"IEA6","water","households","heater.solar.rural.water","2011",28344440.47
"IEA6","water","households","heater.solar.rural.water","2015",29803385.21
"IEA6","water","households","heater.solar.rural.water","2020",31014278.88
"IEA6","water","households","heater.solar.rural.water","2025",32338718.75
"IEA6","water","households","heater.solar.rural.water","2030",33610334.68
"IEA6","water","households","heater.solar.rural.water","2035",34695745.74
"IEA6","water","households","heater.solar.rural.water","2040",35722260.46
"IEA6","water","households","heater.solar.rural.water","2045",36553713.36
"IEA6","water","households","heater.solar.rural.water","2050",37171286.9
"IEA6","water","households","heater.microchp.rural.water","2011",0
"IEA6","water","households","heater.microchp.rural.water","2015",0
"IEA6","water","households","heater.microchp.rural.water","2020",0
"IEA6","water","households","heater.microchp.rural.water","2025",0
"IEA6","water","households","heater.microchp.rural.water","2030",0
"IEA6","water","households","heater.microchp.rural.water","2035",0
"IEA6","water","households","heater.microchp.rural.water","2040",0
"IEA6","water","households","heater.microchp.rural.water","2045",0
"IEA6","water","households","heater.microchp.rural.water","2050",0
"IEA6","water","households","heater.districtheating.rural.water","2011",0
"IEA6","water","households","heater.districtheating.rural.water","2015",0
"IEA6","water","households","heater.districtheating.rural.water","2020",0
"IEA6","water","households","heater.districtheating.rural.water","2025",0
"IEA6","water","households","heater.districtheating.rural.water","2030",0
"IEA6","water","households","heater.districtheating.rural.water","2035",0
"IEA6","water","households","heater.districtheating.rural.water","2040",0
"IEA6","water","households","heater.districtheating.rural.water","2045",0
"IEA6","water","households","heater.districtheating.rural.water","2050",0
"IEA6","cook","demand_TWh","cooker.traditionalbiomass.stoves.urban","2011",228.6813499
"IEA6","cook","demand_TWh","cooker.traditionalbiomass.stoves.urban","2015",249.1201353
"IEA6","cook","demand_TWh","cooker.traditionalbiomass.stoves.urban","2020",270.3257498
"IEA6","cook","demand_TWh","cooker.traditionalbiomass.stoves.urban","2025",290.649427
"IEA6","cook","demand_TWh","cooker.traditionalbiomass.stoves.urban","2030",309.3376848
"IEA6","cook","demand_TWh","cooker.traditionalbiomass.stoves.urban","2035",325.0580704
"IEA6","cook","demand_TWh","cooker.traditionalbiomass.stoves.urban","2040",338.9857752
"IEA6","cook","demand_TWh","cooker.traditionalbiomass.stoves.urban","2045",349.8483026
"IEA6","cook","demand_TWh","cooker.traditionalbiomass.stoves.urban","2050",359.157256
"IEA6","cook","demand_TWh","cooker.traditionalbiomass.stoves.rural","2011",516.5774276
"IEA6","cook","demand_TWh","cooker.traditionalbiomass.stoves.rural","2015",533.3086526
"IEA6","cook","demand_TWh","cooker.traditionalbiomass.stoves.rural","2020",539.4950851
"IEA6","cook","demand_TWh","cooker.traditionalbiomass.stoves.rural","2025",546.3910829
"IEA6","cook","demand_TWh","cooker.traditionalbiomass.stoves.rural","2030",551.0986855
"IEA6","cook","demand_TWh","cooker.traditionalbiomass.stoves.rural","2035",551.5765711
"IEA6","cook","demand_TWh","cooker.traditionalbiomass.stoves.rural","2040",550.0639282
"IEA6","cook","demand_TWh","cooker.traditionalbiomass.stoves.rural","2045",544.6202023
"IEA6","cook","demand_TWh","cooker.traditionalbiomass.stoves.rural","2050",535.2665313
"IEA6","cook","energy_demand_TWh","cooker.traditionalbiomass.stoves.urban","2011",-762.2711663
"IEA6","cook","energy_demand_TWh","cooker.traditionalbiomass.stoves.urban","2015",-741.6553645
"IEA6","cook","energy_demand_TWh","cooker.traditionalbiomass.stoves.urban","2020",-709.9464136
"IEA6","cook","energy_demand_TWh","cooker.traditionalbiomass.stoves.urban","2025",-682.8510633
"IEA6","cook","energy_demand_TWh","cooker.traditionalbiomass.stoves.urban","2030",-657.4479405
"IEA6","cook","energy_demand_TWh","cooker.traditionalbiomass.stoves.urban","2035",-630.7096889
"IEA6","cook","energy_demand_TWh","cooker.traditionalbiomass.stoves.urban","2040",-605.0547017
"IEA6","cook","energy_demand_TWh","cooker.traditionalbiomass.stoves.urban","2045",-578.1391442
"IEA6","cook","energy_demand_TWh","cooker.traditionalbiomass.stoves.urban","2050",-552.5496246
"IEA6","cook","energy_demand_TWh","cooker.traditionalbiomass.stoves.rural","2011",-1721.924759
"IEA6","cook","energy_demand_TWh","cooker.traditionalbiomass.stoves.rural","2015",-1587.712783
"IEA6","cook","energy_demand_TWh","cooker.traditionalbiomass.stoves.rural","2020",-1416.855779
"IEA6","cook","energy_demand_TWh","cooker.traditionalbiomass.stoves.rural","2025",-1283.689894
"IEA6","cook","energy_demand_TWh","cooker.traditionalbiomass.stoves.rural","2030",-1171.272411
"IEA6","cook","energy_demand_TWh","cooker.traditionalbiomass.stoves.rural","2035",-1070.223198
"IEA6","cook","energy_demand_TWh","cooker.traditionalbiomass.stoves.rural","2040",-981.8074692
"IEA6","cook","energy_demand_TWh","cooker.traditionalbiomass.stoves.rural","2045",-900.0079615
"IEA6","cook","energy_demand_TWh","cooker.traditionalbiomass.stoves.rural","2050",-823.4869713
"IEA6","cook","households","cooker.traditionalbiomass.stoves.urban","2011",163343821.4
"IEA6","cook","households","cooker.traditionalbiomass.stoves.urban","2015",181941671.8
"IEA6","cook","households","cooker.traditionalbiomass.stoves.urban","2020",204010973.9
"IEA6","cook","households","cooker.traditionalbiomass.stoves.urban","2025",226914017.3
"IEA6","cook","households","cooker.traditionalbiomass.stoves.urban","2030",250130880.8
"IEA6","cook","households","cooker.traditionalbiomass.stoves.urban","2035",272579104.4
"IEA6","cook","households","cooker.traditionalbiomass.stoves.urban","2040",295193354.5
"IEA6","cook","households","cooker.traditionalbiomass.stoves.urban","2045",316841118
"IEA6","cook","households","cooker.traditionalbiomass.stoves.urban","2050",338827600
"IEA6","cook","households","cooker.traditionalbiomass.stoves.rural","2011",425166607.1
"IEA6","cook","households","cooker.traditionalbiomass.stoves.rural","2015",447050778.1
"IEA6","cook","households","cooker.traditionalbiomass.stoves.rural","2020",465214183.2
"IEA6","cook","households","cooker.traditionalbiomass.stoves.rural","2025",485080781.3
"IEA6","cook","households","cooker.traditionalbiomass.stoves.rural","2030",504155020.2
"IEA6","cook","households","cooker.traditionalbiomass.stoves.rural","2035",520436186.1
"IEA6","cook","households","cooker.traditionalbiomass.stoves.rural","2040",535833906.9
"IEA6","cook","households","cooker.traditionalbiomass.stoves.rural","2045",548305700.3
"IEA6","cook","households","cooker.traditionalbiomass.stoves.rural","2050",557569303.5
"IEA6","space","heat_demand_TWh","heater.solid.boiler.urban.no.elec","2011",62.59306754
"IEA6","space","heat_demand_TWh","heater.solid.boiler.urban.no.elec","2015",59.28152826
"IEA6","space","heat_demand_TWh","heater.solid.boiler.urban.no.elec","2020",56.49284246
"IEA6","space","heat_demand_TWh","heater.solid.boiler.urban.no.elec","2025",49.46542156
"IEA6","space","heat_demand_TWh","heater.solid.boiler.urban.no.elec","2030",40.67886876
"IEA6","space","heat_demand_TWh","heater.solid.boiler.urban.no.elec","2035",35.59271114
"IEA6","space","heat_demand_TWh","heater.solid.boiler.urban.no.elec","2040",29.63694201
"IEA6","space","heat_demand_TWh","heater.solid.boiler.urban.no.elec","2045",30.64494474
"IEA6","space","heat_demand_TWh","heater.solid.boiler.urban.no.elec","2050",31.47466384
"IEA6","space","heat_demand_TWh","heater.traditionalbiomass.boiler.urban.no.elec","2011",250.3722701
"IEA6","space","heat_demand_TWh","heater.traditionalbiomass.boiler.urban.no.elec","2015",237.126113
"IEA6","space","heat_demand_TWh","heater.traditionalbiomass.boiler.urban.no.elec","2020",225.9713698
"IEA6","space","heat_demand_TWh","heater.traditionalbiomass.boiler.urban.no.elec","2025",197.8616862
"IEA6","space","heat_demand_TWh","heater.traditionalbiomass.boiler.urban.no.elec","2030",162.7154751
"IEA6","space","heat_demand_TWh","heater.traditionalbiomass.boiler.urban.no.elec","2035",142.3708445
"IEA6","space","heat_demand_TWh","heater.traditionalbiomass.boiler.urban.no.elec","2040",118.5477681
"IEA6","space","heat_demand_TWh","heater.traditionalbiomass.boiler.urban.no.elec","2045",122.579779
"IEA6","space","heat_demand_TWh","heater.traditionalbiomass.boiler.urban.no.elec","2050",125.8986554
"IEA6","space","heat_demand_TWh","heater.solid.boiler.rural.no.elec","2011",86.82072183
"IEA6","space","heat_demand_TWh","heater.solid.boiler.rural.no.elec","2015",86.1755912
"IEA6","space","heat_demand_TWh","heater.solid.boiler.rural.no.elec","2020",83.84618608
"IEA6","space","heat_demand_TWh","heater.solid.boiler.rural.no.elec","2025",79.51466525
"IEA6","space","heat_demand_TWh","heater.solid.boiler.rural.no.elec","2030",74.52147143
"IEA6","space","heat_demand_TWh","heater.solid.boiler.rural.no.elec","2035",70.03195099
"IEA6","space","heat_demand_TWh","heater.solid.boiler.rural.no.elec","2040",65.06078612
"IEA6","space","heat_demand_TWh","heater.solid.boiler.rural.no.elec","2045",59.47752742
"IEA6","space","heat_demand_TWh","heater.solid.boiler.rural.no.elec","2050",53.42814922
"IEA6","space","heat_demand_TWh","heater.traditionalbiomass.boiler.rural.no.elec","2011",347.2828873
"IEA6","space","heat_demand_TWh","heater.traditionalbiomass.boiler.rural.no.elec","2015",344.7023648
"IEA6","space","heat_demand_TWh","heater.traditionalbiomass.boiler.rural.no.elec","2020",335.3847443
"IEA6","space","heat_demand_TWh","heater.traditionalbiomass.boiler.rural.no.elec","2025",318.058661
"IEA6","space","heat_demand_TWh","heater.traditionalbiomass.boiler.rural.no.elec","2030",298.0858857
"IEA6","space","heat_demand_TWh","heater.traditionalbiomass.boiler.rural.no.elec","2035",280.127804
"IEA6","space","heat_demand_TWh","heater.traditionalbiomass.boiler.rural.no.elec","2040",260.2431445
"IEA6","space","heat_demand_TWh","heater.traditionalbiomass.boiler.rural.no.elec","2045",237.9101097
"IEA6","space","heat_demand_TWh","heater.traditionalbiomass.boiler.rural.no.elec","2050",213.7125969
"IEA6","space","energy_demand_TWh","heater.solid.boiler.urban.no.elec","2011",-113.8055773
"IEA6","space","energy_demand_TWh","heater.solid.boiler.urban.no.elec","2015",-108.7990401
"IEA6","space","energy_demand_TWh","heater.solid.boiler.urban.no.elec","2020",-104.9152789
"IEA6","space","energy_demand_TWh","heater.solid.boiler.urban.no.elec","2025",-92.97115377
"IEA6","space","energy_demand_TWh","heater.solid.boiler.urban.no.elec","2030",-77.3890674
"IEA6","space","energy_demand_TWh","heater.solid.boiler.urban.no.elec","2035",-68.54892515
"IEA6","space","energy_demand_TWh","heater.solid.boiler.urban.no.elec","2040",-57.79203692
"IEA6","space","energy_demand_TWh","heater.solid.boiler.urban.no.elec","2045",-60.51406809
"IEA6","space","energy_demand_TWh","heater.solid.boiler.urban.no.elec","2050",-62.94932768
"IEA6","space","energy_demand_TWh","heater.traditionalbiomass.boiler.urban.no.elec","2011",-834.5742338
"IEA6","space","energy_demand_TWh","heater.traditionalbiomass.boiler.urban.no.elec","2015",-790.4203768
"IEA6","space","energy_demand_TWh","heater.traditionalbiomass.boiler.urban.no.elec","2020",-753.2378994
"IEA6","space","energy_demand_TWh","heater.traditionalbiomass.boiler.urban.no.elec","2025",-659.5389541
"IEA6","space","energy_demand_TWh","heater.traditionalbiomass.boiler.urban.no.elec","2030",-542.3849168
"IEA6","space","energy_demand_TWh","heater.traditionalbiomass.boiler.urban.no.elec","2035",-474.5694818
"IEA6","space","energy_demand_TWh","heater.traditionalbiomass.boiler.urban.no.elec","2040",-395.1592268
"IEA6","space","energy_demand_TWh","heater.traditionalbiomass.boiler.urban.no.elec","2045",-408.5992632
"IEA6","space","energy_demand_TWh","heater.traditionalbiomass.boiler.urban.no.elec","2050",-419.6621846
"IEA6","space","energy_demand_TWh","heater.solid.boiler.rural.no.elec","2011",-157.8558579
"IEA6","space","energy_demand_TWh","heater.solid.boiler.rural.no.elec","2015",-158.1575556
"IEA6","space","energy_demand_TWh","heater.solid.boiler.rural.no.elec","2020",-155.7143456
"IEA6","space","energy_demand_TWh","heater.solid.boiler.rural.no.elec","2025",-149.4492503
"IEA6","space","energy_demand_TWh","heater.solid.boiler.rural.no.elec","2030",-141.7725554
"IEA6","space","energy_demand_TWh","heater.solid.boiler.rural.no.elec","2035",-134.8763501
"IEA6","space","energy_demand_TWh","heater.solid.boiler.rural.no.elec","2040",-126.8685329
"IEA6","space","energy_demand_TWh","heater.solid.boiler.rural.no.elec","2045",-117.4492946
"IEA6","space","energy_demand_TWh","heater.solid.boiler.rural.no.elec","2050",-106.8562984
"IEA6","space","energy_demand_TWh","heater.traditionalbiomass.boiler.rural.no.elec","2011",-1157.609624
"IEA6","space","energy_demand_TWh","heater.traditionalbiomass.boiler.rural.no.elec","2015",-1149.007883
"IEA6","space","energy_demand_TWh","heater.traditionalbiomass.boiler.rural.no.elec","2020",-1117.949148
"IEA6","space","energy_demand_TWh","heater.traditionalbiomass.boiler.rural.no.elec","2025",-1060.195537
"IEA6","space","energy_demand_TWh","heater.traditionalbiomass.boiler.rural.no.elec","2030",-993.619619
"IEA6","space","energy_demand_TWh","heater.traditionalbiomass.boiler.rural.no.elec","2035",-933.7593465
"IEA6","space","energy_demand_TWh","heater.traditionalbiomass.boiler.rural.no.elec","2040",-867.4771482
"IEA6","space","energy_demand_TWh","heater.traditionalbiomass.boiler.rural.no.elec","2045",-793.0336989
"IEA6","space","energy_demand_TWh","heater.traditionalbiomass.boiler.rural.no.elec","2050",-712.375323
"IEA6","space","households","heater.solid.boiler.urban.no.elec","2011",18304270.27
"IEA6","space","households","heater.solid.boiler.urban.no.elec","2015",17291628.52
"IEA6","space","households","heater.solid.boiler.urban.no.elec","2020",16906986.79
"IEA6","space","households","heater.solid.boiler.urban.no.elec","2025",15218706.33
"IEA6","space","households","heater.solid.boiler.urban.no.elec","2030",12893344.37
"IEA6","space","households","heater.solid.boiler.urban.no.elec","2035",11648679.67
"IEA6","space","households","heater.solid.boiler.urban.no.elec","2040",10040590.29
"IEA6","space","households","heater.solid.boiler.urban.no.elec","2045",10776908.78
"IEA6","space","households","heater.solid.boiler.urban.no.elec","2050",11524748.3
"IEA6","space","households","heater.traditionalbiomass.boiler.urban.no.elec","2011",73217081.08
"IEA6","space","households","heater.traditionalbiomass.boiler.urban.no.elec","2015",69166514.09
"IEA6","space","households","heater.traditionalbiomass.boiler.urban.no.elec","2020",67627947.15
"IEA6","space","households","heater.traditionalbiomass.boiler.urban.no.elec","2025",60874825.33
"IEA6","space","households","heater.traditionalbiomass.boiler.urban.no.elec","2030",51573377.47
"IEA6","space","households","heater.traditionalbiomass.boiler.urban.no.elec","2035",46594718.7
"IEA6","space","households","heater.traditionalbiomass.boiler.urban.no.elec","2040",40162361.15
"IEA6","space","households","heater.traditionalbiomass.boiler.urban.no.elec","2045",43107635.1
"IEA6","space","households","heater.traditionalbiomass.boiler.urban.no.elec","2050",46098993.2
"IEA6","space","households","heater.solid.boiler.rural.no.elec","2011",53354240.89
"IEA6","space","households","heater.solid.boiler.rural.no.elec","2015",51348001.02
"IEA6","space","households","heater.solid.boiler.rural.no.elec","2020",49897511.4
"IEA6","space","households","heater.solid.boiler.rural.no.elec","2025",47461141.19
"IEA6","space","households","heater.solid.boiler.rural.no.elec","2030",44813779.58
"IEA6","space","households","heater.solid.boiler.rural.no.elec","2035",42632681.04
"IEA6","space","households","heater.solid.boiler.rural.no.elec","2040",40302037.44
"IEA6","space","households","heater.solid.boiler.rural.no.elec","2045",37703201.2
"IEA6","space","households","heater.solid.boiler.rural.no.elec","2050",34876763.02
"IEA6","space","households","heater.traditionalbiomass.boiler.rural.no.elec","2011",213416963.5
"IEA6","space","households","heater.traditionalbiomass.boiler.rural.no.elec","2015",205392004.1
"IEA6","space","households","heater.traditionalbiomass.boiler.rural.no.elec","2020",199590045.6
"IEA6","space","households","heater.traditionalbiomass.boiler.rural.no.elec","2025",189844564.8
"IEA6","space","households","heater.traditionalbiomass.boiler.rural.no.elec","2030",179255118.3
"IEA6","space","households","heater.traditionalbiomass.boiler.rural.no.elec","2035",170530724.2
"IEA6","space","households","heater.traditionalbiomass.boiler.rural.no.elec","2040",161208149.8
"IEA6","space","households","heater.traditionalbiomass.boiler.rural.no.elec","2045",150812804.8
"IEA6","space","households","heater.traditionalbiomass.boiler.rural.no.elec","2050",139507052.1
"IEA6","cook","demand_TWh","cooker.traditionalbiomass.stoves.urban.no.elec","2011",128.1298919
"IEA6","cook","demand_TWh","cooker.traditionalbiomass.stoves.urban.no.elec","2015",118.3811491
"IEA6","cook","demand_TWh","cooker.traditionalbiomass.stoves.urban.no.elec","2020",112.0134322
"IEA6","cook","demand_TWh","cooker.traditionalbiomass.stoves.urban.no.elec","2025",97.46661594
"IEA6","cook","demand_TWh","cooker.traditionalbiomass.stoves.urban.no.elec","2030",79.72620743
"IEA6","cook","demand_TWh","cooker.traditionalbiomass.stoves.urban.no.elec","2035",69.45685265
"IEA6","cook","demand_TWh","cooker.traditionalbiomass.stoves.urban.no.elec","2040",57.65064204
"IEA6","cook","demand_TWh","cooker.traditionalbiomass.stoves.urban.no.elec","2045",59.49801065
"IEA6","cook","demand_TWh","cooker.traditionalbiomass.stoves.urban.no.elec","2050",61.08116598
"IEA6","cook","demand_TWh","cooker.traditionalbiomass.stoves.rural.no.elec","2011",324.1270134
"IEA6","cook","demand_TWh","cooker.traditionalbiomass.stoves.rural.no.elec","2015",306.27766
"IEA6","cook","demand_TWh","cooker.traditionalbiomass.stoves.rural.no.elec","2020",289.3233175
"IEA6","cook","demand_TWh","cooker.traditionalbiomass.stoves.rural.no.elec","2025",267.2992348
"IEA6","cook","demand_TWh","cooker.traditionalbiomass.stoves.rural.no.elec","2030",244.9327491
"IEA6","cook","demand_TWh","cooker.traditionalbiomass.stoves.rural.no.elec","2035",225.9180727
"IEA6","cook","demand_TWh","cooker.traditionalbiomass.stoves.rural.no.elec","2040",206.8616482
"IEA6","cook","demand_TWh","cooker.traditionalbiomass.stoves.rural.no.elec","2045",187.2488746
"IEA6","cook","demand_TWh","cooker.traditionalbiomass.stoves.rural.no.elec","2050",167.4084625
"IEA6","cook","energy_demand_TWh","cooker.traditionalbiomass.stoves.urban.no.elec","2011",-427.0996396
"IEA6","cook","energy_demand_TWh","cooker.traditionalbiomass.stoves.urban.no.elec","2015",-369.3491852
"IEA6","cook","energy_demand_TWh","cooker.traditionalbiomass.stoves.urban.no.elec","2020",-323.5943598
"IEA6","cook","energy_demand_TWh","cooker.traditionalbiomass.stoves.urban.no.elec","2025",-262.1515877
"IEA6","cook","energy_demand_TWh","cooker.traditionalbiomass.stoves.urban.no.elec","2030",-200.6014252
"IEA6","cook","energy_demand_TWh","cooker.traditionalbiomass.stoves.urban.no.elec","2035",-164.1707426
"IEA6","cook","energy_demand_TWh","cooker.traditionalbiomass.stoves.urban.no.elec","2040",-128.4785737
"IEA6","cook","energy_demand_TWh","cooker.traditionalbiomass.stoves.urban.no.elec","2045",-125.4282387
"IEA6","cook","energy_demand_TWh","cooker.traditionalbiomass.stoves.urban.no.elec","2050",-122.162332
"IEA6","cook","energy_demand_TWh","cooker.traditionalbiomass.stoves.rural.no.elec","2011",-1080.423378
"IEA6","cook","energy_demand_TWh","cooker.traditionalbiomass.stoves.rural.no.elec","2015",-955.5862991
"IEA6","cook","energy_demand_TWh","cooker.traditionalbiomass.stoves.rural.no.elec","2020",-835.8229172
"IEA6","cook","energy_demand_TWh","cooker.traditionalbiomass.stoves.rural.no.elec","2025",-718.9427695
"IEA6","cook","energy_demand_TWh","cooker.traditionalbiomass.stoves.rural.no.elec","2030",-616.282401
"IEA6","cook","energy_demand_TWh","cooker.traditionalbiomass.stoves.rural.no.elec","2035",-533.9881718
"IEA6","cook","energy_demand_TWh","cooker.traditionalbiomass.stoves.rural.no.elec","2040",-461.0059589
"IEA6","cook","energy_demand_TWh","cooker.traditionalbiomass.stoves.rural.no.elec","2045",-394.7408708
"IEA6","cook","energy_demand_TWh","cooker.traditionalbiomass.stoves.rural.no.elec","2050",-334.816925
"IEA6","cook","households","cooker.traditionalbiomass.stoves.urban.no.elec","2011",91521351.35
"IEA6","cook","households","cooker.traditionalbiomass.stoves.urban.no.elec","2015",86458142.61
"IEA6","cook","households","cooker.traditionalbiomass.stoves.urban.no.elec","2020",84534933.93
"IEA6","cook","households","cooker.traditionalbiomass.stoves.urban.no.elec","2025",76093531.66
"IEA6","cook","households","cooker.traditionalbiomass.stoves.urban.no.elec","2030",64466721.84
"IEA6","cook","households","cooker.traditionalbiomass.stoves.urban.no.elec","2035",58243398.37
"IEA6","cook","households","cooker.traditionalbiomass.stoves.urban.no.elec","2040",50202951.44
"IEA6","cook","households","cooker.traditionalbiomass.stoves.urban.no.elec","2045",53884543.88
"IEA6","cook","households","cooker.traditionalbiomass.stoves.urban.no.elec","2050",57623741.49
"IEA6","cook","households","cooker.traditionalbiomass.stoves.rural.no.elec","2011",266771204.4
"IEA6","cook","households","cooker.traditionalbiomass.stoves.rural.no.elec","2015",256740005.1
"IEA6","cook","households","cooker.traditionalbiomass.stoves.rural.no.elec","2020",249487557
"IEA6","cook","households","cooker.traditionalbiomass.stoves.rural.no.elec","2025",237305705.9
"IEA6","cook","households","cooker.traditionalbiomass.stoves.rural.no.elec","2030",224068897.9
"IEA6","cook","households","cooker.traditionalbiomass.stoves.rural.no.elec","2035",213163405.2
"IEA6","cook","households","cooker.traditionalbiomass.stoves.rural.no.elec","2040",201510187.2
"IEA6","cook","households","cooker.traditionalbiomass.stoves.rural.no.elec","2045",188516006
"IEA6","cook","households","cooker.traditionalbiomass.stoves.rural.no.elec","2050",174383815.1
"IEA6","space","heat_demand_TWh","heater.solid.boiler.non residential.space","2011",56.02593903
"IEA6","space","heat_demand_TWh","heater.solid.boiler.non residential.space","2015",59.37784083
"IEA6","space","heat_demand_TWh","heater.solid.boiler.non residential.space","2020",63.22701777
"IEA6","space","heat_demand_TWh","heater.solid.boiler.non residential.space","2025",66.83708623
"IEA6","space","heat_demand_TWh","heater.solid.boiler.non residential.space","2030",70.18756674
"IEA6","space","heat_demand_TWh","heater.solid.boiler.non residential.space","2035",73.27587522
"IEA6","space","heat_demand_TWh","heater.solid.boiler.non residential.space","2040",76.08117307
"IEA6","space","heat_demand_TWh","heater.solid.boiler.non residential.space","2045",78.56742652
"IEA6","space","heat_demand_TWh","heater.solid.boiler.non residential.space","2050",80.70393502
"IEA6","space","heat_demand_TWh","heater.liquid.boiler.non residential.space","2011",196.0907866
"IEA6","space","heat_demand_TWh","heater.liquid.boiler.non residential.space","2015",207.8224429
"IEA6","space","heat_demand_TWh","heater.liquid.boiler.non residential.space","2020",221.2945622
"IEA6","space","heat_demand_TWh","heater.liquid.boiler.non residential.space","2025",233.9298018
"IEA6","space","heat_demand_TWh","heater.liquid.boiler.non residential.space","2030",245.6564836
"IEA6","space","heat_demand_TWh","heater.liquid.boiler.non residential.space","2035",256.4655633
"IEA6","space","heat_demand_TWh","heater.liquid.boiler.non residential.space","2040",266.2841057
"IEA6","space","heat_demand_TWh","heater.liquid.boiler.non residential.space","2045",274.9859928
"IEA6","space","heat_demand_TWh","heater.liquid.boiler.non residential.space","2050",282.4637726
"IEA6","space","heat_demand_TWh","heater.gas.boiler.non residential.space","2011",597.6100163
"IEA6","space","heat_demand_TWh","heater.gas.boiler.non residential.space","2015",633.3636355
"IEA6","space","heat_demand_TWh","heater.gas.boiler.non residential.space","2020",674.4215229
"IEA6","space","heat_demand_TWh","heater.gas.boiler.non residential.space","2025",712.9289198
"IEA6","space","heat_demand_TWh","heater.gas.boiler.non residential.space","2030",748.6673786
"IEA6","space","heat_demand_TWh","heater.gas.boiler.non residential.space","2035",781.6093356
"IEA6","space","heat_demand_TWh","heater.gas.boiler.non residential.space","2040",811.5325127
"IEA6","space","heat_demand_TWh","heater.gas.boiler.non residential.space","2045",838.0525496
"IEA6","space","heat_demand_TWh","heater.gas.boiler.non residential.space","2050",860.8419736
"IEA6","space","heat_demand_TWh","heater.heatpump.non residential.space","2011",560.2593903
"IEA6","space","heat_demand_TWh","heater.heatpump.non residential.space","2015",642.4986879
"IEA6","space","heat_demand_TWh","heater.heatpump.non residential.space","2020",748.9969798
"IEA6","space","heat_demand_TWh","heater.heatpump.non residential.space","2025",860.3132638
"IEA6","space","heat_demand_TWh","heater.heatpump.non residential.space","2030",975.4272096
"IEA6","space","heat_demand_TWh","heater.heatpump.non residential.space","2035",1093.501522
"IEA6","space","heat_demand_TWh","heater.heatpump.non residential.space","2040",1213.39717
"IEA6","space","heat_demand_TWh","heater.heatpump.non residential.space","2045",1333.631701
"IEA6","space","heat_demand_TWh","heater.heatpump.non residential.space","2050",1452.67083
"IEA6","space","heat_demand_TWh","heater.electricity.non residential.space","2011",0
"IEA6","space","heat_demand_TWh","heater.electricity.non residential.space","2015",0
"IEA6","space","heat_demand_TWh","heater.electricity.non residential.space","2020",0
"IEA6","space","heat_demand_TWh","heater.electricity.non residential.space","2025",0
"IEA6","space","heat_demand_TWh","heater.electricity.non residential.space","2030",0
"IEA6","space","heat_demand_TWh","heater.electricity.non residential.space","2035",0
"IEA6","space","heat_demand_TWh","heater.electricity.non residential.space","2040",0
"IEA6","space","heat_demand_TWh","heater.electricity.non residential.space","2045",0
"IEA6","space","heat_demand_TWh","heater.electricity.non residential.space","2050",0
"IEA6","space","heat_demand_TWh","heater.solar.non residential.space","2011",0
"IEA6","space","heat_demand_TWh","heater.solar.non residential.space","2015",0
"IEA6","space","heat_demand_TWh","heater.solar.non residential.space","2020",0
"IEA6","space","heat_demand_TWh","heater.solar.non residential.space","2025",0
"IEA6","space","heat_demand_TWh","heater.solar.non residential.space","2030",0
"IEA6","space","heat_demand_TWh","heater.solar.non residential.space","2035",0
"IEA6","space","heat_demand_TWh","heater.solar.non residential.space","2040",0
"IEA6","space","heat_demand_TWh","heater.solar.non residential.space","2045",0
"IEA6","space","heat_demand_TWh","heater.solar.non residential.space","2050",0
"IEA6","space","heat_demand_TWh","heater.microchp.non residential.space","2011",0
"IEA6","space","heat_demand_TWh","heater.microchp.non residential.space","2015",0
"IEA6","space","heat_demand_TWh","heater.microchp.non residential.space","2020",0
"IEA6","space","heat_demand_TWh","heater.microchp.non residential.space","2025",0
"IEA6","space","heat_demand_TWh","heater.microchp.non residential.space","2030",0
"IEA6","space","heat_demand_TWh","heater.microchp.non residential.space","2035",0
"IEA6","space","heat_demand_TWh","heater.microchp.non residential.space","2040",0
"IEA6","space","heat_demand_TWh","heater.microchp.non residential.space","2045",0
"IEA6","space","heat_demand_TWh","heater.microchp.non residential.space","2050",0
"IEA6","space","heat_demand_TWh","heater.districtheating.non residential.space","2011",457.5451687
"IEA6","space","heat_demand_TWh","heater.districtheating.non residential.space","2015",436.1987538
"IEA6","space","heat_demand_TWh","heater.districtheating.non residential.space","2020",399.6271764
"IEA6","space","heat_demand_TWh","heater.districtheating.non residential.space","2025",353.8938027
"IEA6","space","heat_demand_TWh","heater.districtheating.non residential.space","2030",299.6469196
"IEA6","space","heat_demand_TWh","heater.districtheating.non residential.space","2035",237.6768773
"IEA6","space","heat_demand_TWh","heater.districtheating.non residential.space","2040",168.7441403
"IEA6","space","heat_demand_TWh","heater.districtheating.non residential.space","2045",93.67654701
"IEA6","space","heat_demand_TWh","heater.districtheating.non residential.space","2050",13.45065584
"IEA6","space","energy_demand_TWh","heater.solid.boiler.non residential.space","2011",-101.8653437
"IEA6","space","energy_demand_TWh","heater.solid.boiler.non residential.space","2015",-108.975802
"IEA6","space","energy_demand_TWh","heater.solid.boiler.non residential.space","2020",-117.4216044
"IEA6","space","energy_demand_TWh","heater.solid.boiler.non residential.space","2025",-125.6215115
"IEA6","space","energy_demand_TWh","heater.solid.boiler.non residential.space","2030",-133.527566
"IEA6","space","energy_demand_TWh","heater.solid.boiler.non residential.space","2035",-141.1239078
"IEA6","space","energy_demand_TWh","heater.solid.boiler.non residential.space","2040",-148.3582875
"IEA6","space","energy_demand_TWh","heater.solid.boiler.non residential.space","2045",-155.1458043
"IEA6","space","energy_demand_TWh","heater.solid.boiler.non residential.space","2050",-161.40787
"IEA6","space","energy_demand_TWh","heater.liquid.boiler.non residential.space","2011",-326.8179776
"IEA6","space","energy_demand_TWh","heater.liquid.boiler.non residential.space","2015",-337.7114697
"IEA6","space","energy_demand_TWh","heater.liquid.boiler.non residential.space","2020",-348.7065829
"IEA6","space","energy_demand_TWh","heater.liquid.boiler.non residential.space","2025",-357.774991
"IEA6","space","energy_demand_TWh","heater.liquid.boiler.non residential.space","2030",-364.9753471
"IEA6","space","energy_demand_TWh","heater.liquid.boiler.non residential.space","2035",-370.450258
"IEA6","space","energy_demand_TWh","heater.liquid.boiler.non residential.space","2040",-374.2371216
"IEA6","space","energy_demand_TWh","heater.liquid.boiler.non residential.space","2045",-376.2966218
"IEA6","space","energy_demand_TWh","heater.liquid.boiler.non residential.space","2050",-376.6183634
"IEA6","space","energy_demand_TWh","heater.gas.boiler.non residential.space","2011",-766.1666875
"IEA6","space","energy_demand_TWh","heater.gas.boiler.non residential.space","2015",-809.8748126
"IEA6","space","energy_demand_TWh","heater.gas.boiler.non residential.space","2020",-859.5568429
"IEA6","space","energy_demand_TWh","heater.gas.boiler.non residential.space","2025",-905.675175
"IEA6","space","energy_demand_TWh","heater.gas.boiler.non residential.space","2030",-947.9879145
"IEA6","space","energy_demand_TWh","heater.gas.boiler.non residential.space","2035",-986.4972197
"IEA6","space","energy_demand_TWh","heater.gas.boiler.non residential.space","2040",-1020.960258
"IEA6","space","energy_demand_TWh","heater.gas.boiler.non residential.space","2045",-1050.934065
"IEA6","space","energy_demand_TWh","heater.gas.boiler.non residential.space","2050",-1076.052467
"IEA6","space","energy_demand_TWh","heater.heatpump.non residential.space","2011",-280.1296951
"IEA6","space","energy_demand_TWh","heater.heatpump.non residential.space","2015",-321.249344
"IEA6","space","energy_demand_TWh","heater.heatpump.non residential.space","2020",-374.4984899
"IEA6","space","energy_demand_TWh","heater.heatpump.non residential.space","2025",-430.1566319
"IEA6","space","energy_demand_TWh","heater.heatpump.non residential.space","2030",-487.7136048
"IEA6","space","energy_demand_TWh","heater.heatpump.non residential.space","2035",-546.7507612
"IEA6","space","energy_demand_TWh","heater.heatpump.non residential.space","2040",-606.6985852
"IEA6","space","energy_demand_TWh","heater.heatpump.non residential.space","2045",-666.8158507
"IEA6","space","energy_demand_TWh","heater.heatpump.non residential.space","2050",-726.3354152
"IEA6","space","energy_demand_TWh","heater.electricity.non residential.space","2011",0
"IEA6","space","energy_demand_TWh","heater.electricity.non residential.space","2015",0
"IEA6","space","energy_demand_TWh","heater.electricity.non residential.space","2020",0
"IEA6","space","energy_demand_TWh","heater.electricity.non residential.space","2025",0
"IEA6","space","energy_demand_TWh","heater.electricity.non residential.space","2030",0
"IEA6","space","energy_demand_TWh","heater.electricity.non residential.space","2035",0
"IEA6","space","energy_demand_TWh","heater.electricity.non residential.space","2040",0
"IEA6","space","energy_demand_TWh","heater.electricity.non residential.space","2045",0
"IEA6","space","energy_demand_TWh","heater.electricity.non residential.space","2050",0
"IEA6","space","energy_demand_TWh","heater.solar.non residential.space","2011",0
"IEA6","space","energy_demand_TWh","heater.solar.non residential.space","2015",0
"IEA6","space","energy_demand_TWh","heater.solar.non residential.space","2020",0
"IEA6","space","energy_demand_TWh","heater.solar.non residential.space","2025",0
"IEA6","space","energy_demand_TWh","heater.solar.non residential.space","2030",0
"IEA6","space","energy_demand_TWh","heater.solar.non residential.space","2035",0
"IEA6","space","energy_demand_TWh","heater.solar.non residential.space","2040",0
"IEA6","space","energy_demand_TWh","heater.solar.non residential.space","2045",0
"IEA6","space","energy_demand_TWh","heater.solar.non residential.space","2050",0
"IEA6","space","energy_demand_TWh","heater.microchp.non residential.space","2011",0
"IEA6","space","energy_demand_TWh","heater.microchp.non residential.space","2015",0
"IEA6","space","energy_demand_TWh","heater.microchp.non residential.space","2020",0
"IEA6","space","energy_demand_TWh","heater.microchp.non residential.space","2025",0
"IEA6","space","energy_demand_TWh","heater.microchp.non residential.space","2030",0
"IEA6","space","energy_demand_TWh","heater.microchp.non residential.space","2035",0
"IEA6","space","energy_demand_TWh","heater.microchp.non residential.space","2040",0
"IEA6","space","energy_demand_TWh","heater.microchp.non residential.space","2045",0
"IEA6","space","energy_demand_TWh","heater.microchp.non residential.space","2050",0
"IEA6","space","energy_demand_TWh","heater.districtheating.non residential.space","2011",-653.6359553
"IEA6","space","energy_demand_TWh","heater.districtheating.non residential.space","2015",-636.1911517
"IEA6","space","energy_demand_TWh","heater.districtheating.non residential.space","2020",-598.5199647
"IEA6","space","energy_demand_TWh","heater.districtheating.non residential.space","2025",-544.6668629
"IEA6","space","energy_demand_TWh","heater.districtheating.non residential.space","2030",-474.2788094
"IEA6","space","energy_demand_TWh","heater.districtheating.non residential.space","2035",-387.1929079
"IEA6","space","energy_demand_TWh","heater.districtheating.non residential.space","2040",-283.1764832
"IEA6","space","energy_demand_TWh","heater.districtheating.non residential.space","2045",-162.0845312
"IEA6","space","energy_demand_TWh","heater.districtheating.non residential.space","2050",-24.01902828
"IEA6","space","buildings","heater.solid.boiler.non residential.space","2011",55809.17618
"IEA6","space","buildings","heater.solid.boiler.non residential.space","2015",59989.96458
"IEA6","space","buildings","heater.solid.boiler.non residential.space","2020",64997.07783
"IEA6","space","buildings","heater.solid.boiler.non residential.space","2025",69967.72049
"IEA6","space","buildings","heater.solid.boiler.non residential.space","2030",74885.66542
"IEA6","space","buildings","heater.solid.boiler.non residential.space","2035",79752.74266
"IEA6","space","buildings","heater.solid.boiler.non residential.space","2040",84550.48055
"IEA6","space","buildings","heater.solid.boiler.non residential.space","2045",89241.34944
"IEA6","space","buildings","heater.solid.boiler.non residential.space","2050",93790.3093
"IEA6","space","buildings","heater.liquid.boiler.non residential.space","2011",195332.1166
"IEA6","space","buildings","heater.liquid.boiler.non residential.space","2015",209964.876
"IEA6","space","buildings","heater.liquid.boiler.non residential.space","2020",227489.7724
"IEA6","space","buildings","heater.liquid.boiler.non residential.space","2025",244887.0217
"IEA6","space","buildings","heater.liquid.boiler.non residential.space","2030",262099.829
"IEA6","space","buildings","heater.liquid.boiler.non residential.space","2035",279134.5993
"IEA6","space","buildings","heater.liquid.boiler.non residential.space","2040",295926.6819
"IEA6","space","buildings","heater.liquid.boiler.non residential.space","2045",312344.7231
"IEA6","space","buildings","heater.liquid.boiler.non residential.space","2050",328266.0826
"IEA6","space","buildings","heater.gas.boiler.non residential.space","2011",595297.8793
"IEA6","space","buildings","heater.gas.boiler.non residential.space","2015",639892.9555
"IEA6","space","buildings","heater.gas.boiler.non residential.space","2020",693302.1635
"IEA6","space","buildings","heater.gas.boiler.non residential.space","2025",746322.3519
"IEA6","space","buildings","heater.gas.boiler.non residential.space","2030",798780.4311
"IEA6","space","buildings","heater.gas.boiler.non residential.space","2035",850695.9217
"IEA6","space","buildings","heater.gas.boiler.non residential.space","2040",901871.7926
"IEA6","space","buildings","heater.gas.boiler.non residential.space","2045",951907.7274
"IEA6","space","buildings","heater.gas.boiler.non residential.space","2050",1000429.966
"IEA6","space","buildings","heater.heatpump.non residential.space","2011",558091.7618
"IEA6","space","buildings","heater.heatpump.non residential.space","2015",649122.1808
"IEA6","space","buildings","heater.heatpump.non residential.space","2020",769965.3835
"IEA6","space","buildings","heater.heatpump.non residential.space","2025",900610.1458
"IEA6","space","buildings","heater.heatpump.non residential.space","2030",1040718.735
"IEA6","space","buildings","heater.heatpump.non residential.space","2035",1190156.314
"IEA6","space","buildings","heater.heatpump.non residential.space","2040",1348471.767
"IEA6","space","buildings","heater.heatpump.non residential.space","2045",1514814.701
"IEA6","space","buildings","heater.heatpump.non residential.space","2050",1688225.567
"IEA6","space","buildings","heater.electricity.non residential.space","2011",0
"IEA6","space","buildings","heater.electricity.non residential.space","2015",0
"IEA6","space","buildings","heater.electricity.non residential.space","2020",0
"IEA6","space","buildings","heater.electricity.non residential.space","2025",0
"IEA6","space","buildings","heater.electricity.non residential.space","2030",0
"IEA6","space","buildings","heater.electricity.non residential.space","2035",0
"IEA6","space","buildings","heater.electricity.non residential.space","2040",0
"IEA6","space","buildings","heater.electricity.non residential.space","2045",0
"IEA6","space","buildings","heater.electricity.non residential.space","2050",0
"IEA6","space","buildings","heater.solar.non residential.space","2011",0
"IEA6","space","buildings","heater.solar.non residential.space","2015",0
"IEA6","space","buildings","heater.solar.non residential.space","2020",0
"IEA6","space","buildings","heater.solar.non residential.space","2025",0
"IEA6","space","buildings","heater.solar.non residential.space","2030",0
"IEA6","space","buildings","heater.solar.non residential.space","2035",0
"IEA6","space","buildings","heater.solar.non residential.space","2040",0
"IEA6","space","buildings","heater.solar.non residential.space","2045",0
"IEA6","space","buildings","heater.solar.non residential.space","2050",0
"IEA6","space","buildings","heater.microchp.non residential.space","2011",0
"IEA6","space","buildings","heater.microchp.non residential.space","2015",0
"IEA6","space","buildings","heater.microchp.non residential.space","2020",0
"IEA6","space","buildings","heater.microchp.non residential.space","2025",0
"IEA6","space","buildings","heater.microchp.non residential.space","2030",0
"IEA6","space","buildings","heater.microchp.non residential.space","2035",0
"IEA6","space","buildings","heater.microchp.non residential.space","2040",0
"IEA6","space","buildings","heater.microchp.non residential.space","2045",0
"IEA6","space","buildings","heater.microchp.non residential.space","2050",0
"IEA6","space","buildings","heater.districtheating.non residential.space","2011",455774.9388
"IEA6","space","buildings","heater.districtheating.non residential.space","2015",440695.509
"IEA6","space","buildings","heater.districtheating.non residential.space","2020",410814.8637
"IEA6","space","buildings","heater.districtheating.non residential.space","2025",370470.1098
"IEA6","space","buildings","heater.districtheating.non residential.space","2030",319704.187
"IEA6","space","buildings","heater.districtheating.non residential.space","2035",258685.1781
"IEA6","space","buildings","heater.districtheating.non residential.space","2040",187528.6299
"IEA6","space","buildings","heater.districtheating.non residential.space","2045",106403.1474
"IEA6","space","buildings","heater.districtheating.non residential.space","2050",15631.71822
"IEA6","cool","demand_TWh","cooling.airconditioners.non residential","2011",471.8282177
"IEA6","cool","demand_TWh","cooling.airconditioners.non residential","2015",518.2766109
"IEA6","cool","demand_TWh","cooling.airconditioners.non residential","2020",576.3375897
"IEA6","cool","demand_TWh","cooling.airconditioners.non residential","2025",635.3480259
"IEA6","cool","demand_TWh","cooling.airconditioners.non residential","2030",694.8574712
"IEA6","cool","demand_TWh","cooling.airconditioners.non residential","2035",754.561002
"IEA6","cool","demand_TWh","cooling.airconditioners.non residential","2040",813.9479312
"IEA6","cool","demand_TWh","cooling.airconditioners.non residential","2045",872.299081
"IEA6","cool","demand_TWh","cooling.airconditioners.non residential","2050",928.8917201
"IEA6","cool","demand_TWh","cooling.chillers.non residential","2011",64.3402115
"IEA6","cool","demand_TWh","cooling.chillers.non residential","2015",62.55062545
"IEA6","cool","demand_TWh","cooling.chillers.non residential","2020",58.61060234
"IEA6","cool","demand_TWh","cooling.chillers.non residential","2025",52.94566883
"IEA6","cool","demand_TWh","cooling.chillers.non residential","2030",45.56442434
"IEA6","cool","demand_TWh","cooling.chillers.non residential","2035",36.51101623
"IEA6","cool","demand_TWh","cooling.chillers.non residential","2040",25.83961686
"IEA6","cool","demand_TWh","cooling.chillers.non residential","2045",13.62967314
"IEA6","cool","demand_TWh","cooling.chillers.non residential","2050",0
"IEA6","cool","demand_TWh","cooling.solarcooling.non residential","2011",0
"IEA6","cool","demand_TWh","cooling.solarcooling.non residential","2015",0
"IEA6","cool","demand_TWh","cooling.solarcooling.non residential","2020",0
"IEA6","cool","demand_TWh","cooling.solarcooling.non residential","2025",0
"IEA6","cool","demand_TWh","cooling.solarcooling.non residential","2030",0
"IEA6","cool","demand_TWh","cooling.solarcooling.non residential","2035",0
"IEA6","cool","demand_TWh","cooling.solarcooling.non residential","2040",0
"IEA6","cool","demand_TWh","cooling.solarcooling.non residential","2045",0
"IEA6","cool","demand_TWh","cooling.solarcooling.non residential","2050",0
"IEA6","cool","energy_demand_TWh","cooling.airconditioners.non residential","2011",-188.7312871
"IEA6","cool","energy_demand_TWh","cooling.airconditioners.non residential","2015",-207.3106444
"IEA6","cool","energy_demand_TWh","cooling.airconditioners.non residential","2020",-230.5350359
"IEA6","cool","energy_demand_TWh","cooling.airconditioners.non residential","2025",-254.1392104
"IEA6","cool","energy_demand_TWh","cooling.airconditioners.non residential","2030",-277.9429885
"IEA6","cool","energy_demand_TWh","cooling.airconditioners.non residential","2035",-301.8244008
"IEA6","cool","energy_demand_TWh","cooling.airconditioners.non residential","2040",-325.5791725
"IEA6","cool","energy_demand_TWh","cooling.airconditioners.non residential","2045",-348.9196324
"IEA6","cool","energy_demand_TWh","cooling.airconditioners.non residential","2050",-371.556688
"IEA6","cool","energy_demand_TWh","cooling.chillers.non residential","2011",-35.74456195
"IEA6","cool","energy_demand_TWh","cooling.chillers.non residential","2015",-34.75034747
"IEA6","cool","energy_demand_TWh","cooling.chillers.non residential","2020",-32.56144575
"IEA6","cool","energy_demand_TWh","cooling.chillers.non residential","2025",-29.41426046
"IEA6","cool","energy_demand_TWh","cooling.chillers.non residential","2030",-25.31356908
"IEA6","cool","energy_demand_TWh","cooling.chillers.non residential","2035",-20.2838979
"IEA6","cool","energy_demand_TWh","cooling.chillers.non residential","2040",-14.3553427
"IEA6","cool","energy_demand_TWh","cooling.chillers.non residential","2045",-7.572040634
"IEA6","cool","energy_demand_TWh","cooling.chillers.non residential","2050",0
"IEA6","cool","energy_demand_TWh","cooling.solarcooling.non residential","2011",0
"IEA6","cool","energy_demand_TWh","cooling.solarcooling.non residential","2015",0
"IEA6","cool","energy_demand_TWh","cooling.solarcooling.non residential","2020",0
"IEA6","cool","energy_demand_TWh","cooling.solarcooling.non residential","2025",0
"IEA6","cool","energy_demand_TWh","cooling.solarcooling.non residential","2030",0
"IEA6","cool","energy_demand_TWh","cooling.solarcooling.non residential","2035",0
"IEA6","cool","energy_demand_TWh","cooling.solarcooling.non residential","2040",0
"IEA6","cool","energy_demand_TWh","cooling.solarcooling.non residential","2045",0
"IEA6","cool","energy_demand_TWh","cooling.solarcooling.non residential","2050",0
"IEA6","cool","buildings","cooling.airconditioners.non residential","2011",1637069.168
"IEA6","cool","buildings","cooling.airconditioners.non residential","2015",1784316.895
"IEA6","cool","buildings","cooling.airconditioners.non residential","2020",1966578.252
"IEA6","cool","buildings","cooling.airconditioners.non residential","2025",2152852.938
"IEA6","cool","buildings","cooling.airconditioners.non residential","2030",2342577.226
"IEA6","cool","buildings","cooling.airconditioners.non residential","2035",2535728.228
"IEA6","cool","buildings","cooling.airconditioners.non residential","2040",2731630.91
"IEA6","cool","buildings","cooling.airconditioners.non residential","2045",2928946.854
"IEA6","cool","buildings","cooling.airconditioners.non residential","2050",3126343.643
"IEA6","cool","buildings","cooling.chillers.non residential","2011",223236.7047
"IEA6","cool","buildings","cooling.chillers.non residential","2015",215348.5908
"IEA6","cool","buildings","cooling.chillers.non residential","2020",199991.0087
"IEA6","cool","buildings","cooling.chillers.non residential","2025",179404.4115
"IEA6","cool","buildings","cooling.chillers.non residential","2030",153611.6214
"IEA6","cool","buildings","cooling.chillers.non residential","2035",122696.5272
"IEA6","cool","buildings","cooling.chillers.non residential","2040",86718.44159
"IEA6","cool","buildings","cooling.chillers.non residential","2045",45764.79459
"IEA6","cool","buildings","cooling.chillers.non residential","2050",0
"IEA6","cool","buildings","cooling.solarcooling.non residential","2011",0
"IEA6","cool","buildings","cooling.solarcooling.non residential","2015",0
"IEA6","cool","buildings","cooling.solarcooling.non residential","2020",0
"IEA6","cool","buildings","cooling.solarcooling.non residential","2025",0
"IEA6","cool","buildings","cooling.solarcooling.non residential","2030",0
"IEA6","cool","buildings","cooling.solarcooling.non residential","2035",0
"IEA6","cool","buildings","cooling.solarcooling.non residential","2040",0
"IEA6","cool","buildings","cooling.solarcooling.non residential","2045",0
"IEA6","cool","buildings","cooling.solarcooling.non residential","2050",0
"IEA6","heat","loss","heat.loss.urban","2011",16.9
"IEA6","heat","loss","heat.loss.urban","2015",16.8
"IEA6","heat","loss","heat.loss.urban","2020",16.11428571
"IEA6","heat","loss","heat.loss.urban","2025",15.42857143
"IEA6","heat","loss","heat.loss.urban","2030",14.74285714
"IEA6","heat","loss","heat.loss.urban","2035",14.05714286
"IEA6","heat","loss","heat.loss.urban","2040",13.37142857
"IEA6","heat","loss","heat.loss.urban","2045",12.68571429
"IEA6","heat","loss","heat.loss.urban","2050",12
"IEA6","heat","loss","heat.loss.rural","2011",18.7
"IEA6","heat","loss","heat.loss.rural","2015",18.5
"IEA6","heat","loss","heat.loss.rural","2020",17.57142857
"IEA6","heat","loss","heat.loss.rural","2025",16.64285714
"IEA6","heat","loss","heat.loss.rural","2030",15.71428571
"IEA6","heat","loss","heat.loss.rural","2035",14.78571429
"IEA6","heat","loss","heat.loss.rural","2040",13.85714286
"IEA6","heat","loss","heat.loss.rural","2045",12.92857143
"IEA6","heat","loss","heat.loss.rural","2050",12
"IEA6","heat","loss","heat.loss.non.residential","2011",14.8
"IEA6","heat","loss","heat.loss.non.residential","2015",14.7
"IEA6","heat","loss","heat.loss.non.residential","2020",14.31428571
"IEA6","heat","loss","heat.loss.non.residential","2025",13.92857143
"IEA6","heat","loss","heat.loss.non.residential","2030",13.54285714
"IEA6","heat","loss","heat.loss.non.residential","2035",13.15714286
"IEA6","heat","loss","heat.loss.non.residential","2040",12.77142857
"IEA6","heat","loss","heat.loss.non.residential","2045",12.38571429
"IEA6","heat","loss","heat.loss.non.residential","2050",12
"IEA4","households",,"households.urban","2011",1361198511
"IEA4","households",,"households.urban","2015",1516180598
"IEA4","households",,"households.urban","2020",1700091449
"IEA4","households",,"households.urban","2025",1890950144
"IEA4","households",,"households.urban","2030",2084424006
"IEA4","households",,"households.urban","2035",2271492537
"IEA4","households",,"households.urban","2040",2459944621
"IEA4","households",,"households.urban","2045",2640342650
"IEA4","households",,"households.urban","2050",2823563333
"IEA4","households",,"households.urban.no.elec","2011",91521351.35
"IEA4","households",,"households.urban.no.elec","2015",86458142.61
"IEA4","households",,"households.urban.no.elec","2020",84534933.93
"IEA4","households",,"households.urban.no.elec","2025",76093531.66
"IEA4","households",,"households.urban.no.elec","2030",64466721.84
"IEA4","households",,"households.urban.no.elec","2035",58243398.37
"IEA4","households",,"households.urban.no.elec","2040",50202951.44
"IEA4","households",,"households.urban.no.elec","2045",53884543.88
"IEA4","households",,"households.urban.no.elec","2050",57623741.49
"IEA4","households",,"households.rural","2011",566888809.4
"IEA4","households",,"households.rural","2015",596067704.2
"IEA4","households",,"households.rural","2020",620285577.5
"IEA4","households",,"households.rural","2025",646774375
"IEA4","households",,"households.rural","2030",672206693.6
"IEA4","households",,"households.rural","2035",693914914.8
"IEA4","households",,"households.rural","2040",714445209.2
"IEA4","households",,"households.rural","2045",731074267.1
"IEA4","households",,"households.rural","2050",743425738
"IEA4","households",,"households.rural.no.elec","2011",266771204.4
"IEA4","households",,"households.rural.no.elec","2015",256740005.1
"IEA4","households",,"households.rural.no.elec","2020",249487557
"IEA4","households",,"households.rural.no.elec","2025",237305705.9
"IEA4","households",,"households.rural.no.elec","2030",224068897.9
"IEA4","households",,"households.rural.no.elec","2035",213163405.2
"IEA4","households",,"households.rural.no.elec","2040",201510187.2
"IEA4","households",,"households.rural.no.elec","2045",188516006
"IEA4","households",,"households.rural.no.elec","2050",174383815.1
"IEA4","space","efficiency","heater.solid.boiler.urban.space","2011",0.55
"IEA4","space","efficiency","heater.solid.boiler.urban.space","2015",0.544871795
"IEA4","space","efficiency","heater.solid.boiler.urban.space","2020",0.54489011
"IEA4","space","efficiency","heater.solid.boiler.urban.space","2025",0.544908425
"IEA4","space","efficiency","heater.solid.boiler.urban.space","2030",0.54492674
"IEA4","space","efficiency","heater.solid.boiler.urban.space","2035",0.544945055
"IEA4","space","efficiency","heater.solid.boiler.urban.space","2040",0.54496337
"IEA4","space","efficiency","heater.solid.boiler.urban.space","2045",0.544981685
"IEA4","space","efficiency","heater.solid.boiler.urban.space","2050",0.545
"IEA4","space","efficiency","heater.liquid.boiler.urban.space","2011",0.6
"IEA4","space","efficiency","heater.liquid.boiler.urban.space","2015",0.615384615
"IEA4","space","efficiency","heater.liquid.boiler.urban.space","2020",0.636758242
"IEA4","space","efficiency","heater.liquid.boiler.urban.space","2025",0.658131868
"IEA4","space","efficiency","heater.liquid.boiler.urban.space","2030",0.679505495
"IEA4","space","efficiency","heater.liquid.boiler.urban.space","2035",0.700879121
"IEA4","space","efficiency","heater.liquid.boiler.urban.space","2040",0.722252747
"IEA4","space","efficiency","heater.liquid.boiler.urban.space","2045",0.743626374
"IEA4","space","efficiency","heater.liquid.boiler.urban.space","2050",0.765
"IEA4","space","efficiency","heater.gas.boiler.urban.space","2011",0.78
"IEA4","space","efficiency","heater.gas.boiler.urban.space","2015",0.782051282
"IEA4","space","efficiency","heater.gas.boiler.urban.space","2020",0.793186813
"IEA4","space","efficiency","heater.gas.boiler.urban.space","2025",0.804322344
"IEA4","space","efficiency","heater.gas.boiler.urban.space","2030",0.815457875
"IEA4","space","efficiency","heater.gas.boiler.urban.space","2035",0.826593407
"IEA4","space","efficiency","heater.gas.boiler.urban.space","2040",0.837728938
"IEA4","space","efficiency","heater.gas.boiler.urban.space","2045",0.848864469
"IEA4","space","efficiency","heater.gas.boiler.urban.space","2050",0.86
"IEA4","space","efficiency","heater.heatpump.urban.space","2011",2
"IEA4","space","efficiency","heater.heatpump.urban.space","2015",2
"IEA4","space","efficiency","heater.heatpump.urban.space","2020",2.042857143
"IEA4","space","efficiency","heater.heatpump.urban.space","2025",2.085714286
"IEA4","space","efficiency","heater.heatpump.urban.space","2030",2.128571429
"IEA4","space","efficiency","heater.heatpump.urban.space","2035",2.171428571
"IEA4","space","efficiency","heater.heatpump.urban.space","2040",2.214285714
"IEA4","space","efficiency","heater.heatpump.urban.space","2045",2.257142857
"IEA4","space","efficiency","heater.heatpump.urban.space","2050",2.3
"IEA4","space","efficiency","heater.electricity.urban.space","2011",1
"IEA4","space","efficiency","heater.electricity.urban.space","2015",1
"IEA4","space","efficiency","heater.electricity.urban.space","2020",1
"IEA4","space","efficiency","heater.electricity.urban.space","2025",1
"IEA4","space","efficiency","heater.electricity.urban.space","2030",1
"IEA4","space","efficiency","heater.electricity.urban.space","2035",1
"IEA4","space","efficiency","heater.electricity.urban.space","2040",1
"IEA4","space","efficiency","heater.electricity.urban.space","2045",1
"IEA4","space","efficiency","heater.electricity.urban.space","2050",1
"IEA4","space","efficiency","heater.solar.urban.space","2011",0.4
"IEA4","space","efficiency","heater.solar.urban.space","2015",0.41025641
"IEA4","space","efficiency","heater.solar.urban.space","2020",0.427362637
"IEA4","space","efficiency","heater.solar.urban.space","2025",0.444468864
"IEA4","space","efficiency","heater.solar.urban.space","2030",0.461575092
"IEA4","space","efficiency","heater.solar.urban.space","2035",0.478681319
"IEA4","space","efficiency","heater.solar.urban.space","2040",0.495787546
"IEA4","space","efficiency","heater.solar.urban.space","2045",0.512893773
"IEA4","space","efficiency","heater.solar.urban.space","2050",0.53
"IEA4","space","efficiency","heater.solid.boiler.rural.space","2011",0.55
"IEA4","space","efficiency","heater.solid.boiler.rural.space","2015",0.544871795
"IEA4","space","efficiency","heater.solid.boiler.rural.space","2020",0.54489011
"IEA4","space","efficiency","heater.solid.boiler.rural.space","2025",0.544908425
"IEA4","space","efficiency","heater.solid.boiler.rural.space","2030",0.54492674
"IEA4","space","efficiency","heater.solid.boiler.rural.space","2035",0.544945055
"IEA4","space","efficiency","heater.solid.boiler.rural.space","2040",0.54496337
"IEA4","space","efficiency","heater.solid.boiler.rural.space","2045",0.544981685
"IEA4","space","efficiency","heater.solid.boiler.rural.space","2050",0.545
"IEA4","space","efficiency","heater.liquid.boiler.rural.space","2011",0.6
"IEA4","space","efficiency","heater.liquid.boiler.rural.space","2015",0.615384615
"IEA4","space","efficiency","heater.liquid.boiler.rural.space","2020",0.636758242
"IEA4","space","efficiency","heater.liquid.boiler.rural.space","2025",0.658131868
"IEA4","space","efficiency","heater.liquid.boiler.rural.space","2030",0.679505495
"IEA4","space","efficiency","heater.liquid.boiler.rural.space","2035",0.700879121
"IEA4","space","efficiency","heater.liquid.boiler.rural.space","2040",0.722252747
"IEA4","space","efficiency","heater.liquid.boiler.rural.space","2045",0.743626374
"IEA4","space","efficiency","heater.liquid.boiler.rural.space","2050",0.765
"IEA4","space","efficiency","heater.gas.boiler.rural.space","2011",0.78
"IEA4","space","efficiency","heater.gas.boiler.rural.space","2015",0.782051282
"IEA4","space","efficiency","heater.gas.boiler.rural.space","2020",0.793186813
"IEA4","space","efficiency","heater.gas.boiler.rural.space","2025",0.804322344
"IEA4","space","efficiency","heater.gas.boiler.rural.space","2030",0.815457875
"IEA4","space","efficiency","heater.gas.boiler.rural.space","2035",0.826593407
"IEA4","space","efficiency","heater.gas.boiler.rural.space","2040",0.837728938
"IEA4","space","efficiency","heater.gas.boiler.rural.space","2045",0.848864469
"IEA4","space","efficiency","heater.gas.boiler.rural.space","2050",0.86
"IEA4","space","efficiency","heater.heatpump.rural.space","2011",2
"IEA4","space","efficiency","heater.heatpump.rural.space","2015",2
"IEA4","space","efficiency","heater.heatpump.rural.space","2020",2.042857143
"IEA4","space","efficiency","heater.heatpump.rural.space","2025",2.085714286
"IEA4","space","efficiency","heater.heatpump.rural.space","2030",2.128571429
"IEA4","space","efficiency","heater.heatpump.rural.space","2035",2.171428571
"IEA4","space","efficiency","heater.heatpump.rural.space","2040",2.214285714
"IEA4","space","efficiency","heater.heatpump.rural.space","2045",2.257142857
"IEA4","space","efficiency","heater.heatpump.rural.space","2050",2.3
"IEA4","space","efficiency","heater.electricity.rural.space","2011",1
"IEA4","space","efficiency","heater.electricity.rural.space","2015",1
"IEA4","space","efficiency","heater.electricity.rural.space","2020",1
"IEA4","space","efficiency","heater.electricity.rural.space","2025",1
"IEA4","space","efficiency","heater.electricity.rural.space","2030",1
"IEA4","space","efficiency","heater.electricity.rural.space","2035",1
"IEA4","space","efficiency","heater.electricity.rural.space","2040",1
"IEA4","space","efficiency","heater.electricity.rural.space","2045",1
"IEA4","space","efficiency","heater.electricity.rural.space","2050",1
"IEA4","space","efficiency","heater.solar.rural.space","2011",0.4
"IEA4","space","efficiency","heater.solar.rural.space","2015",0.41025641
"IEA4","space","efficiency","heater.solar.rural.space","2020",0.427362637
"IEA4","space","efficiency","heater.solar.rural.space","2025",0.444468864
"IEA4","space","efficiency","heater.solar.rural.space","2030",0.461575092
"IEA4","space","efficiency","heater.solar.rural.space","2035",0.478681319
"IEA4","space","efficiency","heater.solar.rural.space","2040",0.495787546
"IEA4","space","efficiency","heater.solar.rural.space","2045",0.512893773
"IEA4","space","efficiency","heater.solar.rural.space","2050",0.53
"IEA4","space","efficiency","heater.traditionalbiomass.boiler.urban.no.elec","2011",0.3
"IEA4","space","efficiency","heater.traditionalbiomass.boiler.urban.no.elec","2015",0.3
"IEA4","space","efficiency","heater.traditionalbiomass.boiler.urban.no.elec","2020",0.304285714
"IEA4","space","efficiency","heater.traditionalbiomass.boiler.urban.no.elec","2025",0.308571429
"IEA4","space","efficiency","heater.traditionalbiomass.boiler.urban.no.elec","2030",0.312857143
"IEA4","space","efficiency","heater.traditionalbiomass.boiler.urban.no.elec","2035",0.317142857
"IEA4","space","efficiency","heater.traditionalbiomass.boiler.urban.no.elec","2040",0.321428571
"IEA4","space","efficiency","heater.traditionalbiomass.boiler.urban.no.elec","2045",0.325714286
"IEA4","space","efficiency","heater.traditionalbiomass.boiler.urban.no.elec","2050",0.33
"IEA4","space","efficiency","heater.traditionalbiomass.boiler.rural.no.elec","2011",0.3
"IEA4","space","efficiency","heater.traditionalbiomass.boiler.rural.no.elec","2015",0.3
"IEA4","space","efficiency","heater.traditionalbiomass.boiler.rural.no.elec","2020",0.304285714
"IEA4","space","efficiency","heater.traditionalbiomass.boiler.rural.no.elec","2025",0.308571429
"IEA4","space","efficiency","heater.traditionalbiomass.boiler.rural.no.elec","2030",0.312857143
"IEA4","space","efficiency","heater.traditionalbiomass.boiler.rural.no.elec","2035",0.317142857
"IEA4","space","efficiency","heater.traditionalbiomass.boiler.rural.no.elec","2040",0.321428571
"IEA4","space","efficiency","heater.traditionalbiomass.boiler.rural.no.elec","2045",0.325714286
"IEA4","space","efficiency","heater.traditionalbiomass.boiler.rural.no.elec","2050",0.33
"IEA4","space","efficiency","heater.solid.boiler.non residential.space","2011",0.55
"IEA4","space","efficiency","heater.solid.boiler.non residential.space","2015",0.544871795
"IEA4","space","efficiency","heater.solid.boiler.non residential.space","2020",0.54489011
"IEA4","space","efficiency","heater.solid.boiler.non residential.space","2025",0.544908425
"IEA4","space","efficiency","heater.solid.boiler.non residential.space","2030",0.54492674
"IEA4","space","efficiency","heater.solid.boiler.non residential.space","2035",0.544945055
"IEA4","space","efficiency","heater.solid.boiler.non residential.space","2040",0.54496337
"IEA4","space","efficiency","heater.solid.boiler.non residential.space","2045",0.544981685
"IEA4","space","efficiency","heater.solid.boiler.non residential.space","2050",0.545
"IEA4","space","efficiency","heater.liquid.boiler.non residential.space","2011",0.6
"IEA4","space","efficiency","heater.liquid.boiler.non residential.space","2015",0.615384615
"IEA4","space","efficiency","heater.liquid.boiler.non residential.space","2020",0.636758242
"IEA4","space","efficiency","heater.liquid.boiler.non residential.space","2025",0.658131868
"IEA4","space","efficiency","heater.liquid.boiler.non residential.space","2030",0.679505495
"IEA4","space","efficiency","heater.liquid.boiler.non residential.space","2035",0.700879121
"IEA4","space","efficiency","heater.liquid.boiler.non residential.space","2040",0.722252747
"IEA4","space","efficiency","heater.liquid.boiler.non residential.space","2045",0.743626374
"IEA4","space","efficiency","heater.liquid.boiler.non residential.space","2050",0.765
"IEA4","space","efficiency","heater.gas.boiler.non residential.space","2011",0.78
"IEA4","space","efficiency","heater.gas.boiler.non residential.space","2015",0.782051282
"IEA4","space","efficiency","heater.gas.boiler.non residential.space","2020",0.793186813
"IEA4","space","efficiency","heater.gas.boiler.non residential.space","2025",0.804322344
"IEA4","space","efficiency","heater.gas.boiler.non residential.space","2030",0.815457875
"IEA4","space","efficiency","heater.gas.boiler.non residential.space","2035",0.826593407
"IEA4","space","efficiency","heater.gas.boiler.non residential.space","2040",0.837728938
"IEA4","space","efficiency","heater.gas.boiler.non residential.space","2045",0.848864469
"IEA4","space","efficiency","heater.gas.boiler.non residential.space","2050",0.86
"IEA4","space","efficiency","heater.heatpump.non residential.space","2011",2
"IEA4","space","efficiency","heater.heatpump.non residential.space","2015",2
"IEA4","space","efficiency","heater.heatpump.non residential.space","2020",2.042857143
"IEA4","space","efficiency","heater.heatpump.non residential.space","2025",2.085714286
"IEA4","space","efficiency","heater.heatpump.non residential.space","2030",2.128571429
"IEA4","space","efficiency","heater.heatpump.non residential.space","2035",2.171428571
"IEA4","space","efficiency","heater.heatpump.non residential.space","2040",2.214285714
"IEA4","space","efficiency","heater.heatpump.non residential.space","2045",2.257142857
"IEA4","space","efficiency","heater.heatpump.non residential.space","2050",2.3
"IEA4","space","efficiency","heater.electricity.non residential.space","2011",1
"IEA4","space","efficiency","heater.electricity.non residential.space","2015",1
"IEA4","space","efficiency","heater.electricity.non residential.space","2020",1
"IEA4","space","efficiency","heater.electricity.non residential.space","2025",1
"IEA4","space","efficiency","heater.electricity.non residential.space","2030",1
"IEA4","space","efficiency","heater.electricity.non residential.space","2035",1
"IEA4","space","efficiency","heater.electricity.non residential.space","2040",1
"IEA4","space","efficiency","heater.electricity.non residential.space","2045",1
"IEA4","space","efficiency","heater.electricity.non residential.space","2050",1
"IEA4","space","efficiency","heater.solar.non residential.space","2011",0.4
"IEA4","space","efficiency","heater.solar.non residential.space","2015",0.41025641
"IEA4","space","efficiency","heater.solar.non residential.space","2020",0.427362637
"IEA4","space","efficiency","heater.solar.non residential.space","2025",0.444468864
"IEA4","space","efficiency","heater.solar.non residential.space","2030",0.461575092
"IEA4","space","efficiency","heater.solar.non residential.space","2035",0.478681319
"IEA4","space","efficiency","heater.solar.non residential.space","2040",0.495787546
"IEA4","space","efficiency","heater.solar.non residential.space","2045",0.512893773
"IEA4","space","efficiency","heater.solar.non residential.space","2050",0.53
"IEA4","water","efficiency","heater.solid.boiler.urban.water","2011",0.55
"IEA4","water","efficiency","heater.solid.boiler.urban.water","2015",0.544871795
"IEA4","water","efficiency","heater.solid.boiler.urban.water","2020",0.54489011
"IEA4","water","efficiency","heater.solid.boiler.urban.water","2025",0.544908425
"IEA4","water","efficiency","heater.solid.boiler.urban.water","2030",0.54492674
"IEA4","water","efficiency","heater.solid.boiler.urban.water","2035",0.544945055
"IEA4","water","efficiency","heater.solid.boiler.urban.water","2040",0.54496337
"IEA4","water","efficiency","heater.solid.boiler.urban.water","2045",0.544981685
"IEA4","water","efficiency","heater.solid.boiler.urban.water","2050",0.545
"IEA4","water","efficiency","heater.liquid.boiler.urban.water","2011",0.6
"IEA4","water","efficiency","heater.liquid.boiler.urban.water","2015",0.615384615
"IEA4","water","efficiency","heater.liquid.boiler.urban.water","2020",0.636758242
"IEA4","water","efficiency","heater.liquid.boiler.urban.water","2025",0.658131868
"IEA4","water","efficiency","heater.liquid.boiler.urban.water","2030",0.679505495
"IEA4","water","efficiency","heater.liquid.boiler.urban.water","2035",0.700879121
"IEA4","water","efficiency","heater.liquid.boiler.urban.water","2040",0.722252747
"IEA4","water","efficiency","heater.liquid.boiler.urban.water","2045",0.743626374
"IEA4","water","efficiency","heater.liquid.boiler.urban.water","2050",0.765
"IEA4","water","efficiency","heater.gas.boiler.urban.water","2011",0.78
"IEA4","water","efficiency","heater.gas.boiler.urban.water","2015",0.782051282
"IEA4","water","efficiency","heater.gas.boiler.urban.water","2020",0.793186813
"IEA4","water","efficiency","heater.gas.boiler.urban.water","2025",0.804322344
"IEA4","water","efficiency","heater.gas.boiler.urban.water","2030",0.815457875
"IEA4","water","efficiency","heater.gas.boiler.urban.water","2035",0.826593407
"IEA4","water","efficiency","heater.gas.boiler.urban.water","2040",0.837728938
"IEA4","water","efficiency","heater.gas.boiler.urban.water","2045",0.848864469
"IEA4","water","efficiency","heater.gas.boiler.urban.water","2050",0.86
"IEA4","water","efficiency","heater.heatpump.urban.water","2011",2
"IEA4","water","efficiency","heater.heatpump.urban.water","2015",2
"IEA4","water","efficiency","heater.heatpump.urban.water","2020",2.042857143
"IEA4","water","efficiency","heater.heatpump.urban.water","2025",2.085714286
"IEA4","water","efficiency","heater.heatpump.urban.water","2030",2.128571429
"IEA4","water","efficiency","heater.heatpump.urban.water","2035",2.171428571
"IEA4","water","efficiency","heater.heatpump.urban.water","2040",2.214285714
"IEA4","water","efficiency","heater.heatpump.urban.water","2045",2.257142857
"IEA4","water","efficiency","heater.heatpump.urban.water","2050",2.3
"IEA4","water","efficiency","heater.electricity.urban.water","2011",1
"IEA4","water","efficiency","heater.electricity.urban.water","2015",1
"IEA4","water","efficiency","heater.electricity.urban.water","2020",1
"IEA4","water","efficiency","heater.electricity.urban.water","2025",1
"IEA4","water","efficiency","heater.electricity.urban.water","2030",1
"IEA4","water","efficiency","heater.electricity.urban.water","2035",1
"IEA4","water","efficiency","heater.electricity.urban.water","2040",1
"IEA4","water","efficiency","heater.electricity.urban.water","2045",1
"IEA4","water","efficiency","heater.electricity.urban.water","2050",1
"IEA4","water","efficiency","heater.solar.urban.water","2011",0.4
"IEA4","water","efficiency","heater.solar.urban.water","2015",0.41025641
"IEA4","water","efficiency","heater.solar.urban.water","2020",0.427362637
"IEA4","water","efficiency","heater.solar.urban.water","2025",0.444468864
"IEA4","water","efficiency","heater.solar.urban.water","2030",0.461575092
"IEA4","water","efficiency","heater.solar.urban.water","2035",0.478681319
"IEA4","water","efficiency","heater.solar.urban.water","2040",0.495787546
"IEA4","water","efficiency","heater.solar.urban.water","2045",0.512893773
"IEA4","water","efficiency","heater.solar.urban.water","2050",0.53
"IEA4","water","efficiency","heater.solid.boiler.rural.water","2011",0.55
"IEA4","water","efficiency","heater.solid.boiler.rural.water","2015",0.544871795
"IEA4","water","efficiency","heater.solid.boiler.rural.water","2020",0.54489011
"IEA4","water","efficiency","heater.solid.boiler.rural.water","2025",0.544908425
"IEA4","water","efficiency","heater.solid.boiler.rural.water","2030",0.54492674
"IEA4","water","efficiency","heater.solid.boiler.rural.water","2035",0.544945055
"IEA4","water","efficiency","heater.solid.boiler.rural.water","2040",0.54496337
"IEA4","water","efficiency","heater.solid.boiler.rural.water","2045",0.544981685
"IEA4","water","efficiency","heater.solid.boiler.rural.water","2050",0.545
"IEA4","water","efficiency","heater.liquid.boiler.rural.water","2011",0.6
"IEA4","water","efficiency","heater.liquid.boiler.rural.water","2015",0.615384615
"IEA4","water","efficiency","heater.liquid.boiler.rural.water","2020",0.636758242
"IEA4","water","efficiency","heater.liquid.boiler.rural.water","2025",0.658131868
"IEA4","water","efficiency","heater.liquid.boiler.rural.water","2030",0.679505495
"IEA4","water","efficiency","heater.liquid.boiler.rural.water","2035",0.700879121
"IEA4","water","efficiency","heater.liquid.boiler.rural.water","2040",0.722252747
"IEA4","water","efficiency","heater.liquid.boiler.rural.water","2045",0.743626374
"IEA4","water","efficiency","heater.liquid.boiler.rural.water","2050",0.765
"IEA4","water","efficiency","heater.gas.boiler.rural.water","2011",0.78
"IEA4","water","efficiency","heater.gas.boiler.rural.water","2015",0.782051282
"IEA4","water","efficiency","heater.gas.boiler.rural.water","2020",0.793186813
"IEA4","water","efficiency","heater.gas.boiler.rural.water","2025",0.804322344
"IEA4","water","efficiency","heater.gas.boiler.rural.water","2030",0.815457875
"IEA4","water","efficiency","heater.gas.boiler.rural.water","2035",0.826593407
"IEA4","water","efficiency","heater.gas.boiler.rural.water","2040",0.837728938
"IEA4","water","efficiency","heater.gas.boiler.rural.water","2045",0.848864469
"IEA4","water","efficiency","heater.gas.boiler.rural.water","2050",0.86
"IEA4","water","efficiency","heater.heatpump.rural.water","2011",2
"IEA4","water","efficiency","heater.heatpump.rural.water","2015",2
"IEA4","water","efficiency","heater.heatpump.rural.water","2020",2.042857143
"IEA4","water","efficiency","heater.heatpump.rural.water","2025",2.085714286
"IEA4","water","efficiency","heater.heatpump.rural.water","2030",2.128571429
"IEA4","water","efficiency","heater.heatpump.rural.water","2035",2.171428571
"IEA4","water","efficiency","heater.heatpump.rural.water","2040",2.214285714
"IEA4","water","efficiency","heater.heatpump.rural.water","2045",2.257142857
"IEA4","water","efficiency","heater.heatpump.rural.water","2050",2.3
"IEA4","water","efficiency","heater.electricity.rural.water","2011",1
"IEA4","water","efficiency","heater.electricity.rural.water","2015",1
"IEA4","water","efficiency","heater.electricity.rural.water","2020",1
"IEA4","water","efficiency","heater.electricity.rural.water","2025",1
"IEA4","water","efficiency","heater.electricity.rural.water","2030",1
"IEA4","water","efficiency","heater.electricity.rural.water","2035",1
"IEA4","water","efficiency","heater.electricity.rural.water","2040",1
"IEA4","water","efficiency","heater.electricity.rural.water","2045",1
"IEA4","water","efficiency","heater.electricity.rural.water","2050",1
"IEA4","water","efficiency","heater.solar.rural.water","2011",0.4
"IEA4","water","efficiency","heater.solar.rural.water","2015",0.41025641
"IEA4","water","efficiency","heater.solar.rural.water","2020",0.427362637
"IEA4","water","efficiency","heater.solar.rural.water","2025",0.444468864
"IEA4","water","efficiency","heater.solar.rural.water","2030",0.461575092
"IEA4","water","efficiency","heater.solar.rural.water","2035",0.478681319
"IEA4","water","efficiency","heater.solar.rural.water","2040",0.495787546
"IEA4","water","efficiency","heater.solar.rural.water","2045",0.512893773
"IEA4","water","efficiency","heater.solar.rural.water","2050",0.53
"IEA4","cool","efficiency","cooling.airconditioners.urban","2011",2
"IEA4","cool","efficiency","cooling.airconditioners.urban","2015",2
"IEA4","cool","efficiency","cooling.airconditioners.urban","2020",2
"IEA4","cool","efficiency","cooling.airconditioners.urban","2025",2
"IEA4","cool","efficiency","cooling.airconditioners.urban","2030",2
"IEA4","cool","efficiency","cooling.airconditioners.urban","2035",2
"IEA4","cool","efficiency","cooling.airconditioners.urban","2040",2
"IEA4","cool","efficiency","cooling.airconditioners.urban","2045",2
"IEA4","cool","efficiency","cooling.airconditioners.urban","2050",2
"IEA4","cool","efficiency","cooling.chillers.urban","2011",1.8
"IEA4","cool","efficiency","cooling.chillers.urban","2015",1.8
"IEA4","cool","efficiency","cooling.chillers.urban","2020",1.8
"IEA4","cool","efficiency","cooling.chillers.urban","2025",1.8
"IEA4","cool","efficiency","cooling.chillers.urban","2030",1.8
"IEA4","cool","efficiency","cooling.chillers.urban","2035",1.8
"IEA4","cool","efficiency","cooling.chillers.urban","2040",1.8
"IEA4","cool","efficiency","cooling.chillers.urban","2045",1.8
"IEA4","cool","efficiency","cooling.chillers.urban","2050",1.8
"IEA4","cool","efficiency","cooling.solarcooling.urban","2011",1
"IEA4","cool","efficiency","cooling.solarcooling.urban","2015",1
"IEA4","cool","efficiency","cooling.solarcooling.urban","2020",1
"IEA4","cool","efficiency","cooling.solarcooling.urban","2025",1
"IEA4","cool","efficiency","cooling.solarcooling.urban","2030",1
"IEA4","cool","efficiency","cooling.solarcooling.urban","2035",1
"IEA4","cool","efficiency","cooling.solarcooling.urban","2040",1
"IEA4","cool","efficiency","cooling.solarcooling.urban","2045",1
"IEA4","cool","efficiency","cooling.solarcooling.urban","2050",1
"IEA4","cool","efficiency","cooling.airconditioners.rural","2011",2
"IEA4","cool","efficiency","cooling.airconditioners.rural","2015",2
"IEA4","cool","efficiency","cooling.airconditioners.rural","2020",2
"IEA4","cool","efficiency","cooling.airconditioners.rural","2025",2
"IEA4","cool","efficiency","cooling.airconditioners.rural","2030",2
"IEA4","cool","efficiency","cooling.airconditioners.rural","2035",2
"IEA4","cool","efficiency","cooling.airconditioners.rural","2040",2
"IEA4","cool","efficiency","cooling.airconditioners.rural","2045",2
"IEA4","cool","efficiency","cooling.airconditioners.rural","2050",2
"IEA4","cool","efficiency","cooling.chillers.rural","2011",1.8
"IEA4","cool","efficiency","cooling.chillers.rural","2015",1.8
"IEA4","cool","efficiency","cooling.chillers.rural","2020",1.8
"IEA4","cool","efficiency","cooling.chillers.rural","2025",1.8
"IEA4","cool","efficiency","cooling.chillers.rural","2030",1.8
"IEA4","cool","efficiency","cooling.chillers.rural","2035",1.8
"IEA4","cool","efficiency","cooling.chillers.rural","2040",1.8
"IEA4","cool","efficiency","cooling.chillers.rural","2045",1.8
"IEA4","cool","efficiency","cooling.chillers.rural","2050",1.8
"IEA4","cool","efficiency","cooling.solarcooling.rural","2011",1
"IEA4","cool","efficiency","cooling.solarcooling.rural","2015",1
"IEA4","cool","efficiency","cooling.solarcooling.rural","2020",1
"IEA4","cool","efficiency","cooling.solarcooling.rural","2025",1
"IEA4","cool","efficiency","cooling.solarcooling.rural","2030",1
"IEA4","cool","efficiency","cooling.solarcooling.rural","2035",1
"IEA4","cool","efficiency","cooling.solarcooling.rural","2040",1
"IEA4","cool","efficiency","cooling.solarcooling.rural","2045",1
"IEA4","cool","efficiency","cooling.solarcooling.rural","2050",1
"IEA4","cool","efficiency","cooling.airconditioners.non residential","2011",2.5
"IEA4","cool","efficiency","cooling.airconditioners.non residential","2015",2.5
"IEA4","cool","efficiency","cooling.airconditioners.non residential","2020",2.5
"IEA4","cool","efficiency","cooling.airconditioners.non residential","2025",2.5
"IEA4","cool","efficiency","cooling.airconditioners.non residential","2030",2.5
"IEA4","cool","efficiency","cooling.airconditioners.non residential","2035",2.5
"IEA4","cool","efficiency","cooling.airconditioners.non residential","2040",2.5
"IEA4","cool","efficiency","cooling.airconditioners.non residential","2045",2.5
"IEA4","cool","efficiency","cooling.airconditioners.non residential","2050",2.5
"IEA4","cool","efficiency","cooling.chillers.non residential","2011",1.8
"IEA4","cool","efficiency","cooling.chillers.non residential","2015",1.8
"IEA4","cool","efficiency","cooling.chillers.non residential","2020",1.8
"IEA4","cool","efficiency","cooling.chillers.non residential","2025",1.8
"IEA4","cool","efficiency","cooling.chillers.non residential","2030",1.8
"IEA4","cool","efficiency","cooling.chillers.non residential","2035",1.8
"IEA4","cool","efficiency","cooling.chillers.non residential","2040",1.8
"IEA4","cool","efficiency","cooling.chillers.non residential","2045",1.8
"IEA4","cool","efficiency","cooling.chillers.non residential","2050",1.8
"IEA4","cool","efficiency","cooling.solarcooling.non residential","2011",1
"IEA4","cool","efficiency","cooling.solarcooling.non residential","2015",1
"IEA4","cool","efficiency","cooling.solarcooling.non residential","2020",1
"IEA4","cool","efficiency","cooling.solarcooling.non residential","2025",1
"IEA4","cool","efficiency","cooling.solarcooling.non residential","2030",1
"IEA4","cool","efficiency","cooling.solarcooling.non residential","2035",1
"IEA4","cool","efficiency","cooling.solarcooling.non residential","2040",1
"IEA4","cool","efficiency","cooling.solarcooling.non residential","2045",1
"IEA4","cool","efficiency","cooling.solarcooling.non residential","2050",1
"IEA4","cook","efficiency","cooker.traditionalbiomass.stoves.urban","2011",0.3
"IEA4","cook","efficiency","cooker.traditionalbiomass.stoves.urban","2015",0.335897436
"IEA4","cook","efficiency","cooker.traditionalbiomass.stoves.urban","2020",0.380769231
"IEA4","cook","efficiency","cooker.traditionalbiomass.stoves.urban","2025",0.425641026
"IEA4","cook","efficiency","cooker.traditionalbiomass.stoves.urban","2030",0.470512821
"IEA4","cook","efficiency","cooker.traditionalbiomass.stoves.urban","2035",0.515384615
"IEA4","cook","efficiency","cooker.traditionalbiomass.stoves.urban","2040",0.56025641
"IEA4","cook","efficiency","cooker.traditionalbiomass.stoves.urban","2045",0.605128205
"IEA4","cook","efficiency","cooker.traditionalbiomass.stoves.urban","2050",0.65
"IEA4","cook","efficiency","cooker.traditionalbiomass.stoves.urban.no.elec","2011",0.3
"IEA4","cook","efficiency","cooker.traditionalbiomass.stoves.urban.no.elec","2015",0.320512821
"IEA4","cook","efficiency","cooker.traditionalbiomass.stoves.urban.no.elec","2020",0.346153846
"IEA4","cook","efficiency","cooker.traditionalbiomass.stoves.urban.no.elec","2025",0.371794872
"IEA4","cook","efficiency","cooker.traditionalbiomass.stoves.urban.no.elec","2030",0.397435897
"IEA4","cook","efficiency","cooker.traditionalbiomass.stoves.urban.no.elec","2035",0.423076923
"IEA4","cook","efficiency","cooker.traditionalbiomass.stoves.urban.no.elec","2040",0.448717949
"IEA4","cook","efficiency","cooker.traditionalbiomass.stoves.urban.no.elec","2045",0.474358974
"IEA4","cook","efficiency","cooker.traditionalbiomass.stoves.urban.no.elec","2050",0.5
"IEA4","cook","efficiency","cooker.traditionalbiomass.stoves.rural","2011",0.3
"IEA4","cook","efficiency","cooker.traditionalbiomass.stoves.rural","2015",0.335897436
"IEA4","cook","efficiency","cooker.traditionalbiomass.stoves.rural","2020",0.380769231
"IEA4","cook","efficiency","cooker.traditionalbiomass.stoves.rural","2025",0.425641026
"IEA4","cook","efficiency","cooker.traditionalbiomass.stoves.rural","2030",0.470512821
"IEA4","cook","efficiency","cooker.traditionalbiomass.stoves.rural","2035",0.515384615
"IEA4","cook","efficiency","cooker.traditionalbiomass.stoves.rural","2040",0.56025641
"IEA4","cook","efficiency","cooker.traditionalbiomass.stoves.rural","2045",0.605128205
"IEA4","cook","efficiency","cooker.traditionalbiomass.stoves.rural","2050",0.65
"IEA4","cook","efficiency","cooker.traditionalbiomass.stoves.rural.no.elec","2011",0.3
"IEA4","cook","efficiency","cooker.traditionalbiomass.stoves.rural.no.elec","2015",0.320512821
"IEA4","cook","efficiency","cooker.traditionalbiomass.stoves.rural.no.elec","2020",0.346153846
"IEA4","cook","efficiency","cooker.traditionalbiomass.stoves.rural.no.elec","2025",0.371794872
"IEA4","cook","efficiency","cooker.traditionalbiomass.stoves.rural.no.elec","2030",0.397435897
"IEA4","cook","efficiency","cooker.traditionalbiomass.stoves.rural.no.elec","2035",0.423076923
"IEA4","cook","efficiency","cooker.traditionalbiomass.stoves.rural.no.elec","2040",0.448717949
"IEA4","cook","efficiency","cooker.traditionalbiomass.stoves.rural.no.elec","2045",0.474358974
"IEA4","cook","efficiency","cooker.traditionalbiomass.stoves.rural.no.elec","2050",0.5
"IEA4","space","heat_demand_TWh","heater.solid.boiler.urban.space","2011",211.7905988
"IEA4","space","heat_demand_TWh","heater.solid.boiler.urban.space","2015",219.1814016
"IEA4","space","heat_demand_TWh","heater.solid.boiler.urban.space","2020",213.1431529
"IEA4","space","heat_demand_TWh","heater.solid.boiler.urban.space","2025",202.2484282
"IEA4","space","heat_demand_TWh","heater.solid.boiler.urban.space","2030",186.2973158
"IEA4","space","heat_demand_TWh","heater.solid.boiler.urban.space","2035",165.1228961
"IEA4","space","heat_demand_TWh","heater.solid.boiler.urban.space","2040",140.1481435
"IEA4","space","heat_demand_TWh","heater.solid.boiler.urban.space","2045",111.6220026
"IEA4","space","heat_demand_TWh","heater.solid.boiler.urban.space","2050",80.9492945
"IEA4","space","heat_demand_TWh","heater.liquid.boiler.urban.space","2011",423.5811976
"IEA4","space","heat_demand_TWh","heater.liquid.boiler.urban.space","2015",473.0159893
"IEA4","space","heat_demand_TWh","heater.liquid.boiler.urban.space","2020",493.7284965
"IEA4","space","heat_demand_TWh","heater.liquid.boiler.urban.space","2025",509.0651981
"IEA4","space","heat_demand_TWh","heater.liquid.boiler.urban.space","2030",517.81392
"IEA4","space","heat_demand_TWh","heater.liquid.boiler.urban.space","2035",518.1008971
"IEA4","space","heat_demand_TWh","heater.liquid.boiler.urban.space","2040",512.314676
"IEA4","space","heat_demand_TWh","heater.liquid.boiler.urban.space","2045",499.0059224
"IEA4","space","heat_demand_TWh","heater.liquid.boiler.urban.space","2050",480.9340438
"IEA4","space","heat_demand_TWh","heater.gas.boiler.urban.space","2011",1664.068991
"IEA4","space","heat_demand_TWh","heater.gas.boiler.urban.space","2015",1858.277101
"IEA4","space","heat_demand_TWh","heater.gas.boiler.urban.space","2020",1949.204426
"IEA4","space","heat_demand_TWh","heater.gas.boiler.urban.space","2025",2020.458325
"IEA4","space","heat_demand_TWh","heater.gas.boiler.urban.space","2030",2067.055567
"IEA4","space","heat_demand_TWh","heater.gas.boiler.urban.space","2035",2081.206273
"IEA4","space","heat_demand_TWh","heater.gas.boiler.urban.space","2040",2072.10076
"IEA4","space","heat_demand_TWh","heater.gas.boiler.urban.space","2045",2033.482579
"IEA4","space","heat_demand_TWh","heater.gas.boiler.urban.space","2050",1976.11513
"IEA4","space","heat_demand_TWh","heater.heatpump.urban.space","2011",60.51159966
"IEA4","space","heat_demand_TWh","heater.heatpump.urban.space","2015",67.57371276
"IEA4","space","heat_demand_TWh","heater.heatpump.urban.space","2020",93.91859816
"IEA4","space","heat_demand_TWh","heater.heatpump.urban.space","2025",123.0334958
"IEA4","space","heat_demand_TWh","heater.heatpump.urban.space","2030",154.2041454
"IEA4","space","heat_demand_TWh","heater.heatpump.urban.space","2035",186.1139145
"IEA4","space","heat_demand_TWh","heater.heatpump.urban.space","2040",218.6311038
"IEA4","space","heat_demand_TWh","heater.heatpump.urban.space","2045",250.1718699
"IEA4","space","heat_demand_TWh","heater.heatpump.urban.space","2050",280.9416691
"IEA4","space","heat_demand_TWh","heater.electricity.urban.space","2011",90.76739948
"IEA4","space","heat_demand_TWh","heater.electricity.urban.space","2015",118.6871622
"IEA4","space","heat_demand_TWh","heater.electricity.urban.space","2020",147.8400623
"IEA4","space","heat_demand_TWh","heater.electricity.urban.space","2025",179.2682834
"IEA4","space","heat_demand_TWh","heater.electricity.urban.space","2030",212.1133944
"IEA4","space","heat_demand_TWh","heater.electricity.urban.space","2035",244.8307264
"IEA4","space","heat_demand_TWh","heater.electricity.urban.space","2040",277.5351593
"IEA4","space","heat_demand_TWh","heater.electricity.urban.space","2045",308.4526881
"IEA4","space","heat_demand_TWh","heater.electricity.urban.space","2050",338.0823476
"IEA4","space","heat_demand_TWh","heater.solar.urban.space","2011",0
"IEA4","space","heat_demand_TWh","heater.solar.urban.space","2015",0
"IEA4","space","heat_demand_TWh","heater.solar.urban.space","2020",7.870273589
"IEA4","space","heat_demand_TWh","heater.solar.urban.space","2025",16.93121501
"IEA4","space","heat_demand_TWh","heater.solar.urban.space","2030",27.00072584
"IEA4","space","heat_demand_TWh","heater.solar.urban.space","2035",37.72579348
"IEA4","space","heat_demand_TWh","heater.solar.urban.space","2040",48.94726204
"IEA4","space","heat_demand_TWh","heater.solar.urban.space","2045",60.20178688
"IEA4","space","heat_demand_TWh","heater.solar.urban.space","2050",71.42584809
"IEA4","space","heat_demand_TWh","heater.microchp.urban.space","2011",60.51159966
"IEA4","space","heat_demand_TWh","heater.microchp.urban.space","2015",67.57371276
"IEA4","space","heat_demand_TWh","heater.microchp.urban.space","2020",82.90021514
"IEA4","space","heat_demand_TWh","heater.microchp.urban.space","2025",99.32979475
"IEA4","space","heat_demand_TWh","heater.microchp.urban.space","2030",116.4031292
"IEA4","space","heat_demand_TWh","heater.microchp.urban.space","2035",133.2978036
"IEA4","space","heat_demand_TWh","heater.microchp.urban.space","2040",150.1049369
"IEA4","space","heat_demand_TWh","heater.microchp.urban.space","2045",165.8893683
"IEA4","space","heat_demand_TWh","heater.microchp.urban.space","2050",180.9454818
"IEA4","space","heat_demand_TWh","heater.districtheating.urban.space","2011",514.3485971
"IEA4","space","heat_demand_TWh","heater.districtheating.urban.space","2015",574.3765584
"IEA4","space","heat_demand_TWh","heater.districtheating.urban.space","2020",684.1891173
"IEA4","space","heat_demand_TWh","heater.districtheating.urban.space","2025",800.2820963
"IEA4","space","heat_demand_TWh","heater.districtheating.urban.space","2030",919.2247108
"IEA4","space","heat_demand_TWh","heater.districtheating.urban.space","2035",1034.944268
"IEA4","space","heat_demand_TWh","heater.districtheating.urban.space","2040",1148.629083
"IEA4","space","heat_demand_TWh","heater.districtheating.urban.space","2045",1253.534985
"IEA4","space","heat_demand_TWh","heater.districtheating.urban.space","2050",1352.32939
"IEA4","space","heat_demand_TWh","heater.solid.boiler.rural.space","2011",283.6595771
"IEA4","space","heat_demand_TWh","heater.solid.boiler.rural.space","2015",300.4286311
"IEA4","space","heat_demand_TWh","heater.solid.boiler.rural.space","2020",296.7457007
"IEA4","space","heat_demand_TWh","heater.solid.boiler.rural.space","2025",291.5609789
"IEA4","space","heat_demand_TWh","heater.solid.boiler.rural.space","2030",283.2911979
"IEA4","space","heat_demand_TWh","heater.solid.boiler.rural.space","2035",271.0393556
"IEA4","space","heat_demand_TWh","heater.solid.boiler.rural.space","2040",256.1707478
"IEA4","space","heat_demand_TWh","heater.solid.boiler.rural.space","2045",238.0641706
"IEA4","space","heat_demand_TWh","heater.solid.boiler.rural.space","2050",217.1954444
"IEA4","space","heat_demand_TWh","heater.liquid.boiler.rural.space","2011",55.34821017
"IEA4","space","heat_demand_TWh","heater.liquid.boiler.rural.space","2015",60.02160059
"IEA4","space","heat_demand_TWh","heater.liquid.boiler.rural.space","2020",60.01079766
"IEA4","space","heat_demand_TWh","heater.liquid.boiler.rural.space","2025",59.74916115
"IEA4","space","heat_demand_TWh","heater.liquid.boiler.rural.space","2030",58.9034163
"IEA4","space","heat_demand_TWh","heater.liquid.boiler.rural.space","2035",57.26312819
"IEA4","space","heat_demand_TWh","heater.liquid.boiler.rural.space","2040",55.08564095
"IEA4","space","heat_demand_TWh","heater.liquid.boiler.rural.space","2045",52.2063433
"IEA4","space","heat_demand_TWh","heater.liquid.boiler.rural.space","2050",48.68640098
"IEA4","space","heat_demand_TWh","heater.gas.boiler.rural.space","2011",115.3087712
"IEA4","space","heat_demand_TWh","heater.gas.boiler.rural.space","2015",125.0450012
"IEA4","space","heat_demand_TWh","heater.gas.boiler.rural.space","2020",131.87558
"IEA4","space","heat_demand_TWh","heater.gas.boiler.rural.space","2025",138.6486945
"IEA4","space","heat_demand_TWh","heater.gas.boiler.rural.space","2030",144.5097146
"IEA4","space","heat_demand_TWh","heater.gas.boiler.rural.space","2035",148.725069
"IEA4","space","heat_demand_TWh","heater.gas.boiler.rural.space","2040",151.6850983
"IEA4","space","heat_demand_TWh","heater.gas.boiler.rural.space","2045",152.6640039
"IEA4","space","heat_demand_TWh","heater.gas.boiler.rural.space","2050",151.468803
"IEA4","space","heat_demand_TWh","heater.heatpump.rural.space","2011",2.306175424
"IEA4","space","heat_demand_TWh","heater.heatpump.rural.space","2015",2.500900024
"IEA4","space","heat_demand_TWh","heater.heatpump.rural.space","2020",5.815861255
"IEA4","space","heat_demand_TWh","heater.heatpump.rural.space","2025",9.345381616
"IEA4","space","heat_demand_TWh","heater.heatpump.rural.space","2030",12.99802053
"IEA4","space","heat_demand_TWh","heater.heatpump.rural.space","2035",16.6222136
"IEA4","space","heat_demand_TWh","heater.heatpump.rural.space","2040",20.15815122
"IEA4","space","heat_demand_TWh","heater.heatpump.rural.space","2045",23.41375397
"IEA4","space","heat_demand_TWh","heater.heatpump.rural.space","2050",26.23656053
"IEA4","space","heat_demand_TWh","heater.electricity.rural.space","2011",4.612350847
"IEA4","space","heat_demand_TWh","heater.electricity.rural.space","2015",12.18387191
"IEA4","space","heat_demand_TWh","heater.electricity.rural.space","2020",19.71864766
"IEA4","space","heat_demand_TWh","heater.electricity.rural.space","2025",27.71402577
"IEA4","space","heat_demand_TWh","heater.electricity.rural.space","2030",35.92604946
"IEA4","space","heat_demand_TWh","heater.electricity.rural.space","2035",43.98738159
"IEA4","space","heat_demand_TWh","heater.electricity.rural.space","2040",51.78991884
"IEA4","space","heat_demand_TWh","heater.electricity.rural.space","2045",58.87918205
"IEA4","space","heat_demand_TWh","heater.electricity.rural.space","2050",64.91520131
"IEA4","space","heat_demand_TWh","heater.solar.rural.space","2011",0
"IEA4","space","heat_demand_TWh","heater.solar.rural.space","2015",0
"IEA4","space","heat_demand_TWh","heater.solar.rural.space","2020",1.111311068
"IEA4","space","heat_demand_TWh","heater.solar.rural.space","2025",2.29804466
"IEA4","space","heat_demand_TWh","heater.solar.rural.space","2030",3.534204978
"IEA4","space","heat_demand_TWh","heater.solar.rural.space","2035",4.771927349
"IEA4","space","heat_demand_TWh","heater.solar.rural.space","2040",5.987569669
"IEA4","space","heat_demand_TWh","heater.solar.rural.space","2045",7.119046814
"IEA4","space","heat_demand_TWh","heater.solar.rural.space","2050",8.114400163
"IEA4","space","heat_demand_TWh","heater.microchp.rural.space","2011",0
"IEA4","space","heat_demand_TWh","heater.microchp.rural.space","2015",0
"IEA4","space","heat_demand_TWh","heater.microchp.rural.space","2020",0
"IEA4","space","heat_demand_TWh","heater.microchp.rural.space","2025",0
"IEA4","space","heat_demand_TWh","heater.microchp.rural.space","2030",0
"IEA4","space","heat_demand_TWh","heater.microchp.rural.space","2035",0
"IEA4","space","heat_demand_TWh","heater.microchp.rural.space","2040",0
"IEA4","space","heat_demand_TWh","heater.microchp.rural.space","2045",0
"IEA4","space","heat_demand_TWh","heater.microchp.rural.space","2050",0
"IEA4","space","heat_demand_TWh","heater.districtheating.rural.space","2011",0
"IEA4","space","heat_demand_TWh","heater.districtheating.rural.space","2015",0
"IEA4","space","heat_demand_TWh","heater.districtheating.rural.space","2020",3.333933203
"IEA4","space","heat_demand_TWh","heater.districtheating.rural.space","2025",6.894133979
"IEA4","space","heat_demand_TWh","heater.districtheating.rural.space","2030",10.60261493
"IEA4","space","heat_demand_TWh","heater.districtheating.rural.space","2035",14.31578205
"IEA4","space","heat_demand_TWh","heater.districtheating.rural.space","2040",17.96270901
"IEA4","space","heat_demand_TWh","heater.districtheating.rural.space","2045",21.35714044
"IEA4","space","heat_demand_TWh","heater.districtheating.rural.space","2050",24.34320049
"IEA4","space","energy_demand_TWh","heater.solid.boiler.urban.space","2011",-385.073816
"IEA4","space","energy_demand_TWh","heater.solid.boiler.urban.space","2015",-402.2623371
"IEA4","space","energy_demand_TWh","heater.solid.boiler.urban.space","2020",-391.1672263
"IEA4","space","energy_demand_TWh","heater.solid.boiler.urban.space","2025",-371.1603987
"IEA4","space","energy_demand_TWh","heater.solid.boiler.urban.space","2030",-341.8758929
"IEA4","space","energy_demand_TWh","heater.solid.boiler.urban.space","2035",-303.0083392
"IEA4","space","energy_demand_TWh","heater.solid.boiler.urban.space","2040",-257.1698415
"IEA4","space","energy_demand_TWh","heater.solid.boiler.urban.space","2045",-204.8178969
"IEA4","space","energy_demand_TWh","heater.solid.boiler.urban.space","2050",-148.5308156
"IEA4","space","energy_demand_TWh","heater.liquid.boiler.urban.space","2011",-705.9686627
"IEA4","space","energy_demand_TWh","heater.liquid.boiler.urban.space","2015",-768.6509826
"IEA4","space","energy_demand_TWh","heater.liquid.boiler.urban.space","2020",-775.3782583
"IEA4","space","energy_demand_TWh","heater.liquid.boiler.urban.space","2025",-773.500301
"IEA4","space","energy_demand_TWh","heater.liquid.boiler.urban.space","2030",-762.0452288
"IEA4","space","energy_demand_TWh","heater.liquid.boiler.urban.space","2035",-739.2157672
"IEA4","space","energy_demand_TWh","heater.liquid.boiler.urban.space","2040",-709.3288021
"IEA4","space","energy_demand_TWh","heater.liquid.boiler.urban.space","2045",-671.0438737
"IEA4","space","energy_demand_TWh","heater.liquid.boiler.urban.space","2050",-628.6719527
"IEA4","space","energy_demand_TWh","heater.gas.boiler.urban.space","2011",-2133.421783
"IEA4","space","energy_demand_TWh","heater.gas.boiler.urban.space","2015",-2376.157604
"IEA4","space","energy_demand_TWh","heater.gas.boiler.urban.space","2020",-2457.43423
"IEA4","space","energy_demand_TWh","heater.gas.boiler.urban.space","2025",-2512.000741
"IEA4","space","energy_demand_TWh","heater.gas.boiler.urban.space","2030",-2534.8404
"IEA4","space","energy_demand_TWh","heater.gas.boiler.urban.space","2035",-2517.811365
"IEA4","space","energy_demand_TWh","heater.gas.boiler.urban.space","2040",-2473.474016
"IEA4","space","energy_demand_TWh","heater.gas.boiler.urban.space","2045",-2395.532684
"IEA4","space","energy_demand_TWh","heater.gas.boiler.urban.space","2050",-2297.808291
"IEA4","space","energy_demand_TWh","heater.heatpump.urban.space","2011",-30.25579983
"IEA4","space","energy_demand_TWh","heater.heatpump.urban.space","2015",-33.78685638
"IEA4","space","energy_demand_TWh","heater.heatpump.urban.space","2020",-45.97413896
"IEA4","space","energy_demand_TWh","heater.heatpump.urban.space","2025",-58.98866235
"IEA4","space","energy_demand_TWh","heater.heatpump.urban.space","2030",-72.4449005
"IEA4","space","energy_demand_TWh","heater.heatpump.urban.space","2035",-85.71035535
"IEA4","space","energy_demand_TWh","heater.heatpump.urban.space","2040",-98.73662752
"IEA4","space","energy_demand_TWh","heater.heatpump.urban.space","2045",-110.8356386
"IEA4","space","energy_demand_TWh","heater.heatpump.urban.space","2050",-122.1485518
"IEA4","space","energy_demand_TWh","heater.electricity.urban.space","2011",-90.76739948
"IEA4","space","energy_demand_TWh","heater.electricity.urban.space","2015",-118.6871622
"IEA4","space","energy_demand_TWh","heater.electricity.urban.space","2020",-147.8400623
"IEA4","space","energy_demand_TWh","heater.electricity.urban.space","2025",-179.2682834
"IEA4","space","energy_demand_TWh","heater.electricity.urban.space","2030",-212.1133944
"IEA4","space","energy_demand_TWh","heater.electricity.urban.space","2035",-244.8307264
"IEA4","space","energy_demand_TWh","heater.electricity.urban.space","2040",-277.5351593
"IEA4","space","energy_demand_TWh","heater.electricity.urban.space","2045",-308.4526881
"IEA4","space","energy_demand_TWh","heater.electricity.urban.space","2050",-338.0823476
"IEA4","space","energy_demand_TWh","heater.solar.urban.space","2011",0
"IEA4","space","energy_demand_TWh","heater.solar.urban.space","2015",0
"IEA4","space","energy_demand_TWh","heater.solar.urban.space","2020",-18.41591403
"IEA4","space","energy_demand_TWh","heater.solar.urban.space","2025",-38.09314075
"IEA4","space","energy_demand_TWh","heater.solar.urban.space","2030",-58.49693004
"IEA4","space","energy_demand_TWh","heater.solar.urban.space","2035",-78.81191934
"IEA4","space","energy_demand_TWh","heater.solar.urban.space","2040",-98.72628399
"IEA4","space","energy_demand_TWh","heater.solar.urban.space","2045",-117.3767163
"IEA4","space","energy_demand_TWh","heater.solar.urban.space","2050",-134.7657511
"IEA4","space","energy_demand_TWh","heater.microchp.urban.space","2011",-121.0231993
"IEA4","space","energy_demand_TWh","heater.microchp.urban.space","2015",-135.1474255
"IEA4","space","energy_demand_TWh","heater.microchp.urban.space","2020",-164.3913615
"IEA4","space","energy_demand_TWh","heater.microchp.urban.space","2025",-195.3113942
"IEA4","space","energy_demand_TWh","heater.microchp.urban.space","2030",-226.9698898
"IEA4","space","energy_demand_TWh","heater.microchp.urban.space","2035",-257.7581838
"IEA4","space","energy_demand_TWh","heater.microchp.urban.space","2040",-287.8724818
"IEA4","space","energy_demand_TWh","heater.microchp.urban.space","2045",-315.5504288
"IEA4","space","energy_demand_TWh","heater.microchp.urban.space","2050",-341.4065695
"IEA4","space","energy_demand_TWh","heater.districtheating.urban.space","2011",-514.3485971
"IEA4","space","energy_demand_TWh","heater.districtheating.urban.space","2015",-574.3765584
"IEA4","space","energy_demand_TWh","heater.districtheating.urban.space","2020",-684.1891173
"IEA4","space","energy_demand_TWh","heater.districtheating.urban.space","2025",-800.2820963
"IEA4","space","energy_demand_TWh","heater.districtheating.urban.space","2030",-919.2247108
"IEA4","space","energy_demand_TWh","heater.districtheating.urban.space","2035",-1034.944268
"IEA4","space","energy_demand_TWh","heater.districtheating.urban.space","2040",-1148.629083
"IEA4","space","energy_demand_TWh","heater.districtheating.urban.space","2045",-1253.534985
"IEA4","space","energy_demand_TWh","heater.districtheating.urban.space","2050",-1352.32939
"IEA4","space","energy_demand_TWh","heater.solid.boiler.rural.space","2011",-515.7446856
"IEA4","space","energy_demand_TWh","heater.solid.boiler.rural.space","2015",-551.3748995
"IEA4","space","energy_demand_TWh","heater.solid.boiler.rural.space","2020",-544.5973332
"IEA4","space","energy_demand_TWh","heater.solid.boiler.rural.space","2025",-535.0641789
"IEA4","space","energy_demand_TWh","heater.solid.boiler.rural.space","2030",-519.8702452
"IEA4","space","energy_demand_TWh","heater.solid.boiler.rural.space","2035",-497.3700616
"IEA4","space","energy_demand_TWh","heater.solid.boiler.rural.space","2040",-470.0696632
"IEA4","space","energy_demand_TWh","heater.solid.boiler.rural.space","2045",-436.8296718
"IEA4","space","energy_demand_TWh","heater.solid.boiler.rural.space","2050",-398.5237511
"IEA4","space","energy_demand_TWh","heater.liquid.boiler.rural.space","2011",-92.24701694
"IEA4","space","energy_demand_TWh","heater.liquid.boiler.rural.space","2015",-97.53510095
"IEA4","space","energy_demand_TWh","heater.liquid.boiler.rural.space","2020",-94.24424173
"IEA4","space","energy_demand_TWh","heater.liquid.boiler.rural.space","2025",-90.78600208
"IEA4","space","energy_demand_TWh","heater.liquid.boiler.rural.space","2030",-86.68571008
"IEA4","space","energy_demand_TWh","heater.liquid.boiler.rural.space","2035",-81.70186054
"IEA4","space","energy_demand_TWh","heater.liquid.boiler.rural.space","2040",-76.26920238
"IEA4","space","energy_demand_TWh","heater.liquid.boiler.rural.space","2045",-70.20507227
"IEA4","space","energy_demand_TWh","heater.liquid.boiler.rural.space","2050",-63.64235422
"IEA4","space","energy_demand_TWh","heater.gas.boiler.rural.space","2011",-147.8317579
"IEA4","space","energy_demand_TWh","heater.gas.boiler.rural.space","2015",-159.8936081
"IEA4","space","energy_demand_TWh","heater.gas.boiler.rural.space","2020",-166.2604293
"IEA4","space","energy_demand_TWh","heater.gas.boiler.rural.space","2025",-172.3795136
"IEA4","space","energy_demand_TWh","heater.gas.boiler.rural.space","2030",-177.2129732
"IEA4","space","energy_demand_TWh","heater.gas.boiler.rural.space","2035",-179.9253029
"IEA4","space","energy_demand_TWh","heater.gas.boiler.rural.space","2040",-181.067039
"IEA4","space","energy_demand_TWh","heater.gas.boiler.rural.space","2045",-179.8449688
"IEA4","space","energy_demand_TWh","heater.gas.boiler.rural.space","2050",-176.1265152
"IEA4","space","energy_demand_TWh","heater.heatpump.rural.space","2011",-1.153087712
"IEA4","space","energy_demand_TWh","heater.heatpump.rural.space","2015",-1.250450012
"IEA4","space","energy_demand_TWh","heater.heatpump.rural.space","2020",-2.84692509
"IEA4","space","energy_demand_TWh","heater.heatpump.rural.space","2025",-4.480662419
"IEA4","space","energy_demand_TWh","heater.heatpump.rural.space","2030",-6.106452598
"IEA4","space","energy_demand_TWh","heater.heatpump.rural.space","2035",-7.654966789
"IEA4","space","energy_demand_TWh","heater.heatpump.rural.space","2040",-9.103681195
"IEA4","space","energy_demand_TWh","heater.heatpump.rural.space","2045",-10.37318214
"IEA4","space","energy_demand_TWh","heater.heatpump.rural.space","2050",-11.40720023
"IEA4","space","energy_demand_TWh","heater.electricity.rural.space","2011",-4.612350847
"IEA4","space","energy_demand_TWh","heater.electricity.rural.space","2015",-12.18387191
"IEA4","space","energy_demand_TWh","heater.electricity.rural.space","2020",-19.71864766
"IEA4","space","energy_demand_TWh","heater.electricity.rural.space","2025",-27.71402577
"IEA4","space","energy_demand_TWh","heater.electricity.rural.space","2030",-35.92604946
"IEA4","space","energy_demand_TWh","heater.electricity.rural.space","2035",-43.98738159
"IEA4","space","energy_demand_TWh","heater.electricity.rural.space","2040",-51.78991884
"IEA4","space","energy_demand_TWh","heater.electricity.rural.space","2045",-58.87918205
"IEA4","space","energy_demand_TWh","heater.electricity.rural.space","2050",-64.91520131
"IEA4","space","energy_demand_TWh","heater.solar.rural.space","2011",0
"IEA4","space","energy_demand_TWh","heater.solar.rural.space","2015",0
"IEA4","space","energy_demand_TWh","heater.solar.rural.space","2020",-2.600393602
"IEA4","space","energy_demand_TWh","heater.solar.rural.space","2025",-5.170316401
"IEA4","space","energy_demand_TWh","heater.solar.rural.space","2030",-7.656836433
"IEA4","space","energy_demand_TWh","heater.solar.rural.space","2035",-9.968902405
"IEA4","space","energy_demand_TWh","heater.solar.rural.space","2040",-12.076886
"IEA4","space","energy_demand_TWh","heater.solar.rural.space","2045",-13.88015841
"IEA4","space","energy_demand_TWh","heater.solar.rural.space","2050",-15.31018899
"IEA4","space","energy_demand_TWh","heater.microchp.rural.space","2011",0
"IEA4","space","energy_demand_TWh","heater.microchp.rural.space","2015",0
"IEA4","space","energy_demand_TWh","heater.microchp.rural.space","2020",0
"IEA4","space","energy_demand_TWh","heater.microchp.rural.space","2025",0
"IEA4","space","energy_demand_TWh","heater.microchp.rural.space","2030",0
"IEA4","space","energy_demand_TWh","heater.microchp.rural.space","2035",0
"IEA4","space","energy_demand_TWh","heater.microchp.rural.space","2040",0
"IEA4","space","energy_demand_TWh","heater.microchp.rural.space","2045",0
"IEA4","space","energy_demand_TWh","heater.microchp.rural.space","2050",0
"IEA4","space","energy_demand_TWh","heater.districtheating.rural.space","2011",0
"IEA4","space","energy_demand_TWh","heater.districtheating.rural.space","2015",0
"IEA4","space","energy_demand_TWh","heater.districtheating.rural.space","2020",-3.333933203
"IEA4","space","energy_demand_TWh","heater.districtheating.rural.space","2025",-6.894133979
"IEA4","space","energy_demand_TWh","heater.districtheating.rural.space","2030",-10.60261493
"IEA4","space","energy_demand_TWh","heater.districtheating.rural.space","2035",-14.31578205
"IEA4","space","energy_demand_TWh","heater.districtheating.rural.space","2040",-17.96270901
"IEA4","space","energy_demand_TWh","heater.districtheating.rural.space","2045",-21.35714044
"IEA4","space","energy_demand_TWh","heater.districtheating.rural.space","2050",-24.34320049
"IEA4","space","households","heater.solid.boiler.urban.space","2011",95283895.79
"IEA4","space","households","heater.solid.boiler.urban.space","2015",98357356.77
"IEA4","space","households","heater.solid.boiler.urban.space","2020",98661351.02
"IEA4","space","households","heater.solid.boiler.urban.space","2025",96805564.88
"IEA4","space","households","heater.solid.boiler.urban.space","2030",92455275.79
"IEA4","space","households","heater.solid.boiler.urban.space","2035",85218412.31
"IEA4","space","households","heater.solid.boiler.urban.space","2040",75465334.06
"IEA4","space","households","heater.solid.boiler.urban.space","2045",62942673.87
"IEA4","space","households","heater.solid.boiler.urban.space","2050",48000576.66
"IEA4","space","households","heater.liquid.boiler.urban.space","2011",190567791.6
"IEA4","space","households","heater.liquid.boiler.urban.space","2015",212265283.8
"IEA4","space","households","heater.liquid.boiler.urban.space","2020",228540864.8
"IEA4","space","households","heater.liquid.boiler.urban.space","2025",243662432.8
"IEA4","space","households","heater.liquid.boiler.urban.space","2030",256979702.5
"IEA4","space","households","heater.liquid.boiler.urban.space","2035",267387121.4
"IEA4","space","households","heater.liquid.boiler.urban.space","2040",275865218.2
"IEA4","space","households","heater.liquid.boiler.urban.space","2045",281385088.1
"IEA4","space","households","heater.liquid.boiler.urban.space","2050",285179896.7
"IEA4","space","households","heater.gas.boiler.urban.space","2011",748659181.2
"IEA4","space","households","heater.gas.boiler.urban.space","2015",833899329.2
"IEA4","space","households","heater.gas.boiler.urban.space","2020",902262819.1
"IEA4","space","households","heater.gas.boiler.urban.space","2025",967085930.8
"IEA4","space","households","heater.gas.boiler.urban.space","2030",1025834386
"IEA4","space","households","heater.gas.boiler.urban.space","2035",1074091471
"IEA4","space","households","heater.gas.boiler.urban.space","2040",1115760596
"IEA4","space","households","heater.gas.boiler.urban.space","2045",1146663094
"IEA4","space","households","heater.gas.boiler.urban.space","2050",1171778783
"IEA4","space","households","heater.heatpump.urban.space","2011",27223970.23
"IEA4","space","households","heater.heatpump.urban.space","2015",30323611.97
"IEA4","space","households","heater.heatpump.urban.space","2020",43473767.06
"IEA4","space","households","heater.heatpump.urban.space","2025",58889590.2
"IEA4","space","households","heater.heatpump.urban.space","2030",76528138.52
"IEA4","space","households","heater.heatpump.urban.space","2035",96051684.4
"IEA4","space","households","heater.heatpump.urban.space","2040",117725921.1
"IEA4","space","households","heater.heatpump.urban.space","2045",141069735.9
"IEA4","space","households","heater.heatpump.urban.space","2050",166590236.7
"IEA4","space","households","heater.electricity.urban.space","2011",40835955.34
"IEA4","space","households","heater.electricity.urban.space","2015",53260703.07
"IEA4","space","households","heater.electricity.urban.space","2020",68433351.41
"IEA4","space","households","heater.electricity.urban.space","2025",85806191.88
"IEA4","space","households","heater.electricity.urban.space","2030",105267229.9
"IEA4","space","households","heater.electricity.urban.space","2035",126354892.5
"IEA4","space","households","heater.electricity.urban.space","2040",149443888.4
"IEA4","space","households","heater.electricity.urban.space","2045",173933781
"IEA4","space","households","heater.electricity.urban.space","2050",200472996.7
"IEA4","space","households","heater.solar.urban.space","2011",0
"IEA4","space","households","heater.solar.urban.space","2015",0
"IEA4","space","households","heater.solar.urban.space","2020",3643053.105
"IEA4","space","households","heater.solar.urban.space","2025",8104072.046
"IEA4","space","households","heater.solar.urban.space","2030",13399868.61
"IEA4","space","households","heater.solar.urban.space","2035",19469936.03
"IEA4","space","households","heater.solar.urban.space","2040",26356549.51
"IEA4","space","households","heater.solar.urban.space","2045",33947262.64
"IEA4","space","households","heater.solar.urban.space","2050",42353450
"IEA4","space","households","heater.microchp.urban.space","2011",27223970.23
"IEA4","space","households","heater.microchp.urban.space","2015",30323611.97
"IEA4","space","households","heater.microchp.urban.space","2020",38373492.71
"IEA4","space","households","heater.microchp.urban.space","2025",47543889.33
"IEA4","space","households","heater.microchp.urban.space","2030",57768322.46
"IEA4","space","households","heater.microchp.urban.space","2035",68793773.96
"IEA4","space","households","heater.microchp.urban.space","2040",80826751.82
"IEA4","space","households","heater.microchp.urban.space","2045",93543568.18
"IEA4","space","households","heater.microchp.urban.space","2050",107295406.7
"IEA4","space","households","heater.districtheating.urban.space","2011",231403746.9
"IEA4","space","households","heater.districtheating.urban.space","2015",257750701.7
"IEA4","space","households","heater.districtheating.urban.space","2020",316702750
"IEA4","space","households","heater.districtheating.urban.space","2025",383052472
"IEA4","space","households","heater.districtheating.urban.space","2030",456191082.5
"IEA4","space","households","heater.districtheating.urban.space","2035",534125245
"IEA4","space","households","heater.districtheating.urban.space","2040",618500361.8
"IEA4","space","households","heater.districtheating.urban.space","2045",706857446.6
"IEA4","space","households","heater.districtheating.urban.space","2050",801891986.6
"IEA4","space","households","heater.solid.boiler.rural.space","2011",348636617.8
"IEA4","space","households","heater.solid.boiler.rural.space","2015",358022717.2
"IEA4","space","households","heater.solid.boiler.rural.space","2020",354922636
"IEA4","space","households","heater.solid.boiler.rural.space","2025",351679420.4
"IEA4","space","households","heater.solid.boiler.rural.space","2030",346384662
"IEA4","space","households","heater.solid.boiler.rural.space","2035",337829807.4
"IEA4","space","households","heater.solid.boiler.rural.space","2040",327499852
"IEA4","space","households","heater.solid.boiler.rural.space","2045",314324443.9
"IEA4","space","households","heater.solid.boiler.rural.space","2050",298485433.8
"IEA4","space","households","heater.liquid.boiler.rural.space","2011",68026657.13
"IEA4","space","households","heater.liquid.boiler.rural.space","2015",71528124.5
"IEA4","space","households","heater.liquid.boiler.rural.space","2020",71775902.54
"IEA4","space","households","heater.liquid.boiler.rural.space","2025",72069144.65
"IEA4","space","households","heater.liquid.boiler.rural.space","2030",72022145.75
"IEA4","space","households","heater.liquid.boiler.rural.space","2035",71374105.52
"IEA4","space","households","heater.liquid.boiler.rural.space","2040",70423884.91
"IEA4","space","households","heater.liquid.boiler.rural.space","2045",68929859.47
"IEA4","space","households","heater.liquid.boiler.rural.space","2050",66908316.42
"IEA4","space","households","heater.gas.boiler.rural.space","2011",141722202.4
"IEA4","space","households","heater.gas.boiler.rural.space","2015",149016926
"IEA4","space","households","heater.gas.boiler.rural.space","2020",157729761.1
"IEA4","space","households","heater.gas.boiler.rural.space","2025",167237374.1
"IEA4","space","households","heater.gas.boiler.rural.space","2030",176694330.9
"IEA4","space","households","heater.gas.boiler.rural.space","2035",185374412.9
"IEA4","space","households","heater.gas.boiler.rural.space","2040",193920842.5
"IEA4","space","households","heater.gas.boiler.rural.space","2045",201567619.4
"IEA4","space","households","heater.gas.boiler.rural.space","2050",208159206.6
"IEA4","space","households","heater.heatpump.rural.space","2011",2834444.047
"IEA4","space","households","heater.heatpump.rural.space","2015",2980338.521
"IEA4","space","households","heater.heatpump.rural.space","2020",6956059.691
"IEA4","space","households","heater.heatpump.rural.space","2025",11272353.39
"IEA4","space","households","heater.heatpump.rural.space","2030",15892886.83
"IEA4","space","households","heater.heatpump.rural.space","2035",20718316.74
"IEA4","space","households","heater.heatpump.rural.space","2040",25771059.33
"IEA4","space","households","heater.heatpump.rural.space","2045",30913997.58
"IEA4","space","households","heater.heatpump.rural.space","2050",36056148.29
"IEA4","space","households","heater.electricity.rural.space","2011",5668888.094
"IEA4","space","households","heater.electricity.rural.space","2015",14519597.92
"IEA4","space","households","heater.electricity.rural.space","2020",23584484.6
"IEA4","space","households","heater.electricity.rural.space","2025",33428521.73
"IEA4","space","households","heater.electricity.rural.space","2030",43927353.17
"IEA4","space","households","heater.electricity.rural.space","2035",54826903.71
"IEA4","space","households","heater.electricity.rural.space","2040",66210490.08
"IEA4","space","households","heater.electricity.rural.space","2045",77740241.67
"IEA4","space","households","heater.electricity.rural.space","2050",89211088.56
"IEA4","space","households","heater.solar.rural.space","2011",0
"IEA4","space","households","heater.solar.rural.space","2015",0
"IEA4","space","households","heater.solar.rural.space","2020",1329183.38
"IEA4","space","households","heater.solar.rural.space","2025",2771890.179
"IEA4","space","households","heater.solar.rural.space","2030",4321328.745
"IEA4","space","households","heater.solar.rural.space","2035",5947842.127
"IEA4","space","households","heater.solar.rural.space","2040",7654770.099
"IEA4","space","households","heater.solar.rural.space","2045",9399526.292
"IEA4","space","households","heater.solar.rural.space","2050",11151386.07
"IEA4","space","households","heater.microchp.rural.space","2011",0
"IEA4","space","households","heater.microchp.rural.space","2015",0
"IEA4","space","households","heater.microchp.rural.space","2020",0
"IEA4","space","households","heater.microchp.rural.space","2025",0
"IEA4","space","households","heater.microchp.rural.space","2030",0
"IEA4","space","households","heater.microchp.rural.space","2035",0
"IEA4","space","households","heater.microchp.rural.space","2040",0
"IEA4","space","households","heater.microchp.rural.space","2045",0
"IEA4","space","households","heater.microchp.rural.space","2050",0
"IEA4","space","households","heater.districtheating.rural.space","2011",0
"IEA4","space","households","heater.districtheating.rural.space","2015",0
"IEA4","space","households","heater.districtheating.rural.space","2020",3987550.141
"IEA4","space","households","heater.districtheating.rural.space","2025",8315670.536
"IEA4","space","households","heater.districtheating.rural.space","2030",12963986.23
"IEA4","space","households","heater.districtheating.rural.space","2035",17843526.38
"IEA4","space","households","heater.districtheating.rural.space","2040",22964310.3
"IEA4","space","households","heater.districtheating.rural.space","2045",28198578.87
"IEA4","space","households","heater.districtheating.rural.space","2050",33454158.21
"IEA4","cool","demand_TWh","cooling.airconditioners.urban","2011",721.2556226
"IEA4","cool","demand_TWh","cooling.airconditioners.urban","2015",892.1009059
"IEA4","cool","demand_TWh","cooling.airconditioners.urban","2020",1104.689477
"IEA4","cool","demand_TWh","cooling.airconditioners.urban","2025",1330.385754
"IEA4","cool","demand_TWh","cooling.airconditioners.urban","2030",1562.26112
"IEA4","cool","demand_TWh","cooling.airconditioners.urban","2035",1788.581401
"IEA4","cool","demand_TWh","cooling.airconditioners.urban","2040",2010.033428
"IEA4","cool","demand_TWh","cooling.airconditioners.urban","2045",2213.747142
"IEA4","cool","demand_TWh","cooling.airconditioners.urban","2050",2403.510741
"IEA4","cool","demand_TWh","cooling.chillers.urban","2011",0
"IEA4","cool","demand_TWh","cooling.chillers.urban","2015",1.84318369
"IEA4","cool","demand_TWh","cooling.chillers.urban","2020",6.649087061
"IEA4","cool","demand_TWh","cooling.chillers.urban","2025",13.40111886
"IEA4","cool","demand_TWh","cooling.chillers.urban","2030",22.23486303
"IEA4","cool","demand_TWh","cooling.chillers.urban","2035",33.09100643
"IEA4","cool","demand_TWh","cooling.chillers.urban","2040",45.99718383
"IEA4","cool","demand_TWh","cooling.chillers.urban","2045",60.62278792
"IEA4","cool","demand_TWh","cooling.chillers.urban","2050",76.93356675
"IEA4","cool","demand_TWh","cooling.solarcooling.urban","2011",0
"IEA4","cool","demand_TWh","cooling.solarcooling.urban","2015",4.607959224
"IEA4","cool","demand_TWh","cooling.solarcooling.urban","2020",15.41548117
"IEA4","cool","demand_TWh","cooling.solarcooling.urban","2025",30.5577729
"IEA4","cool","demand_TWh","cooling.solarcooling.urban","2030",50.33235222
"IEA4","cool","demand_TWh","cooling.solarcooling.urban","2035",74.60063163
"IEA4","cool","demand_TWh","cooling.solarcooling.urban","2040",103.4244503
"IEA4","cool","demand_TWh","cooling.solarcooling.urban","2045",136.0613402
"IEA4","cool","demand_TWh","cooling.solarcooling.urban","2050",172.4373048
"IEA4","cool","demand_TWh","cooling.airconditioners.rural","2011",28.31182396
"IEA4","cool","demand_TWh","cooling.airconditioners.rural","2015",50.2914435
"IEA4","cool","demand_TWh","cooling.airconditioners.rural","2020",82.23380665
"IEA4","cool","demand_TWh","cooling.airconditioners.rural","2025",116.6925442
"IEA4","cool","demand_TWh","cooling.airconditioners.rural","2030",152.5033681
"IEA4","cool","demand_TWh","cooling.airconditioners.rural","2035",187.9474588
"IEA4","cool","demand_TWh","cooling.airconditioners.rural","2040",222.3970347
"IEA4","cool","demand_TWh","cooling.airconditioners.rural","2045",253.746847
"IEA4","cool","demand_TWh","cooling.airconditioners.rural","2050",280.3917669
"IEA4","cool","demand_TWh","cooling.chillers.rural","2011",0
"IEA4","cool","demand_TWh","cooling.chillers.rural","2015",0.103907941
"IEA4","cool","demand_TWh","cooling.chillers.rural","2020",0.494962386
"IEA4","cool","demand_TWh","cooling.chillers.rural","2025",1.175456554
"IEA4","cool","demand_TWh","cooling.chillers.rural","2030",2.170502394
"IEA4","cool","demand_TWh","cooling.chillers.rural","2035",3.477264476
"IEA4","cool","demand_TWh","cooling.chillers.rural","2040",5.089287146
"IEA4","cool","demand_TWh","cooling.chillers.rural","2045",6.948779741
"IEA4","cool","demand_TWh","cooling.chillers.rural","2050",8.975012408
"IEA4","cool","demand_TWh","cooling.solarcooling.rural","2011",0
"IEA4","cool","demand_TWh","cooling.solarcooling.rural","2015",0.259769853
"IEA4","cool","demand_TWh","cooling.solarcooling.rural","2020",1.147538493
"IEA4","cool","demand_TWh","cooling.solarcooling.rural","2025",2.680323548
"IEA4","cool","demand_TWh","cooling.solarcooling.rural","2030",4.913297232
"IEA4","cool","demand_TWh","cooling.solarcooling.rural","2035",7.839173063
"IEA4","cool","demand_TWh","cooling.solarcooling.rural","2040",11.44323808
"IEA4","cool","demand_TWh","cooling.solarcooling.rural","2045",15.59579024
"IEA4","cool","demand_TWh","cooling.solarcooling.rural","2050",20.11640712
"IEA4","cool","energy_demand_TWh","cooling.airconditioners.urban","2011",-360.6278113
"IEA4","cool","energy_demand_TWh","cooling.airconditioners.urban","2015",-446.0504529
"IEA4","cool","energy_demand_TWh","cooling.airconditioners.urban","2020",-552.3447387
"IEA4","cool","energy_demand_TWh","cooling.airconditioners.urban","2025",-665.1928771
"IEA4","cool","energy_demand_TWh","cooling.airconditioners.urban","2030",-781.1305599
"IEA4","cool","energy_demand_TWh","cooling.airconditioners.urban","2035",-894.2907003
"IEA4","cool","energy_demand_TWh","cooling.airconditioners.urban","2040",-1005.016714
"IEA4","cool","energy_demand_TWh","cooling.airconditioners.urban","2045",-1106.873571
"IEA4","cool","energy_demand_TWh","cooling.airconditioners.urban","2050",-1201.75537
"IEA4","cool","energy_demand_TWh","cooling.chillers.urban","2011",0
"IEA4","cool","energy_demand_TWh","cooling.chillers.urban","2015",-1.023990939
"IEA4","cool","energy_demand_TWh","cooling.chillers.urban","2020",-3.693937256
"IEA4","cool","energy_demand_TWh","cooling.chillers.urban","2025",-7.445066031
"IEA4","cool","energy_demand_TWh","cooling.chillers.urban","2030",-12.35270168
"IEA4","cool","energy_demand_TWh","cooling.chillers.urban","2035",-18.38389246
"IEA4","cool","energy_demand_TWh","cooling.chillers.urban","2040",-25.55399101
"IEA4","cool","energy_demand_TWh","cooling.chillers.urban","2045",-33.67932662
"IEA4","cool","energy_demand_TWh","cooling.chillers.urban","2050",-42.74087042
"IEA4","cool","energy_demand_TWh","cooling.solarcooling.urban","2011",0
"IEA4","cool","energy_demand_TWh","cooling.solarcooling.urban","2015",-4.607959224
"IEA4","cool","energy_demand_TWh","cooling.solarcooling.urban","2020",-15.41548117
"IEA4","cool","energy_demand_TWh","cooling.solarcooling.urban","2025",-30.5577729
"IEA4","cool","energy_demand_TWh","cooling.solarcooling.urban","2030",-50.33235222
"IEA4","cool","energy_demand_TWh","cooling.solarcooling.urban","2035",-74.60063163
"IEA4","cool","energy_demand_TWh","cooling.solarcooling.urban","2040",-103.4244503
"IEA4","cool","energy_demand_TWh","cooling.solarcooling.urban","2045",-136.0613402
"IEA4","cool","energy_demand_TWh","cooling.solarcooling.urban","2050",-172.4373048
"IEA4","cool","energy_demand_TWh","cooling.airconditioners.rural","2011",-14.15591198
"IEA4","cool","energy_demand_TWh","cooling.airconditioners.rural","2015",-25.14572175
"IEA4","cool","energy_demand_TWh","cooling.airconditioners.rural","2020",-41.11690332
"IEA4","cool","energy_demand_TWh","cooling.airconditioners.rural","2025",-58.34627211
"IEA4","cool","energy_demand_TWh","cooling.airconditioners.rural","2030",-76.25168403
"IEA4","cool","energy_demand_TWh","cooling.airconditioners.rural","2035",-93.97372938
"IEA4","cool","energy_demand_TWh","cooling.airconditioners.rural","2040",-111.1985173
"IEA4","cool","energy_demand_TWh","cooling.airconditioners.rural","2045",-126.8734235
"IEA4","cool","energy_demand_TWh","cooling.airconditioners.rural","2050",-140.1958835
"IEA4","cool","energy_demand_TWh","cooling.chillers.rural","2011",0
"IEA4","cool","energy_demand_TWh","cooling.chillers.rural","2015",-0.057726634
"IEA4","cool","energy_demand_TWh","cooling.chillers.rural","2020",-0.274979103
"IEA4","cool","energy_demand_TWh","cooling.chillers.rural","2025",-0.653031419
"IEA4","cool","energy_demand_TWh","cooling.chillers.rural","2030",-1.205834663
"IEA4","cool","energy_demand_TWh","cooling.chillers.rural","2035",-1.931813598
"IEA4","cool","energy_demand_TWh","cooling.chillers.rural","2040",-2.827381748
"IEA4","cool","energy_demand_TWh","cooling.chillers.rural","2045",-3.860433189
"IEA4","cool","energy_demand_TWh","cooling.chillers.rural","2050",-4.986118004
"IEA4","cool","energy_demand_TWh","cooling.solarcooling.rural","2011",0
"IEA4","cool","energy_demand_TWh","cooling.solarcooling.rural","2015",-0.259769853
"IEA4","cool","energy_demand_TWh","cooling.solarcooling.rural","2020",-1.147538493
"IEA4","cool","energy_demand_TWh","cooling.solarcooling.rural","2025",-2.680323548
"IEA4","cool","energy_demand_TWh","cooling.solarcooling.rural","2030",-4.913297232
"IEA4","cool","energy_demand_TWh","cooling.solarcooling.rural","2035",-7.839173063
"IEA4","cool","energy_demand_TWh","cooling.solarcooling.rural","2040",-11.44323808
"IEA4","cool","energy_demand_TWh","cooling.solarcooling.rural","2045",-15.59579024
"IEA4","cool","energy_demand_TWh","cooling.solarcooling.rural","2050",-20.11640712
"IEA4","cool","households","cooling.airconditioners.urban","2011",1361198511
"IEA4","cool","households","cooling.airconditioners.urban","2015",1505295199
"IEA4","cool","households","cooling.airconditioners.urban","2020",1666799548
"IEA4","cool","households","cooling.airconditioners.urban","2025",1830467446
"IEA4","cool","households","cooling.airconditioners.urban","2030",1991900013
"IEA4","cool","households","cooling.airconditioners.urban","2035",2142491730
"IEA4","cool","households","cooling.airconditioners.urban","2040",2289730870
"IEA4","cool","households","cooling.airconditioners.urban","2045",2424898427
"IEA4","cool","households","cooling.airconditioners.urban","2050",2558148380
"IEA4","cool","households","cooling.chillers.urban","2011",0
"IEA4","cool","households","cooling.chillers.urban","2015",3110114.048
"IEA4","cool","households","cooling.chillers.urban","2020",10032407.78
"IEA4","cool","households","cooling.chillers.urban","2025",18438495.54
"IEA4","cool","households","cooling.chillers.urban","2030",28349693.54
"IEA4","cool","households","cooling.chillers.urban","2035",39638792.84
"IEA4","cool","households","cooling.chillers.urban","2040",52397721.5
"IEA4","cool","households","cooling.chillers.urban","2045",66405101.23
"IEA4","cool","households","cooling.chillers.urban","2050",81883336.66
"IEA4","cool","households","cooling.solarcooling.urban","2011",0
"IEA4","cool","households","cooling.solarcooling.urban","2015",7775285.12
"IEA4","cool","households","cooling.solarcooling.urban","2020",23259492.9
"IEA4","cool","households","cooling.solarcooling.urban","2025",42044202.83
"IEA4","cool","households","cooling.solarcooling.urban","2030",64174299.53
"IEA4","cool","households","cooling.solarcooling.urban","2035",89362014.07
"IEA4","cool","households","cooling.solarcooling.urban","2040",117816029
"IEA4","cool","households","cooling.solarcooling.urban","2045",149039121.8
"IEA4","cool","households","cooling.solarcooling.urban","2050",183531616.7
"IEA4","cool","households","cooling.airconditioners.rural","2011",566888809.4
"IEA4","cool","households","cooling.airconditioners.rural","2015",591788243.8
"IEA4","cool","households","cooling.airconditioners.rural","2020",608138886.3
"IEA4","cool","households","cooling.airconditioners.rural","2025",626087071.6
"IEA4","cool","households","cooling.airconditioners.rural","2030",642368595.8
"IEA4","cool","households","cooling.airconditioners.rural","2035",654506648
"IEA4","cool","households","cooling.airconditioners.rural","2040",665009788
"IEA4","cool","households","cooling.airconditioners.rural","2045",671420749.3
"IEA4","cool","households","cooling.airconditioners.rural","2050",673543718.6
"IEA4","cool","households","cooling.chillers.rural","2011",0
"IEA4","cool","households","cooling.chillers.rural","2015",1222702.983
"IEA4","cool","households","cooling.chillers.rural","2020",3660366.54
"IEA4","cool","households","cooling.chillers.rural","2025",6306642.441
"IEA4","cool","households","cooling.chillers.rural","2030",9142503.493
"IEA4","cool","households","cooling.chillers.rural","2035",12109196.53
"IEA4","cool","households","cooling.chillers.rural","2040",15217944.66
"IEA4","cool","households","cooling.chillers.rural","2045",18386651.71
"IEA4","cool","households","cooling.chillers.rural","2050",21559346.4
"IEA4","cool","households","cooling.solarcooling.rural","2011",0
"IEA4","cool","households","cooling.solarcooling.rural","2015",3056757.457
"IEA4","cool","households","cooling.solarcooling.rural","2020",8486324.66
"IEA4","cool","households","cooling.solarcooling.rural","2025",14380661.01
"IEA4","cool","households","cooling.solarcooling.rural","2030",20695594.36
"IEA4","cool","households","cooling.solarcooling.rural","2035",27299070.27
"IEA4","cool","households","cooling.solarcooling.rural","2040",34217476.59
"IEA4","cool","households","cooling.solarcooling.rural","2045",41266866.14
"IEA4","cool","households","cooling.solarcooling.rural","2050",48322672.97
"IEA4","water","heat_demand_TWh","heater.solid.boiler.urban.water","2011",213.164963
"IEA4","water","heat_demand_TWh","heater.solid.boiler.urban.water","2015",234.5130225
"IEA4","water","heat_demand_TWh","heater.solid.boiler.urban.water","2020",247.0611779
"IEA4","water","heat_demand_TWh","heater.solid.boiler.urban.water","2025",257.5992521
"IEA4","water","heat_demand_TWh","heater.solid.boiler.urban.water","2030",265.5288502
"IEA4","water","heat_demand_TWh","heater.solid.boiler.urban.water","2035",269.852729
"IEA4","water","heat_demand_TWh","heater.solid.boiler.urban.water","2040",271.7338476
"IEA4","water","heat_demand_TWh","heater.solid.boiler.urban.water","2045",270.3086718
"IEA4","water","heat_demand_TWh","heater.solid.boiler.urban.water","2050",266.9307944
"IEA4","water","heat_demand_TWh","heater.liquid.boiler.urban.water","2011",304.5213757
"IEA4","water","heat_demand_TWh","heater.liquid.boiler.urban.water","2015",335.0186036
"IEA4","water","heat_demand_TWh","heater.liquid.boiler.urban.water","2020",352.9445398
"IEA4","water","heat_demand_TWh","heater.liquid.boiler.urban.water","2025",367.9989316
"IEA4","water","heat_demand_TWh","heater.liquid.boiler.urban.water","2030",379.3269289
"IEA4","water","heat_demand_TWh","heater.liquid.boiler.urban.water","2035",385.5038986
"IEA4","water","heat_demand_TWh","heater.liquid.boiler.urban.water","2040",388.1912108
"IEA4","water","heat_demand_TWh","heater.liquid.boiler.urban.water","2045",386.1552454
"IEA4","water","heat_demand_TWh","heater.liquid.boiler.urban.water","2050",381.3297064
"IEA4","water","heat_demand_TWh","heater.gas.boiler.urban.water","2011",1157.181228
"IEA4","water","heat_demand_TWh","heater.gas.boiler.urban.water","2015",1273.070693
"IEA4","water","heat_demand_TWh","heater.gas.boiler.urban.water","2020",1393.340758
"IEA4","water","heat_demand_TWh","heater.gas.boiler.urban.water","2025",1512.24561
"IEA4","water","heat_demand_TWh","heater.gas.boiler.urban.water","2030",1626.131015
"IEA4","water","heat_demand_TWh","heater.gas.boiler.urban.water","2035",1728.120925
"IEA4","water","heat_demand_TWh","heater.gas.boiler.urban.water","2040",1824.498691
"IEA4","water","heat_demand_TWh","heater.gas.boiler.urban.water","2045",1908.49804
"IEA4","water","heat_demand_TWh","heater.gas.boiler.urban.water","2050",1988.36204
"IEA4","water","heat_demand_TWh","heater.heatpump.urban.water","2011",609.0427514
"IEA4","water","heat_demand_TWh","heater.heatpump.urban.water","2015",670.0372071
"IEA4","water","heat_demand_TWh","heater.heatpump.urban.water","2020",737.4960534
"IEA4","water","heat_demand_TWh","heater.heatpump.urban.water","2025",804.9976629
"IEA4","water","heat_demand_TWh","heater.heatpump.urban.water","2030",870.5863941
"IEA4","water","heat_demand_TWh","heater.heatpump.urban.water","2035",930.5266518
"IEA4","water","heat_demand_TWh","heater.heatpump.urban.water","2040",988.123082
"IEA4","water","heat_demand_TWh","heater.heatpump.urban.water","2045",1039.648738
"IEA4","water","heat_demand_TWh","heater.heatpump.urban.water","2050",1089.513447
"IEA4","water","heat_demand_TWh","heater.electricity.urban.water","2011",304.5213757
"IEA4","water","heat_demand_TWh","heater.electricity.urban.water","2015",335.0186036
"IEA4","water","heat_demand_TWh","heater.electricity.urban.water","2020",400.3550004
"IEA4","water","heat_demand_TWh","heater.electricity.urban.water","2025",471.4986311
"IEA4","water","heat_demand_TWh","heater.electricity.urban.water","2030",547.2257334
"IEA4","water","heat_demand_TWh","heater.electricity.urban.water","2035",624.7821805
"IEA4","water","heat_demand_TWh","heater.electricity.urban.water","2040",705.8022015
"IEA4","water","heat_demand_TWh","heater.electricity.urban.water","2045",787.1626156
"IEA4","water","heat_demand_TWh","heater.electricity.urban.water","2050",871.6107574
"IEA4","water","heat_demand_TWh","heater.solar.urban.water","2011",91.35641271
"IEA4","water","heat_demand_TWh","heater.solar.urban.water","2015",100.5055811
"IEA4","water","heat_demand_TWh","heater.solar.urban.water","2020",129.5885922
"IEA4","water","heat_demand_TWh","heater.solar.urban.water","2025",162.1495292
"IEA4","water","heat_demand_TWh","heater.solar.urban.water","2030",197.7474809
"IEA4","water","heat_demand_TWh","heater.solar.urban.water","2035",235.2903105
"IEA4","water","heat_demand_TWh","heater.solar.urban.water","2040",275.2628586
"IEA4","water","heat_demand_TWh","heater.solar.urban.water","2045",316.3502587
"IEA4","water","heat_demand_TWh","heater.solar.urban.water","2050",359.5394374
"IEA4","water","heat_demand_TWh","heater.microchp.urban.water","2011",0
"IEA4","water","heat_demand_TWh","heater.microchp.urban.water","2015",0
"IEA4","water","heat_demand_TWh","heater.microchp.urban.water","2020",3.160697372
"IEA4","water","heat_demand_TWh","heater.microchp.urban.water","2025",6.899979968
"IEA4","water","heat_demand_TWh","heater.microchp.urban.water","2030",11.19325364
"IEA4","water","heat_demand_TWh","heater.microchp.urban.water","2035",15.95188546
"IEA4","water","heat_demand_TWh","heater.microchp.urban.water","2040",21.17406604
"IEA4","water","heat_demand_TWh","heater.microchp.urban.water","2045",26.73382468
"IEA4","water","heat_demand_TWh","heater.microchp.urban.water","2050",32.6854034
"IEA4","water","heat_demand_TWh","heater.districtheating.urban.water","2011",365.4256508
"IEA4","water","heat_demand_TWh","heater.districtheating.urban.water","2015",402.0223243
"IEA4","water","heat_demand_TWh","heater.districtheating.urban.water","2020",423.5334478
"IEA4","water","heat_demand_TWh","heater.districtheating.urban.water","2025",441.5987179
"IEA4","water","heat_demand_TWh","heater.districtheating.urban.water","2030",455.1923146
"IEA4","water","heat_demand_TWh","heater.districtheating.urban.water","2035",462.6046783
"IEA4","water","heat_demand_TWh","heater.districtheating.urban.water","2040",465.829453
"IEA4","water","heat_demand_TWh","heater.districtheating.urban.water","2045",463.3862945
"IEA4","water","heat_demand_TWh","heater.districtheating.urban.water","2050",457.5956476
"IEA4","water","heat_demand_TWh","heater.solid.boiler.rural.water","2011",882.6803148
"IEA4","water","heat_demand_TWh","heater.solid.boiler.rural.water","2015",930.5997629
"IEA4","water","heat_demand_TWh","heater.solid.boiler.rural.water","2020",948.7589558
"IEA4","water","heat_demand_TWh","heater.solid.boiler.rural.water","2025",967.6592914
"IEA4","water","heat_demand_TWh","heater.solid.boiler.rural.water","2030",982.1394834
"IEA4","water","heat_demand_TWh","heater.solid.boiler.rural.water","2035",988.4537832
"IEA4","water","heat_demand_TWh","heater.solid.boiler.rural.water","2040",990.5104947
"IEA4","water","heat_demand_TWh","heater.solid.boiler.rural.water","2045",984.7587267
"IEA4","water","heat_demand_TWh","heater.solid.boiler.rural.water","2050",971.1737374
"IEA4","water","heat_demand_TWh","heater.liquid.boiler.rural.water","2011",50.72875372
"IEA4","water","heat_demand_TWh","heater.liquid.boiler.rural.water","2015",53.73614266
"IEA4","water","heat_demand_TWh","heater.liquid.boiler.rural.water","2020",53.90324257
"IEA4","water","heat_demand_TWh","heater.liquid.boiler.rural.water","2025",54.02628734
"IEA4","water","heat_demand_TWh","heater.liquid.boiler.rural.water","2030",53.81257758
"IEA4","water","heat_demand_TWh","heater.liquid.boiler.rural.water","2035",53.06699841
"IEA4","water","heat_demand_TWh","heater.liquid.boiler.rural.water","2040",52.01471372
"IEA4","water","heat_demand_TWh","heater.liquid.boiler.rural.water","2045",50.48155492
"IEA4","water","heat_demand_TWh","heater.liquid.boiler.rural.water","2050",48.48941628
"IEA4","water","heat_demand_TWh","heater.gas.boiler.rural.water","2011",10.14575074
"IEA4","water","heat_demand_TWh","heater.gas.boiler.rural.water","2015",10.74722853
"IEA4","water","heat_demand_TWh","heater.gas.boiler.rural.water","2020",10.78064851
"IEA4","water","heat_demand_TWh","heater.gas.boiler.rural.water","2025",10.80525747
"IEA4","water","heat_demand_TWh","heater.gas.boiler.rural.water","2030",10.76251552
"IEA4","water","heat_demand_TWh","heater.gas.boiler.rural.water","2035",10.61339968
"IEA4","water","heat_demand_TWh","heater.gas.boiler.rural.water","2040",10.40294274
"IEA4","water","heat_demand_TWh","heater.gas.boiler.rural.water","2045",10.09631098
"IEA4","water","heat_demand_TWh","heater.gas.boiler.rural.water","2050",9.697883255
"IEA4","water","heat_demand_TWh","heater.heatpump.rural.water","2011",0
"IEA4","water","heat_demand_TWh","heater.heatpump.rural.water","2015",0
"IEA4","water","heat_demand_TWh","heater.heatpump.rural.water","2020",7.240734076
"IEA4","water","heat_demand_TWh","heater.heatpump.rural.water","2025",15.19489331
"IEA4","water","heat_demand_TWh","heater.heatpump.rural.water","2030",23.81868188
"IEA4","water","heat_demand_TWh","heater.heatpump.rural.water","2035",32.93813695
"IEA4","water","heat_demand_TWh","heater.heatpump.rural.water","2040",42.55749304
"IEA4","water","heat_demand_TWh","heater.heatpump.rural.water","2045",52.42315318
"IEA4","water","heat_demand_TWh","heater.heatpump.rural.water","2050",62.34353521
"IEA4","water","heat_demand_TWh","heater.electricity.rural.water","2011",20.29150149
"IEA4","water","heat_demand_TWh","heater.electricity.rural.water","2015",25.90357646
"IEA4","water","heat_demand_TWh","heater.electricity.rural.water","2020",37.26812018
"IEA4","water","heat_demand_TWh","heater.electricity.rural.water","2025",49.72323208
"IEA4","water","heat_demand_TWh","heater.electricity.rural.water","2030",63.05956443
"IEA4","water","heat_demand_TWh","heater.electricity.rural.water","2035",76.91195738
"IEA4","water","heat_demand_TWh","heater.electricity.rural.water","2040",91.39555058
"IEA4","water","heat_demand_TWh","heater.electricity.rural.water","2045",106.0311792
"IEA4","water","heat_demand_TWh","heater.electricity.rural.water","2050",120.5308347
"IEA4","water","heat_demand_TWh","heater.solar.rural.water","2011",50.72875372
"IEA4","water","heat_demand_TWh","heater.solar.rural.water","2015",53.73614266
"IEA4","water","heat_demand_TWh","heater.solar.rural.water","2020",68.38471072
"IEA4","water","heat_demand_TWh","heater.solar.rural.water","2025",84.41607397
"IEA4","water","heat_demand_TWh","heater.solar.rural.water","2030",101.4499413
"IEA4","water","heat_demand_TWh","heater.solar.rural.water","2035",118.9432723
"IEA4","water","heat_demand_TWh","heater.solar.rural.water","2040",137.1296998
"IEA4","water","heat_demand_TWh","heater.solar.rural.water","2045",155.3278613
"IEA4","water","heat_demand_TWh","heater.solar.rural.water","2050",173.1764867
"IEA4","water","heat_demand_TWh","heater.microchp.rural.water","2011",0
"IEA4","water","heat_demand_TWh","heater.microchp.rural.water","2015",0
"IEA4","water","heat_demand_TWh","heater.microchp.rural.water","2020",0
"IEA4","water","heat_demand_TWh","heater.microchp.rural.water","2025",0
"IEA4","water","heat_demand_TWh","heater.microchp.rural.water","2030",0
"IEA4","water","heat_demand_TWh","heater.microchp.rural.water","2035",0
"IEA4","water","heat_demand_TWh","heater.microchp.rural.water","2040",0
"IEA4","water","heat_demand_TWh","heater.microchp.rural.water","2045",0
"IEA4","water","heat_demand_TWh","heater.microchp.rural.water","2050",0
"IEA4","water","heat_demand_TWh","heater.districtheating.rural.water","2011",0
"IEA4","water","heat_demand_TWh","heater.districtheating.rural.water","2015",0
"IEA4","water","heat_demand_TWh","heater.districtheating.rural.water","2020",0
"IEA4","water","heat_demand_TWh","heater.districtheating.rural.water","2025",0
"IEA4","water","heat_demand_TWh","heater.districtheating.rural.water","2030",0
"IEA4","water","heat_demand_TWh","heater.districtheating.rural.water","2035",0
"IEA4","water","heat_demand_TWh","heater.districtheating.rural.water","2040",0
"IEA4","water","heat_demand_TWh","heater.districtheating.rural.water","2045",0
"IEA4","water","heat_demand_TWh","heater.districtheating.rural.water","2050",0
"IEA4","water","energy_demand_TWh","heater.solid.boiler.urban.water","2011",-387.57266
"IEA4","water","energy_demand_TWh","heater.solid.boiler.urban.water","2015",-430.4003707
"IEA4","water","energy_demand_TWh","heater.solid.boiler.urban.water","2020",-453.4146856
"IEA4","water","energy_demand_TWh","heater.solid.boiler.urban.water","2025",-472.7386114
"IEA4","water","energy_demand_TWh","heater.solid.boiler.urban.water","2030",-487.2743999
"IEA4","water","energy_demand_TWh","heater.solid.boiler.urban.water","2035",-495.1925457
"IEA4","water","energy_demand_TWh","heater.solid.boiler.urban.water","2040",-498.627729
"IEA4","water","energy_demand_TWh","heater.solid.boiler.urban.water","2045",-495.9958825
"IEA4","water","energy_demand_TWh","heater.solid.boiler.urban.water","2050",-489.7812742
"IEA4","water","energy_demand_TWh","heater.liquid.boiler.urban.water","2011",-507.5356262
"IEA4","water","energy_demand_TWh","heater.liquid.boiler.urban.water","2015",-544.4052308
"IEA4","water","energy_demand_TWh","heater.liquid.boiler.urban.water","2020",-554.2834261
"IEA4","water","energy_demand_TWh","heater.liquid.boiler.urban.water","2025",-559.1568338
"IEA4","water","energy_demand_TWh","heater.liquid.boiler.urban.water","2030",-558.2396786
"IEA4","water","energy_demand_TWh","heater.liquid.boiler.urban.water","2035",-550.0290808
"IEA4","water","energy_demand_TWh","heater.liquid.boiler.urban.water","2040",-537.4728061
"IEA4","water","energy_demand_TWh","heater.liquid.boiler.urban.water","2045",-519.286646
"IEA4","water","energy_demand_TWh","heater.liquid.boiler.urban.water","2050",-498.4702044
"IEA4","water","energy_demand_TWh","heater.gas.boiler.urban.water","2011",-1483.565676
"IEA4","water","energy_demand_TWh","heater.gas.boiler.urban.water","2015",-1627.860887
"IEA4","water","energy_demand_TWh","heater.gas.boiler.urban.water","2020",-1756.636312
"IEA4","water","energy_demand_TWh","heater.gas.boiler.urban.water","2025",-1880.148699
"IEA4","water","energy_demand_TWh","heater.gas.boiler.urban.water","2030",-1994.132454
"IEA4","water","energy_demand_TWh","heater.gas.boiler.urban.water","2035",-2090.654137
"IEA4","water","energy_demand_TWh","heater.gas.boiler.urban.water","2040",-2177.910549
"IEA4","water","energy_demand_TWh","heater.gas.boiler.urban.water","2045",-2248.295352
"IEA4","water","energy_demand_TWh","heater.gas.boiler.urban.water","2050",-2312.048884
"IEA4","water","energy_demand_TWh","heater.heatpump.urban.water","2011",-304.5213757
"IEA4","water","energy_demand_TWh","heater.heatpump.urban.water","2015",-335.0186036
"IEA4","water","energy_demand_TWh","heater.heatpump.urban.water","2020",-361.0120541
"IEA4","water","energy_demand_TWh","heater.heatpump.urban.water","2025",-385.9577836
"IEA4","water","energy_demand_TWh","heater.heatpump.urban.water","2030",-409.0003194
"IEA4","water","energy_demand_TWh","heater.heatpump.urban.water","2035",-428.5320107
"IEA4","water","energy_demand_TWh","heater.heatpump.urban.water","2040",-446.2491338
"IEA4","water","energy_demand_TWh","heater.heatpump.urban.water","2045",-460.6038711
"IEA4","water","energy_demand_TWh","heater.heatpump.urban.water","2050",-473.7014986
"IEA4","water","energy_demand_TWh","heater.electricity.urban.water","2011",-304.5213757
"IEA4","water","energy_demand_TWh","heater.electricity.urban.water","2015",-335.0186036
"IEA4","water","energy_demand_TWh","heater.electricity.urban.water","2020",-400.3550004
"IEA4","water","energy_demand_TWh","heater.electricity.urban.water","2025",-471.4986311
"IEA4","water","energy_demand_TWh","heater.electricity.urban.water","2030",-547.2257334
"IEA4","water","energy_demand_TWh","heater.electricity.urban.water","2035",-624.7821805
"IEA4","water","energy_demand_TWh","heater.electricity.urban.water","2040",-705.8022015
"IEA4","water","energy_demand_TWh","heater.electricity.urban.water","2045",-787.1626156
"IEA4","water","energy_demand_TWh","heater.electricity.urban.water","2050",-871.6107574
"IEA4","water","energy_demand_TWh","heater.solar.urban.water","2011",-228.3910318
"IEA4","water","energy_demand_TWh","heater.solar.urban.water","2015",-244.9823538
"IEA4","water","energy_demand_TWh","heater.solar.urban.water","2020",-303.2286422
"IEA4","water","energy_demand_TWh","heater.solar.urban.water","2025",-364.8163959
"IEA4","water","energy_demand_TWh","heater.solar.urban.water","2030",-428.4188739
"IEA4","water","energy_demand_TWh","heater.solar.urban.water","2035",-491.5385275
"IEA4","water","energy_demand_TWh","heater.solar.urban.water","2040",-555.2032537
"IEA4","water","energy_demand_TWh","heater.solar.urban.water","2045",-616.794891
"IEA4","water","energy_demand_TWh","heater.solar.urban.water","2050",-678.376297
"IEA4","water","energy_demand_TWh","heater.microchp.urban.water","2011",0
"IEA4","water","energy_demand_TWh","heater.microchp.urban.water","2015",0
"IEA4","water","energy_demand_TWh","heater.microchp.urban.water","2020",-6.267671842
"IEA4","water","energy_demand_TWh","heater.microchp.urban.water","2025",-13.56737634
"IEA4","water","energy_demand_TWh","heater.microchp.urban.water","2030",-21.82528565
"IEA4","water","energy_demand_TWh","heater.microchp.urban.water","2035",-30.84618735
"IEA4","water","energy_demand_TWh","heater.microchp.urban.water","2040",-40.60779789
"IEA4","water","energy_demand_TWh","heater.microchp.urban.water","2045",-50.85238391
"IEA4","water","energy_demand_TWh","heater.microchp.urban.water","2050",-61.67057246
"IEA4","water","energy_demand_TWh","heater.districtheating.urban.water","2011",-365.4256508
"IEA4","water","energy_demand_TWh","heater.districtheating.urban.water","2015",-402.0223243
"IEA4","water","energy_demand_TWh","heater.districtheating.urban.water","2020",-423.5334478
"IEA4","water","energy_demand_TWh","heater.districtheating.urban.water","2025",-441.5987179
"IEA4","water","energy_demand_TWh","heater.districtheating.urban.water","2030",-455.1923146
"IEA4","water","energy_demand_TWh","heater.districtheating.urban.water","2035",-462.6046783
"IEA4","water","energy_demand_TWh","heater.districtheating.urban.water","2040",-465.829453
"IEA4","water","energy_demand_TWh","heater.districtheating.urban.water","2045",-463.3862945
"IEA4","water","energy_demand_TWh","heater.districtheating.urban.water","2050",-457.5956476
"IEA4","water","energy_demand_TWh","heater.solid.boiler.rural.water","2011",-1604.8733
"IEA4","water","energy_demand_TWh","heater.solid.boiler.rural.water","2015",-1707.924271
"IEA4","water","energy_demand_TWh","heater.solid.boiler.rural.water","2020",-1741.193203
"IEA4","water","energy_demand_TWh","heater.solid.boiler.rural.water","2025",-1775.820023
"IEA4","water","energy_demand_TWh","heater.solid.boiler.rural.water","2030",-1802.333069
"IEA4","water","energy_demand_TWh","heater.solid.boiler.rural.water","2035",-1813.859534
"IEA4","water","energy_demand_TWh","heater.solid.boiler.rural.water","2040",-1817.57261
"IEA4","water","energy_demand_TWh","heater.solid.boiler.rural.water","2045",-1806.95747
"IEA4","water","energy_demand_TWh","heater.solid.boiler.rural.water","2050",-1781.97016
"IEA4","water","energy_demand_TWh","heater.liquid.boiler.rural.water","2011",-84.54792287
"IEA4","water","energy_demand_TWh","heater.liquid.boiler.rural.water","2015",-87.32123182
"IEA4","water","energy_demand_TWh","heater.liquid.boiler.rural.water","2020",-84.65260287
"IEA4","water","energy_demand_TWh","heater.liquid.boiler.rural.water","2025",-82.09036814
"IEA4","water","energy_demand_TWh","heater.liquid.boiler.rural.water","2030",-79.19373429
"IEA4","water","energy_demand_TWh","heater.liquid.boiler.rural.water","2035",-75.71490837
"IEA4","water","energy_demand_TWh","heater.liquid.boiler.rural.water","2040",-72.01732899
"IEA4","water","energy_demand_TWh","heater.liquid.boiler.rural.water","2045",-67.88564353
"IEA4","water","energy_demand_TWh","heater.liquid.boiler.rural.water","2050",-63.38485788
"IEA4","water","energy_demand_TWh","heater.gas.boiler.rural.water","2011",-13.00737275
"IEA4","water","energy_demand_TWh","heater.gas.boiler.rural.water","2015",-13.74235779
"IEA4","water","energy_demand_TWh","heater.gas.boiler.rural.water","2020",-13.59156296
"IEA4","water","energy_demand_TWh","heater.gas.boiler.rural.water","2025",-13.43398893
"IEA4","water","energy_demand_TWh","heater.gas.boiler.rural.water","2030",-13.19812567
"IEA4","water","energy_demand_TWh","heater.gas.boiler.rural.water","2035",-12.83992783
"IEA4","water","energy_demand_TWh","heater.gas.boiler.rural.water","2040",-12.4180296
"IEA4","water","energy_demand_TWh","heater.gas.boiler.rural.water","2045",-11.89390221
"IEA4","water","energy_demand_TWh","heater.gas.boiler.rural.water","2050",-11.27660844
"IEA4","water","energy_demand_TWh","heater.heatpump.rural.water","2011",0
"IEA4","water","energy_demand_TWh","heater.heatpump.rural.water","2015",0
"IEA4","water","energy_demand_TWh","heater.heatpump.rural.water","2020",-3.544415282
"IEA4","water","energy_demand_TWh","heater.heatpump.rural.water","2025",-7.285222822
"IEA4","water","energy_demand_TWh","heater.heatpump.rural.water","2030",-11.18998478
"IEA4","water","energy_demand_TWh","heater.heatpump.rural.water","2035",-15.16887886
"IEA4","water","energy_demand_TWh","heater.heatpump.rural.water","2040",-19.21951299
"IEA4","water","energy_demand_TWh","heater.heatpump.rural.water","2045",-23.22544761
"IEA4","water","energy_demand_TWh","heater.heatpump.rural.water","2050",-27.10588487
"IEA4","water","energy_demand_TWh","heater.electricity.rural.water","2011",-20.29150149
"IEA4","water","energy_demand_TWh","heater.electricity.rural.water","2015",-25.90357646
"IEA4","water","energy_demand_TWh","heater.electricity.rural.water","2020",-37.26812018
"IEA4","water","energy_demand_TWh","heater.electricity.rural.water","2025",-49.72323208
"IEA4","water","energy_demand_TWh","heater.electricity.rural.water","2030",-63.05956443
"IEA4","water","energy_demand_TWh","heater.electricity.rural.water","2035",-76.91195738
"IEA4","water","energy_demand_TWh","heater.electricity.rural.water","2040",-91.39555058
"IEA4","water","energy_demand_TWh","heater.electricity.rural.water","2045",-106.0311792
"IEA4","water","energy_demand_TWh","heater.electricity.rural.water","2050",-120.5308347
"IEA4","water","energy_demand_TWh","heater.solar.rural.water","2011",-126.8218843
"IEA4","water","energy_demand_TWh","heater.solar.rural.water","2015",-130.9818477
"IEA4","water","energy_demand_TWh","heater.solar.rural.water","2020",-160.0156512
"IEA4","water","energy_demand_TWh","heater.solar.rural.water","2025",-189.9257309
"IEA4","water","energy_demand_TWh","heater.solar.rural.water","2030",-219.7907625
"IEA4","water","energy_demand_TWh","heater.solar.rural.water","2035",-248.4811244
"IEA4","water","energy_demand_TWh","heater.solar.rural.water","2040",-276.589642
"IEA4","water","energy_demand_TWh","heater.solar.rural.water","2045",-302.8460658
"IEA4","water","energy_demand_TWh","heater.solar.rural.water","2050",-326.7480881
"IEA4","water","energy_demand_TWh","heater.microchp.rural.water","2011",0
"IEA4","water","energy_demand_TWh","heater.microchp.rural.water","2015",0
"IEA4","water","energy_demand_TWh","heater.microchp.rural.water","2020",0
"IEA4","water","energy_demand_TWh","heater.microchp.rural.water","2025",0
"IEA4","water","energy_demand_TWh","heater.microchp.rural.water","2030",0
"IEA4","water","energy_demand_TWh","heater.microchp.rural.water","2035",0
"IEA4","water","energy_demand_TWh","heater.microchp.rural.water","2040",0
"IEA4","water","energy_demand_TWh","heater.microchp.rural.water","2045",0
"IEA4","water","energy_demand_TWh","heater.microchp.rural.water","2050",0
"IEA4","water","energy_demand_TWh","heater.districtheating.rural.water","2011",0
"IEA4","water","energy_demand_TWh","heater.districtheating.rural.water","2015",0
"IEA4","water","energy_demand_TWh","heater.districtheating.rural.water","2020",0
"IEA4","water","energy_demand_TWh","heater.districtheating.rural.water","2025",0
"IEA4","water","energy_demand_TWh","heater.districtheating.rural.water","2030",0
"IEA4","water","energy_demand_TWh","heater.districtheating.rural.water","2035",0
"IEA4","water","energy_demand_TWh","heater.districtheating.rural.water","2040",0
"IEA4","water","energy_demand_TWh","heater.districtheating.rural.water","2045",0
"IEA4","water","energy_demand_TWh","heater.districtheating.rural.water","2050",0
"IEA4","water","households","heater.solid.boiler.urban.water","2011",95283895.79
"IEA4","water","households","heater.solid.boiler.urban.water","2015",106132641.9
"IEA4","water","households","heater.solid.boiler.urban.water","2020",113906127.1
"IEA4","water","households","heater.solid.boiler.urban.water","2025",121020809.2
"IEA4","water","households","heater.solid.boiler.urban.water","2030",127149864.4
"IEA4","water","households","heater.solid.boiler.urban.water","2035",131746567.1
"IEA4","water","households","heater.solid.boiler.urban.water","2040",135296954.1
"IEA4","water","households","heater.solid.boiler.urban.water","2045",137297817.8
"IEA4","water","households","heater.solid.boiler.urban.water","2050",138354603.3
"IEA4","water","households","heater.liquid.boiler.urban.water","2011",136119851.1
"IEA4","water","households","heater.liquid.boiler.urban.water","2015",151618059.8
"IEA4","water","households","heater.liquid.boiler.urban.water","2020",162723038.7
"IEA4","water","households","heater.liquid.boiler.urban.water","2025",172886870.3
"IEA4","water","households","heater.liquid.boiler.urban.water","2030",181642663.4
"IEA4","water","households","heater.liquid.boiler.urban.water","2035",188209381.6
"IEA4","water","households","heater.liquid.boiler.urban.water","2040",193281363.1
"IEA4","water","households","heater.liquid.boiler.urban.water","2045",196139739.7
"IEA4","water","households","heater.liquid.boiler.urban.water","2050",197649433.3
"IEA4","water","households","heater.gas.boiler.urban.water","2011",517255434.3
"IEA4","water","households","heater.gas.boiler.urban.water","2015",576148627.4
"IEA4","water","households","heater.gas.boiler.urban.water","2020",642391697.6
"IEA4","water","households","heater.gas.boiler.urban.water","2025",710456982.7
"IEA4","water","households","heater.gas.boiler.urban.water","2030",778681253.8
"IEA4","water","households","heater.gas.boiler.urban.water","2035",843697227.9
"IEA4","water","households","heater.gas.boiler.urban.water","2040",908422406.4
"IEA4","water","households","heater.gas.boiler.urban.water","2045",969382944.4
"IEA4","water","households","heater.gas.boiler.urban.water","2050",1030600617
"IEA4","water","households","heater.heatpump.urban.water","2011",272239702.3
"IEA4","water","households","heater.heatpump.urban.water","2015",303236119.7
"IEA4","water","households","heater.heatpump.urban.water","2020",340018289.8
"IEA4","water","households","heater.heatpump.urban.water","2025",378190028.8
"IEA4","water","households","heater.heatpump.urban.water","2030",416884801.3
"IEA4","water","households","heater.heatpump.urban.water","2035",454298507.3
"IEA4","water","households","heater.heatpump.urban.water","2040",491988924.1
"IEA4","water","households","heater.heatpump.urban.water","2045",528068530
"IEA4","water","households","heater.heatpump.urban.water","2050",564712666.6
"IEA4","water","households","heater.electricity.urban.water","2011",136119851.1
"IEA4","water","households","heater.electricity.urban.water","2015",151618059.8
"IEA4","water","households","heater.electricity.urban.water","2020",184581357.3
"IEA4","water","households","heater.electricity.urban.water","2025",221511302.6
"IEA4","water","households","heater.electricity.urban.water","2030",262041875.1
"IEA4","water","households","heater.electricity.urban.water","2035",305028997.8
"IEA4","water","households","heater.electricity.urban.water","2040",351420660.1
"IEA4","water","households","heater.electricity.urban.water","2045",399823315.6
"IEA4","water","households","heater.electricity.urban.water","2050",451770133.3
"IEA4","water","households","heater.solar.urban.water","2011",40835955.34
"IEA4","water","households","heater.solar.urban.water","2015",45485417.95
"IEA4","water","households","heater.solar.urban.water","2020",59746070.93
"IEA4","water","households","heater.solar.urban.water","2025",76178277.23
"IEA4","water","households","heater.solar.urban.water","2030",94692404.86
"IEA4","water","households","heater.solar.urban.water","2035",114872622.6
"IEA4","water","households","heater.solar.urban.water","2040",137054057.4
"IEA4","water","households","heater.solar.urban.water","2045",160683709.9
"IEA4","water","households","heater.solar.urban.water","2050",186355180
"IEA4","water","households","heater.microchp.urban.water","2011",0
"IEA4","water","households","heater.microchp.urban.water","2015",0
"IEA4","water","households","heater.microchp.urban.water","2020",1457221.242
"IEA4","water","households","heater.microchp.urban.water","2025",3241628.818
"IEA4","water","households","heater.microchp.urban.water","2030",5359947.445
"IEA4","water","households","heater.microchp.urban.water","2035",7787974.411
"IEA4","water","households","heater.microchp.urban.water","2040",10542619.8
"IEA4","water","households","heater.microchp.urban.water","2045",13578905.06
"IEA4","water","households","heater.microchp.urban.water","2050",16941380
"IEA4","water","households","heater.districtheating.urban.water","2011",163343821.4
"IEA4","water","households","heater.districtheating.urban.water","2015",181941671.8
"IEA4","water","households","heater.districtheating.urban.water","2020",195267646.4
"IEA4","water","households","heater.districtheating.urban.water","2025",207464244.4
"IEA4","water","households","heater.districtheating.urban.water","2030",217971196.1
"IEA4","water","households","heater.districtheating.urban.water","2035",225851257.9
"IEA4","water","households","heater.districtheating.urban.water","2040",231937635.7
"IEA4","water","households","heater.districtheating.urban.water","2045",235367687.7
"IEA4","water","households","heater.districtheating.urban.water","2050",237179320
"IEA4","water","households","heater.solid.boiler.rural.water","2011",493193264.2
"IEA4","water","households","heater.solid.boiler.rural.water","2015",516133496.7
"IEA4","water","households","heater.solid.boiler.rural.water","2020",522491762.4
"IEA4","water","households","heater.solid.boiler.rural.water","2025",529568434.1
"IEA4","water","households","heater.solid.boiler.rural.water","2030",534556983.8
"IEA4","water","households","heater.solid.boiler.rural.water","2035",535473551.1
"IEA4","water","households","heater.solid.boiler.rural.water","2040",534486144
"IEA4","water","households","heater.solid.boiler.rural.water","2045",529704814.4
"IEA4","water","households","heater.solid.boiler.rural.water","2050",521141442.3
"IEA4","water","households","heater.liquid.boiler.rural.water","2011",28344440.47
"IEA4","water","households","heater.liquid.boiler.rural.water","2015",29803385.21
"IEA4","water","households","heater.liquid.boiler.rural.water","2020",29685095.5
"IEA4","water","households","heater.liquid.boiler.rural.water","2025",29566828.57
"IEA4","water","households","heater.liquid.boiler.rural.water","2030",29289005.94
"IEA4","water","households","heater.liquid.boiler.rural.water","2035",28747903.61
"IEA4","water","households","heater.liquid.boiler.rural.water","2040",28067490.36
"IEA4","water","households","heater.liquid.boiler.rural.water","2045",27154187.06
"IEA4","water","households","heater.liquid.boiler.rural.water","2050",26019900.83
"IEA4","water","households","heater.gas.boiler.rural.water","2011",5668888.094
"IEA4","water","households","heater.gas.boiler.rural.water","2015",5960677.042
"IEA4","water","households","heater.gas.boiler.rural.water","2020",5937019.099
"IEA4","water","households","heater.gas.boiler.rural.water","2025",5913365.715
"IEA4","water","households","heater.gas.boiler.rural.water","2030",5857801.187
"IEA4","water","households","heater.gas.boiler.rural.water","2035",5749580.722
"IEA4","water","households","heater.gas.boiler.rural.water","2040",5613498.072
"IEA4","water","households","heater.gas.boiler.rural.water","2045",5430837.413
"IEA4","water","households","heater.gas.boiler.rural.water","2050",5203980.166
"IEA4","water","households","heater.heatpump.rural.water","2011",0
"IEA4","water","households","heater.heatpump.rural.water","2015",0
"IEA4","water","households","heater.heatpump.rural.water","2020",3987550.141
"IEA4","water","households","heater.heatpump.rural.water","2025",8315670.536
"IEA4","water","households","heater.heatpump.rural.water","2030",12963986.23
"IEA4","water","households","heater.heatpump.rural.water","2035",17843526.38
"IEA4","water","households","heater.heatpump.rural.water","2040",22964310.3
"IEA4","water","households","heater.heatpump.rural.water","2045",28198578.87
"IEA4","water","households","heater.heatpump.rural.water","2050",33454158.21
"IEA4","water","households","heater.electricity.rural.water","2011",11337776.19
"IEA4","water","households","heater.electricity.rural.water","2015",14366760.05
"IEA4","water","households","heater.electricity.rural.water","2020",20523954.66
"IEA4","water","households","heater.electricity.rural.water","2025",27211906.49
"IEA4","water","households","heater.electricity.rural.water","2030",34321938.11
"IEA4","water","households","heater.electricity.rural.water","2035",41665396.64
"IEA4","water","households","heater.electricity.rural.water","2040",49317655.56
"IEA4","water","households","heater.electricity.rural.water","2045",57034504.55
"IEA4","water","households","heater.electricity.rural.water","2050",64678039.2
"IEA4","water","households","heater.solar.rural.water","2011",28344440.47
"IEA4","water","households","heater.solar.rural.water","2015",29803385.21
"IEA4","water","households","heater.solar.rural.water","2020",37660195.78
"IEA4","water","households","heater.solar.rural.water","2025",46198169.64
"IEA4","water","households","heater.solar.rural.water","2030",55216978.41
"IEA4","water","households","heater.solar.rural.water","2035",64434956.37
"IEA4","water","households","heater.solar.rural.water","2040",73996110.95
"IEA4","water","households","heater.solar.rural.water","2045",83551344.81
"IEA4","water","households","heater.solar.rural.water","2050",92928217.25
"IEA4","water","households","heater.microchp.rural.water","2011",0
"IEA4","water","households","heater.microchp.rural.water","2015",0
"IEA4","water","households","heater.microchp.rural.water","2020",0
"IEA4","water","households","heater.microchp.rural.water","2025",0
"IEA4","water","households","heater.microchp.rural.water","2030",0
"IEA4","water","households","heater.microchp.rural.water","2035",0
"IEA4","water","households","heater.microchp.rural.water","2040",0
"IEA4","water","households","heater.microchp.rural.water","2045",0
"IEA4","water","households","heater.microchp.rural.water","2050",0
"IEA4","water","households","heater.districtheating.rural.water","2011",0
"IEA4","water","households","heater.districtheating.rural.water","2015",0
"IEA4","water","households","heater.districtheating.rural.water","2020",0
"IEA4","water","households","heater.districtheating.rural.water","2025",0
"IEA4","water","households","heater.districtheating.rural.water","2030",0
"IEA4","water","households","heater.districtheating.rural.water","2035",0
"IEA4","water","households","heater.districtheating.rural.water","2040",0
"IEA4","water","households","heater.districtheating.rural.water","2045",0
"IEA4","water","households","heater.districtheating.rural.water","2050",0
"IEA4","cook","demand_TWh","cooker.traditionalbiomass.stoves.urban","2011",228.6813499
"IEA4","cook","demand_TWh","cooker.traditionalbiomass.stoves.urban","2015",249.1201353
"IEA4","cook","demand_TWh","cooker.traditionalbiomass.stoves.urban","2020",264.5330552
"IEA4","cook","demand_TWh","cooker.traditionalbiomass.stoves.urban","2025",278.193023
"IEA4","cook","demand_TWh","cooker.traditionalbiomass.stoves.urban","2030",289.4516908
"IEA4","cook","demand_TWh","cooker.traditionalbiomass.stoves.urban","2035",297.1959501
"IEA4","cook","demand_TWh","cooker.traditionalbiomass.stoves.urban","2040",302.6658707
"IEA4","cook","demand_TWh","cooker.traditionalbiomass.stoves.urban","2045",304.8678066
"IEA4","cook","demand_TWh","cooker.traditionalbiomass.stoves.urban","2050",305.2836676
"IEA4","cook","demand_TWh","cooker.traditionalbiomass.stoves.rural","2011",516.5774276
"IEA4","cook","demand_TWh","cooker.traditionalbiomass.stoves.rural","2015",533.3086526
"IEA4","cook","demand_TWh","cooker.traditionalbiomass.stoves.rural","2020",534.8708416
"IEA4","cook","demand_TWh","cooker.traditionalbiomass.stoves.rural","2025",537.0243787
"IEA4","cook","demand_TWh","cooker.traditionalbiomass.stoves.rural","2030",536.9275764
"IEA4","cook","demand_TWh","cooker.traditionalbiomass.stoves.rural","2035",532.6653743
"IEA4","cook","demand_TWh","cooker.traditionalbiomass.stoves.rural","2040",526.4897599
"IEA4","cook","demand_TWh","cooker.traditionalbiomass.stoves.rural","2045",516.6111633
"IEA4","cook","demand_TWh","cooker.traditionalbiomass.stoves.rural","2050",503.1505395
"IEA4","cook","energy_demand_TWh","cooker.traditionalbiomass.stoves.urban","2011",-762.2711663
"IEA4","cook","energy_demand_TWh","cooker.traditionalbiomass.stoves.urban","2015",-741.6553645
"IEA4","cook","energy_demand_TWh","cooker.traditionalbiomass.stoves.urban","2020",-694.7332762
"IEA4","cook","energy_demand_TWh","cooker.traditionalbiomass.stoves.urban","2025",-653.5860178
"IEA4","cook","energy_demand_TWh","cooker.traditionalbiomass.stoves.urban","2030",-615.1834301
"IEA4","cook","energy_demand_TWh","cooker.traditionalbiomass.stoves.urban","2035",-576.6488584
"IEA4","cook","energy_demand_TWh","cooker.traditionalbiomass.stoves.urban","2040",-540.2274123
"IEA4","cook","energy_demand_TWh","cooker.traditionalbiomass.stoves.urban","2045",-503.8069685
"IEA4","cook","energy_demand_TWh","cooker.traditionalbiomass.stoves.urban","2050",-469.6671809
"IEA4","cook","energy_demand_TWh","cooker.traditionalbiomass.stoves.rural","2011",-1721.924759
"IEA4","cook","energy_demand_TWh","cooker.traditionalbiomass.stoves.rural","2015",-1587.712783
"IEA4","cook","energy_demand_TWh","cooker.traditionalbiomass.stoves.rural","2020",-1404.711301
"IEA4","cook","energy_demand_TWh","cooker.traditionalbiomass.stoves.rural","2025",-1261.683781
"IEA4","cook","energy_demand_TWh","cooker.traditionalbiomass.stoves.rural","2030",-1141.153977
"IEA4","cook","energy_demand_TWh","cooker.traditionalbiomass.stoves.rural","2035",-1033.529831
"IEA4","cook","energy_demand_TWh","cooker.traditionalbiomass.stoves.rural","2040",-939.7300062
"IEA4","cook","energy_demand_TWh","cooker.traditionalbiomass.stoves.rural","2045",-853.7218377
"IEA4","cook","energy_demand_TWh","cooker.traditionalbiomass.stoves.rural","2050",-774.077753
"IEA4","cook","households","cooker.traditionalbiomass.stoves.urban","2011",163343821.4
"IEA4","cook","households","cooker.traditionalbiomass.stoves.urban","2015",181941671.8
"IEA4","cook","households","cooker.traditionalbiomass.stoves.urban","2020",199639310.2
"IEA4","cook","households","cooker.traditionalbiomass.stoves.urban","2025",217189130.8
"IEA4","cook","households","cooker.traditionalbiomass.stoves.urban","2030",234051038.4
"IEA4","cook","households","cooker.traditionalbiomass.stoves.urban","2035",249215181.2
"IEA4","cook","households","cooker.traditionalbiomass.stoves.urban","2040",263565495.1
"IEA4","cook","households","cooker.traditionalbiomass.stoves.urban","2045",276104402.8
"IEA4","cook","households","cooker.traditionalbiomass.stoves.urban","2050",288003460
"IEA4","cook","households","cooker.traditionalbiomass.stoves.rural","2011",425166607.1
"IEA4","cook","households","cooker.traditionalbiomass.stoves.rural","2015",447050778.1
"IEA4","cook","households","cooker.traditionalbiomass.stoves.rural","2020",461226633
"IEA4","cook","households","cooker.traditionalbiomass.stoves.rural","2025",476765110.7
"IEA4","cook","households","cooker.traditionalbiomass.stoves.rural","2030",491191034
"IEA4","cook","households","cooker.traditionalbiomass.stoves.rural","2035",502592659.7
"IEA4","cook","households","cooker.traditionalbiomass.stoves.rural","2040",512869596.6
"IEA4","cook","households","cooker.traditionalbiomass.stoves.rural","2045",520107121.5
"IEA4","cook","households","cooker.traditionalbiomass.stoves.rural","2050",524115145.3
"IEA4","space","heat_demand_TWh","heater.solid.boiler.urban.no.elec","2011",62.59306754
"IEA4","space","heat_demand_TWh","heater.solid.boiler.urban.no.elec","2015",59.28152826
"IEA4","space","heat_demand_TWh","heater.solid.boiler.urban.no.elec","2020",56.19234862
"IEA4","space","heat_demand_TWh","heater.solid.boiler.urban.no.elec","2025",48.91580576
"IEA4","space","heat_demand_TWh","heater.solid.boiler.urban.no.elec","2030",39.96935361
"IEA4","space","heat_demand_TWh","heater.solid.boiler.urban.no.elec","2035",34.72459623
"IEA4","space","heat_demand_TWh","heater.solid.boiler.urban.no.elec","2040",28.68704002
"IEA4","space","heat_demand_TWh","heater.solid.boiler.urban.no.elec","2045",29.40258212
"IEA4","space","heat_demand_TWh","heater.solid.boiler.urban.no.elec","2050",29.90093065
"IEA4","space","heat_demand_TWh","heater.traditionalbiomass.boiler.urban.no.elec","2011",250.3722701
"IEA4","space","heat_demand_TWh","heater.traditionalbiomass.boiler.urban.no.elec","2015",237.126113
"IEA4","space","heat_demand_TWh","heater.traditionalbiomass.boiler.urban.no.elec","2020",224.7693945
"IEA4","space","heat_demand_TWh","heater.traditionalbiomass.boiler.urban.no.elec","2025",195.6632231
"IEA4","space","heat_demand_TWh","heater.traditionalbiomass.boiler.urban.no.elec","2030",159.8774144
"IEA4","space","heat_demand_TWh","heater.traditionalbiomass.boiler.urban.no.elec","2035",138.8983849
"IEA4","space","heat_demand_TWh","heater.traditionalbiomass.boiler.urban.no.elec","2040",114.7481601
"IEA4","space","heat_demand_TWh","heater.traditionalbiomass.boiler.urban.no.elec","2045",117.6103285
"IEA4","space","heat_demand_TWh","heater.traditionalbiomass.boiler.urban.no.elec","2050",119.6037226
"IEA4","space","heat_demand_TWh","heater.solid.boiler.rural.no.elec","2011",86.82072183
"IEA4","space","heat_demand_TWh","heater.solid.boiler.rural.no.elec","2015",86.1755912
"IEA4","space","heat_demand_TWh","heater.solid.boiler.rural.no.elec","2020",83.43718029
"IEA4","space","heat_demand_TWh","heater.solid.boiler.rural.no.elec","2025",78.69563007
"IEA4","space","heat_demand_TWh","heater.solid.boiler.rural.no.elec","2030",73.30202917
"IEA4","space","heat_demand_TWh","heater.solid.boiler.rural.no.elec","2035",68.40802169
"IEA4","space","heat_demand_TWh","heater.solid.boiler.rural.no.elec","2040",63.04859685
"IEA4","space","heat_demand_TWh","heater.solid.boiler.rural.no.elec","2045",57.11157053
"IEA4","space","heat_demand_TWh","heater.solid.boiler.rural.no.elec","2050",50.75674176
"IEA4","space","heat_demand_TWh","heater.traditionalbiomass.boiler.rural.no.elec","2011",347.2828873
"IEA4","space","heat_demand_TWh","heater.traditionalbiomass.boiler.rural.no.elec","2015",344.7023648
"IEA4","space","heat_demand_TWh","heater.traditionalbiomass.boiler.rural.no.elec","2020",333.7487212
"IEA4","space","heat_demand_TWh","heater.traditionalbiomass.boiler.rural.no.elec","2025",314.7825203
"IEA4","space","heat_demand_TWh","heater.traditionalbiomass.boiler.rural.no.elec","2030",293.2081167
"IEA4","space","heat_demand_TWh","heater.traditionalbiomass.boiler.rural.no.elec","2035",273.6320868
"IEA4","space","heat_demand_TWh","heater.traditionalbiomass.boiler.rural.no.elec","2040",252.1943874
"IEA4","space","heat_demand_TWh","heater.traditionalbiomass.boiler.rural.no.elec","2045",228.4462821
"IEA4","space","heat_demand_TWh","heater.traditionalbiomass.boiler.rural.no.elec","2050",203.026967
"IEA4","space","energy_demand_TWh","heater.solid.boiler.urban.no.elec","2011",-113.8055773
"IEA4","space","energy_demand_TWh","heater.solid.boiler.urban.no.elec","2015",-108.7990401
"IEA4","space","energy_demand_TWh","heater.solid.boiler.urban.no.elec","2020",-103.1260205
"IEA4","space","energy_demand_TWh","heater.solid.boiler.urban.no.elec","2025",-89.7688557
"IEA4","space","energy_demand_TWh","heater.solid.boiler.urban.no.elec","2030",-73.34812312
"IEA4","space","energy_demand_TWh","heater.solid.boiler.urban.no.elec","2035",-63.72127963
"IEA4","space","energy_demand_TWh","heater.solid.boiler.urban.no.elec","2040",-52.6403087
"IEA4","space","energy_demand_TWh","heater.solid.boiler.urban.no.elec","2045",-53.95150502
"IEA4","space","energy_demand_TWh","heater.solid.boiler.urban.no.elec","2050",-54.86409293
"IEA4","space","energy_demand_TWh","heater.traditionalbiomass.boiler.urban.no.elec","2011",-834.5742338
"IEA4","space","energy_demand_TWh","heater.traditionalbiomass.boiler.urban.no.elec","2015",-790.4203768
"IEA4","space","energy_demand_TWh","heater.traditionalbiomass.boiler.urban.no.elec","2020",-738.6787611
"IEA4","space","energy_demand_TWh","heater.traditionalbiomass.boiler.urban.no.elec","2025",-634.0937784
"IEA4","space","energy_demand_TWh","heater.traditionalbiomass.boiler.urban.no.elec","2030",-511.0236991
"IEA4","space","energy_demand_TWh","heater.traditionalbiomass.boiler.urban.no.elec","2035",-437.9678804
"IEA4","space","energy_demand_TWh","heater.traditionalbiomass.boiler.urban.no.elec","2040",-356.9942759
"IEA4","space","energy_demand_TWh","heater.traditionalbiomass.boiler.urban.no.elec","2045",-361.0843418
"IEA4","space","energy_demand_TWh","heater.traditionalbiomass.boiler.urban.no.elec","2050",-362.435523
"IEA4","space","energy_demand_TWh","heater.solid.boiler.rural.no.elec","2011",-157.8558579
"IEA4","space","energy_demand_TWh","heater.solid.boiler.rural.no.elec","2015",-158.1575556
"IEA4","space","energy_demand_TWh","heater.solid.boiler.rural.no.elec","2020",-153.1266191
"IEA4","space","energy_demand_TWh","heater.solid.boiler.rural.no.elec","2025",-144.4199181
"IEA4","space","energy_demand_TWh","heater.solid.boiler.rural.no.elec","2030",-134.5172182
"IEA4","space","energy_demand_TWh","heater.solid.boiler.rural.no.elec","2035",-125.5319616
"IEA4","space","energy_demand_TWh","heater.solid.boiler.rural.no.elec","2040",-115.6932747
"IEA4","space","energy_demand_TWh","heater.solid.boiler.rural.no.elec","2045",-104.7953942
"IEA4","space","energy_demand_TWh","heater.solid.boiler.rural.no.elec","2050",-93.13163626
"IEA4","space","energy_demand_TWh","heater.traditionalbiomass.boiler.rural.no.elec","2011",-1157.609624
"IEA4","space","energy_demand_TWh","heater.traditionalbiomass.boiler.rural.no.elec","2015",-1149.007883
"IEA4","space","energy_demand_TWh","heater.traditionalbiomass.boiler.rural.no.elec","2020",-1096.826783
"IEA4","space","energy_demand_TWh","heater.traditionalbiomass.boiler.rural.no.elec","2025",-1020.128538
"IEA4","space","energy_demand_TWh","heater.traditionalbiomass.boiler.rural.no.elec","2030",-937.1948935
"IEA4","space","energy_demand_TWh","heater.traditionalbiomass.boiler.rural.no.elec","2035",-862.8038772
"IEA4","space","energy_demand_TWh","heater.traditionalbiomass.boiler.rural.no.elec","2040",-784.6047609
"IEA4","space","energy_demand_TWh","heater.traditionalbiomass.boiler.rural.no.elec","2045",-701.3701644
"IEA4","space","energy_demand_TWh","heater.traditionalbiomass.boiler.rural.no.elec","2050",-615.2332335
"IEA4","space","households","heater.solid.boiler.urban.no.elec","2011",18304270.27
"IEA4","space","households","heater.solid.boiler.urban.no.elec","2015",17291628.52
"IEA4","space","households","heater.solid.boiler.urban.no.elec","2020",16906986.79
"IEA4","space","households","heater.solid.boiler.urban.no.elec","2025",15218706.33
"IEA4","space","households","heater.solid.boiler.urban.no.elec","2030",12893344.37
"IEA4","space","households","heater.solid.boiler.urban.no.elec","2035",11648679.67
"IEA4","space","households","heater.solid.boiler.urban.no.elec","2040",10040590.29
"IEA4","space","households","heater.solid.boiler.urban.no.elec","2045",10776908.78
"IEA4","space","households","heater.solid.boiler.urban.no.elec","2050",11524748.3
"IEA4","space","households","heater.traditionalbiomass.boiler.urban.no.elec","2011",73217081.08
"IEA4","space","households","heater.traditionalbiomass.boiler.urban.no.elec","2015",69166514.09
"IEA4","space","households","heater.traditionalbiomass.boiler.urban.no.elec","2020",67627947.15
"IEA4","space","households","heater.traditionalbiomass.boiler.urban.no.elec","2025",60874825.33
"IEA4","space","households","heater.traditionalbiomass.boiler.urban.no.elec","2030",51573377.47
"IEA4","space","households","heater.traditionalbiomass.boiler.urban.no.elec","2035",46594718.7
"IEA4","space","households","heater.traditionalbiomass.boiler.urban.no.elec","2040",40162361.15
"IEA4","space","households","heater.traditionalbiomass.boiler.urban.no.elec","2045",43107635.1
"IEA4","space","households","heater.traditionalbiomass.boiler.urban.no.elec","2050",46098993.2
"IEA4","space","households","heater.solid.boiler.rural.no.elec","2011",53354240.89
"IEA4","space","households","heater.solid.boiler.rural.no.elec","2015",51348001.02
"IEA4","space","households","heater.solid.boiler.rural.no.elec","2020",49897511.4
"IEA4","space","households","heater.solid.boiler.rural.no.elec","2025",47461141.19
"IEA4","space","households","heater.solid.boiler.rural.no.elec","2030",44813779.58
"IEA4","space","households","heater.solid.boiler.rural.no.elec","2035",42632681.04
"IEA4","space","households","heater.solid.boiler.rural.no.elec","2040",40302037.44
"IEA4","space","households","heater.solid.boiler.rural.no.elec","2045",37703201.2
"IEA4","space","households","heater.solid.boiler.rural.no.elec","2050",34876763.02
"IEA4","space","households","heater.traditionalbiomass.boiler.rural.no.elec","2011",213416963.5
"IEA4","space","households","heater.traditionalbiomass.boiler.rural.no.elec","2015",205392004.1
"IEA4","space","households","heater.traditionalbiomass.boiler.rural.no.elec","2020",199590045.6
"IEA4","space","households","heater.traditionalbiomass.boiler.rural.no.elec","2025",189844564.8
"IEA4","space","households","heater.traditionalbiomass.boiler.rural.no.elec","2030",179255118.3
"IEA4","space","households","heater.traditionalbiomass.boiler.rural.no.elec","2035",170530724.2
"IEA4","space","households","heater.traditionalbiomass.boiler.rural.no.elec","2040",161208149.8
"IEA4","space","households","heater.traditionalbiomass.boiler.rural.no.elec","2045",150812804.8
"IEA4","space","households","heater.traditionalbiomass.boiler.rural.no.elec","2050",139507052.1
"IEA4","cook","demand_TWh","cooker.traditionalbiomass.stoves.urban.no.elec","2011",128.1298919
"IEA4","cook","demand_TWh","cooker.traditionalbiomass.stoves.urban.no.elec","2015",118.3811491
"IEA4","cook","demand_TWh","cooker.traditionalbiomass.stoves.urban.no.elec","2020",112.0134322
"IEA4","cook","demand_TWh","cooker.traditionalbiomass.stoves.urban.no.elec","2025",97.46661594
"IEA4","cook","demand_TWh","cooker.traditionalbiomass.stoves.urban.no.elec","2030",79.72620743
"IEA4","cook","demand_TWh","cooker.traditionalbiomass.stoves.urban.no.elec","2035",69.45685265
"IEA4","cook","demand_TWh","cooker.traditionalbiomass.stoves.urban.no.elec","2040",57.65064204
"IEA4","cook","demand_TWh","cooker.traditionalbiomass.stoves.urban.no.elec","2045",59.49801065
"IEA4","cook","demand_TWh","cooker.traditionalbiomass.stoves.urban.no.elec","2050",61.08116598
"IEA4","cook","demand_TWh","cooker.traditionalbiomass.stoves.rural.no.elec","2011",324.1270134
"IEA4","cook","demand_TWh","cooker.traditionalbiomass.stoves.rural.no.elec","2015",306.27766
"IEA4","cook","demand_TWh","cooker.traditionalbiomass.stoves.rural.no.elec","2020",289.3233175
"IEA4","cook","demand_TWh","cooker.traditionalbiomass.stoves.rural.no.elec","2025",267.2992348
"IEA4","cook","demand_TWh","cooker.traditionalbiomass.stoves.rural.no.elec","2030",244.9327491
"IEA4","cook","demand_TWh","cooker.traditionalbiomass.stoves.rural.no.elec","2035",225.9180727
"IEA4","cook","demand_TWh","cooker.traditionalbiomass.stoves.rural.no.elec","2040",206.8616482
"IEA4","cook","demand_TWh","cooker.traditionalbiomass.stoves.rural.no.elec","2045",187.2488746
"IEA4","cook","demand_TWh","cooker.traditionalbiomass.stoves.rural.no.elec","2050",167.4084625
"IEA4","cook","energy_demand_TWh","cooker.traditionalbiomass.stoves.urban.no.elec","2011",-427.0996396
"IEA4","cook","energy_demand_TWh","cooker.traditionalbiomass.stoves.urban.no.elec","2015",-369.3491852
"IEA4","cook","energy_demand_TWh","cooker.traditionalbiomass.stoves.urban.no.elec","2020",-323.5943598
"IEA4","cook","energy_demand_TWh","cooker.traditionalbiomass.stoves.urban.no.elec","2025",-262.1515877
"IEA4","cook","energy_demand_TWh","cooker.traditionalbiomass.stoves.urban.no.elec","2030",-200.6014252
"IEA4","cook","energy_demand_TWh","cooker.traditionalbiomass.stoves.urban.no.elec","2035",-164.1707426
"IEA4","cook","energy_demand_TWh","cooker.traditionalbiomass.stoves.urban.no.elec","2040",-128.4785737
"IEA4","cook","energy_demand_TWh","cooker.traditionalbiomass.stoves.urban.no.elec","2045",-125.4282387
"IEA4","cook","energy_demand_TWh","cooker.traditionalbiomass.stoves.urban.no.elec","2050",-122.162332
"IEA4","cook","energy_demand_TWh","cooker.traditionalbiomass.stoves.rural.no.elec","2011",-1080.423378
"IEA4","cook","energy_demand_TWh","cooker.traditionalbiomass.stoves.rural.no.elec","2015",-955.5862991
"IEA4","cook","energy_demand_TWh","cooker.traditionalbiomass.stoves.rural.no.elec","2020",-835.8229172
"IEA4","cook","energy_demand_TWh","cooker.traditionalbiomass.stoves.rural.no.elec","2025",-718.9427695
"IEA4","cook","energy_demand_TWh","cooker.traditionalbiomass.stoves.rural.no.elec","2030",-616.282401
"IEA4","cook","energy_demand_TWh","cooker.traditionalbiomass.stoves.rural.no.elec","2035",-533.9881718
"IEA4","cook","energy_demand_TWh","cooker.traditionalbiomass.stoves.rural.no.elec","2040",-461.0059589
"IEA4","cook","energy_demand_TWh","cooker.traditionalbiomass.stoves.rural.no.elec","2045",-394.7408708
"IEA4","cook","energy_demand_TWh","cooker.traditionalbiomass.stoves.rural.no.elec","2050",-334.816925
"IEA4","cook","households","cooker.traditionalbiomass.stoves.urban.no.elec","2011",91521351.35
"IEA4","cook","households","cooker.traditionalbiomass.stoves.urban.no.elec","2015",86458142.61
"IEA4","cook","households","cooker.traditionalbiomass.stoves.urban.no.elec","2020",84534933.93
"IEA4","cook","households","cooker.traditionalbiomass.stoves.urban.no.elec","2025",76093531.66
"IEA4","cook","households","cooker.traditionalbiomass.stoves.urban.no.elec","2030",64466721.84
"IEA4","cook","households","cooker.traditionalbiomass.stoves.urban.no.elec","2035",58243398.37
"IEA4","cook","households","cooker.traditionalbiomass.stoves.urban.no.elec","2040",50202951.44
"IEA4","cook","households","cooker.traditionalbiomass.stoves.urban.no.elec","2045",53884543.88
"IEA4","cook","households","cooker.traditionalbiomass.stoves.urban.no.elec","2050",57623741.49
"IEA4","cook","households","cooker.traditionalbiomass.stoves.rural.no.elec","2011",266771204.4
"IEA4","cook","households","cooker.traditionalbiomass.stoves.rural.no.elec","2015",256740005.1
"IEA4","cook","households","cooker.traditionalbiomass.stoves.rural.no.elec","2020",249487557
"IEA4","cook","households","cooker.traditionalbiomass.stoves.rural.no.elec","2025",237305705.9
"IEA4","cook","households","cooker.traditionalbiomass.stoves.rural.no.elec","2030",224068897.9
"IEA4","cook","households","cooker.traditionalbiomass.stoves.rural.no.elec","2035",213163405.2
"IEA4","cook","households","cooker.traditionalbiomass.stoves.rural.no.elec","2040",201510187.2
"IEA4","cook","households","cooker.traditionalbiomass.stoves.rural.no.elec","2045",188516006
"IEA4","cook","households","cooker.traditionalbiomass.stoves.rural.no.elec","2050",174383815.1
"IEA4","space","heat_demand_TWh","heater.solid.boiler.non residential.space","2011",56.02593903
"IEA4","space","heat_demand_TWh","heater.solid.boiler.non residential.space","2015",59.37784083
"IEA4","space","heat_demand_TWh","heater.solid.boiler.non residential.space","2020",60.15490947
"IEA4","space","heat_demand_TWh","heater.solid.boiler.non residential.space","2025",60.35609229
"IEA4","space","heat_demand_TWh","heater.solid.boiler.non residential.space","2030",60.00211967
"IEA4","space","heat_demand_TWh","heater.solid.boiler.non residential.space","2035",59.1321651
"IEA4","space","heat_demand_TWh","heater.solid.boiler.non residential.space","2040",57.77208923
"IEA4","space","heat_demand_TWh","heater.solid.boiler.non residential.space","2045",55.94093977
"IEA4","space","heat_demand_TWh","heater.solid.boiler.non residential.space","2050",53.66811679
"IEA4","space","heat_demand_TWh","heater.liquid.boiler.non residential.space","2011",196.0907866
"IEA4","space","heat_demand_TWh","heater.liquid.boiler.non residential.space","2015",207.8224429
"IEA4","space","heat_demand_TWh","heater.liquid.boiler.non residential.space","2020",213.2356865
"IEA4","space","heat_demand_TWh","heater.liquid.boiler.non residential.space","2025",216.9047067
"IEA4","space","heat_demand_TWh","heater.liquid.boiler.non residential.space","2030",218.8601906
"IEA4","space","heat_demand_TWh","heater.liquid.boiler.non residential.space","2035",219.1968189
"IEA4","space","heat_demand_TWh","heater.liquid.boiler.non residential.space","2040",217.9583366
"IEA4","space","heat_demand_TWh","heater.liquid.boiler.non residential.space","2045",215.1574607
"IEA4","space","heat_demand_TWh","heater.liquid.boiler.non residential.space","2050",210.8390303
"IEA4","space","heat_demand_TWh","heater.gas.boiler.non residential.space","2011",597.6100163
"IEA4","space","heat_demand_TWh","heater.gas.boiler.non residential.space","2015",633.3636355
"IEA4","space","heat_demand_TWh","heater.gas.boiler.non residential.space","2020",677.5657465
"IEA4","space","heat_demand_TWh","heater.gas.boiler.non residential.space","2025",719.2434331
"IEA4","space","heat_demand_TWh","heater.gas.boiler.non residential.space","2030",758.0595666
"IEA4","space","heat_demand_TWh","heater.gas.boiler.non residential.space","2035",793.8663085
"IEA4","space","heat_demand_TWh","heater.gas.boiler.non residential.space","2040",826.315943
"IEA4","space","heat_demand_TWh","heater.gas.boiler.non residential.space","2045",854.8923104
"IEA4","space","heat_demand_TWh","heater.gas.boiler.non residential.space","2050",879.1348655
"IEA4","space","heat_demand_TWh","heater.heatpump.non residential.space","2011",560.2593903
"IEA4","space","heat_demand_TWh","heater.heatpump.non residential.space","2015",642.4986879
"IEA4","space","heat_demand_TWh","heater.heatpump.non residential.space","2020",731.9422854
"IEA4","space","heat_demand_TWh","heater.heatpump.non residential.space","2025",823.3190025
"IEA4","space","heat_demand_TWh","heater.heatpump.non residential.space","2030",915.593505
"IEA4","space","heat_demand_TWh","heater.heatpump.non residential.space","2035",1007.913244
"IEA4","space","heat_demand_TWh","heater.heatpump.non residential.space","2040",1099.151031
"IEA4","space","heat_demand_TWh","heater.heatpump.non residential.space","2045",1187.889857
"IEA4","space","heat_demand_TWh","heater.heatpump.non residential.space","2050",1272.701055
"IEA4","space","heat_demand_TWh","heater.electricity.non residential.space","2011",0
"IEA4","space","heat_demand_TWh","heater.electricity.non residential.space","2015",0
"IEA4","space","heat_demand_TWh","heater.electricity.non residential.space","2020",0
"IEA4","space","heat_demand_TWh","heater.electricity.non residential.space","2025",0
"IEA4","space","heat_demand_TWh","heater.electricity.non residential.space","2030",0
"IEA4","space","heat_demand_TWh","heater.electricity.non residential.space","2035",0
"IEA4","space","heat_demand_TWh","heater.electricity.non residential.space","2040",0
"IEA4","space","heat_demand_TWh","heater.electricity.non residential.space","2045",0
"IEA4","space","heat_demand_TWh","heater.electricity.non residential.space","2050",0
"IEA4","space","heat_demand_TWh","heater.solar.non residential.space","2011",0
"IEA4","space","heat_demand_TWh","heater.solar.non residential.space","2015",0
"IEA4","space","heat_demand_TWh","heater.solar.non residential.space","2020",2.693503409
"IEA4","space","heat_demand_TWh","heater.solar.non residential.space","2025",5.658383652
"IEA4","space","heat_demand_TWh","heater.solar.non residential.space","2030",8.852771755
"IEA4","space","heat_demand_TWh","heater.solar.non residential.space","2035",12.23424106
"IEA4","space","heat_demand_TWh","heater.solar.non residential.space","2040",15.75602434
"IEA4","space","heat_demand_TWh","heater.solar.non residential.space","2045",19.36417146
"IEA4","space","heat_demand_TWh","heater.solar.non residential.space","2050",23.00062148
"IEA4","space","heat_demand_TWh","heater.microchp.non residential.space","2011",0
"IEA4","space","heat_demand_TWh","heater.microchp.non residential.space","2015",0
"IEA4","space","heat_demand_TWh","heater.microchp.non residential.space","2020",1.795668939
"IEA4","space","heat_demand_TWh","heater.microchp.non residential.space","2025",3.772255768
"IEA4","space","heat_demand_TWh","heater.microchp.non residential.space","2030",5.901847837
"IEA4","space","heat_demand_TWh","heater.microchp.non residential.space","2035",8.156160703
"IEA4","space","heat_demand_TWh","heater.microchp.non residential.space","2040",10.50401622
"IEA4","space","heat_demand_TWh","heater.microchp.non residential.space","2045",12.90944764
"IEA4","space","heat_demand_TWh","heater.microchp.non residential.space","2050",15.33374765
"IEA4","space","heat_demand_TWh","heater.districtheating.non residential.space","2011",457.5451687
"IEA4","space","heat_demand_TWh","heater.districtheating.non residential.space","2015",436.1987538
"IEA4","space","heat_demand_TWh","heater.districtheating.non residential.space","2020",407.5592957
"IEA4","space","heat_demand_TWh","heater.districtheating.non residential.space","2025",371.2286574
"IEA4","space","heat_demand_TWh","heater.districtheating.non residential.space","2030",327.8930461
"IEA4","space","heat_demand_TWh","heater.districtheating.non residential.space","2035",278.3812671
"IEA4","space","heat_demand_TWh","heater.districtheating.non residential.space","2040",223.4796785
"IEA4","space","heat_demand_TWh","heater.districtheating.non residential.space","2045",164.0161873
"IEA4","space","heat_demand_TWh","heater.districtheating.non residential.space","2050",100.9471721
"IEA4","space","energy_demand_TWh","heater.solid.boiler.non residential.space","2011",-101.8653437
"IEA4","space","energy_demand_TWh","heater.solid.boiler.non residential.space","2015",-108.975802
"IEA4","space","energy_demand_TWh","heater.solid.boiler.non residential.space","2020",-110.3982406
"IEA4","space","energy_demand_TWh","heater.solid.boiler.non residential.space","2025",-110.7637348
"IEA4","space","energy_demand_TWh","heater.solid.boiler.non residential.space","2030",-110.1104337
"IEA4","space","energy_demand_TWh","heater.solid.boiler.non residential.space","2035",-108.5103251
"IEA4","space","energy_demand_TWh","heater.solid.boiler.non residential.space","2040",-106.0109586
"IEA4","space","energy_demand_TWh","heater.solid.boiler.non residential.space","2045",-102.6473757
"IEA4","space","energy_demand_TWh","heater.solid.boiler.non residential.space","2050",-98.47360879
"IEA4","space","energy_demand_TWh","heater.liquid.boiler.non residential.space","2011",-326.8179776
"IEA4","space","energy_demand_TWh","heater.liquid.boiler.non residential.space","2015",-337.7114697
"IEA4","space","energy_demand_TWh","heater.liquid.boiler.non residential.space","2020",-334.876995
"IEA4","space","energy_demand_TWh","heater.liquid.boiler.non residential.space","2025",-329.5763618
"IEA4","space","energy_demand_TWh","heater.liquid.boiler.non residential.space","2030",-322.087448
"IEA4","space","energy_demand_TWh","heater.liquid.boiler.non residential.space","2035",-312.7455397
"IEA4","space","energy_demand_TWh","heater.liquid.boiler.non residential.space","2040",-301.7757114
"IEA4","space","energy_demand_TWh","heater.liquid.boiler.non residential.space","2045",-289.3354355
"IEA4","space","energy_demand_TWh","heater.liquid.boiler.non residential.space","2050",-275.6065755
"IEA4","space","energy_demand_TWh","heater.gas.boiler.non residential.space","2011",-766.1666875
"IEA4","space","energy_demand_TWh","heater.gas.boiler.non residential.space","2015",-809.8748126
"IEA4","space","energy_demand_TWh","heater.gas.boiler.non residential.space","2020",-854.2322378
"IEA4","space","energy_demand_TWh","heater.gas.boiler.non residential.space","2025",-894.2228675
"IEA4","space","energy_demand_TWh","heater.gas.boiler.non residential.space","2030",-929.6121717
"IEA4","space","energy_demand_TWh","heater.gas.boiler.non residential.space","2035",-960.4072596
"IEA4","space","energy_demand_TWh","heater.gas.boiler.non residential.space","2040",-986.3762677
"IEA4","space","energy_demand_TWh","heater.gas.boiler.non residential.space","2045",-1007.101065
"IEA4","space","energy_demand_TWh","heater.gas.boiler.non residential.space","2050",-1022.249844
"IEA4","space","energy_demand_TWh","heater.heatpump.non residential.space","2011",-280.1296951
"IEA4","space","energy_demand_TWh","heater.heatpump.non residential.space","2015",-321.249344
"IEA4","space","energy_demand_TWh","heater.heatpump.non residential.space","2020",-358.2934264
"IEA4","space","energy_demand_TWh","heater.heatpump.non residential.space","2025",-394.7419875
"IEA4","space","energy_demand_TWh","heater.heatpump.non residential.space","2030",-430.1445996
"IEA4","space","energy_demand_TWh","heater.heatpump.non residential.space","2035",-464.1705728
"IEA4","space","energy_demand_TWh","heater.heatpump.non residential.space","2040",-496.3907882
"IEA4","space","energy_demand_TWh","heater.heatpump.non residential.space","2045",-526.2803165
"IEA4","space","energy_demand_TWh","heater.heatpump.non residential.space","2050",-553.3482849
"IEA4","space","energy_demand_TWh","heater.electricity.non residential.space","2011",0
"IEA4","space","energy_demand_TWh","heater.electricity.non residential.space","2015",0
"IEA4","space","energy_demand_TWh","heater.electricity.non residential.space","2020",0
"IEA4","space","energy_demand_TWh","heater.electricity.non residential.space","2025",0
"IEA4","space","energy_demand_TWh","heater.electricity.non residential.space","2030",0
"IEA4","space","energy_demand_TWh","heater.electricity.non residential.space","2035",0
"IEA4","space","energy_demand_TWh","heater.electricity.non residential.space","2040",0
"IEA4","space","energy_demand_TWh","heater.electricity.non residential.space","2045",0
"IEA4","space","energy_demand_TWh","heater.electricity.non residential.space","2050",0
"IEA4","space","energy_demand_TWh","heater.solar.non residential.space","2011",0
"IEA4","space","energy_demand_TWh","heater.solar.non residential.space","2015",0
"IEA4","space","energy_demand_TWh","heater.solar.non residential.space","2020",-6.302617902
"IEA4","space","energy_demand_TWh","heater.solar.non residential.space","2025",-12.73066373
"IEA4","space","energy_demand_TWh","heater.solar.non residential.space","2030",-19.17948329
"IEA4","space","energy_demand_TWh","heater.solar.non residential.space","2035",-25.55821708
"IEA4","space","energy_demand_TWh","heater.solar.non residential.space","2040",-31.7797905
"IEA4","space","energy_demand_TWh","heater.solar.non residential.space","2045",-37.75474081
"IEA4","space","energy_demand_TWh","heater.solar.non residential.space","2050",-43.39739902
"IEA4","space","energy_demand_TWh","heater.microchp.non residential.space","2011",0
"IEA4","space","energy_demand_TWh","heater.microchp.non residential.space","2015",0
"IEA4","space","energy_demand_TWh","heater.microchp.non residential.space","2020",-3.560816594
"IEA4","space","energy_demand_TWh","heater.microchp.non residential.space","2025",-7.417356847
"IEA4","space","energy_demand_TWh","heater.microchp.non residential.space","2030",-11.5077813
"IEA4","space","energy_demand_TWh","heater.microchp.non residential.space","2035",-15.77158147
"IEA4","space","energy_demand_TWh","heater.microchp.non residential.space","2040",-20.14468865
"IEA4","space","energy_demand_TWh","heater.microchp.non residential.space","2045",-24.55601453
"IEA4","space","energy_demand_TWh","heater.microchp.non residential.space","2050",-28.93159935
"IEA4","space","energy_demand_TWh","heater.districtheating.non residential.space","2011",-653.6359553
"IEA4","space","energy_demand_TWh","heater.districtheating.non residential.space","2015",-636.1911517
"IEA4","space","energy_demand_TWh","heater.districtheating.non residential.space","2020",-604.9635584
"IEA4","space","energy_demand_TWh","heater.districtheating.non residential.space","2025",-560.9856493
"IEA4","space","energy_demand_TWh","heater.districtheating.non residential.space","2030",-504.610086
"IEA4","space","energy_demand_TWh","heater.districtheating.non residential.space","2035",-436.4395167
"IEA4","space","energy_demand_TWh","heater.districtheating.non residential.space","2040",-357.0547916
"IEA4","space","energy_demand_TWh","heater.districtheating.non residential.space","2045",-267.1496536
"IEA4","space","energy_demand_TWh","heater.districtheating.non residential.space","2050",-167.6863323
"IEA4","space","buildings","heater.solid.boiler.non residential.space","2011",55809.17618
"IEA4","space","buildings","heater.solid.boiler.non residential.space","2015",59989.96458
"IEA4","space","buildings","heater.solid.boiler.non residential.space","2020",62211.48878
"IEA4","space","buildings","heater.solid.boiler.non residential.space","2025",63970.48731
"IEA4","space","buildings","heater.solid.boiler.non residential.space","2030",65257.50844
"IEA4","space","buildings","heater.solid.boiler.non residential.space","2035",66080.84392
"IEA4","space","buildings","heater.solid.boiler.non residential.space","2040",66432.52044
"IEA4","space","buildings","heater.solid.boiler.non residential.space","2045",66293.57387
"IEA4","space","buildings","heater.solid.boiler.non residential.space","2050",65653.21651
"IEA4","space","buildings","heater.liquid.boiler.non residential.space","2011",195332.1166
"IEA4","space","buildings","heater.liquid.boiler.non residential.space","2015",209964.876
"IEA4","space","buildings","heater.liquid.boiler.non residential.space","2020",220525.7998
"IEA4","space","buildings","heater.liquid.boiler.non residential.space","2025",229893.9388
"IEA4","space","buildings","heater.liquid.boiler.non residential.space","2030",238029.4365
"IEA4","space","buildings","heater.liquid.boiler.non residential.space","2035",244954.8525
"IEA4","space","buildings","heater.liquid.boiler.non residential.space","2040",250631.7816
"IEA4","space","buildings","heater.liquid.boiler.non residential.space","2045",254975.2841
"IEA4","space","buildings","heater.liquid.boiler.non residential.space","2050",257923.3506
"IEA4","space","buildings","heater.gas.boiler.non residential.space","2011",595297.8793
"IEA4","space","buildings","heater.gas.boiler.non residential.space","2015",639892.9555
"IEA4","space","buildings","heater.gas.boiler.non residential.space","2020",700730.401
"IEA4","space","buildings","heater.gas.boiler.non residential.space","2025",762314.9737
"IEA4","space","buildings","heater.gas.boiler.non residential.space","2030",824455.5164
"IEA4","space","buildings","heater.gas.boiler.non residential.space","2035",887154.3183
"IEA4","space","buildings","heater.gas.boiler.non residential.space","2040",950186.3529
"IEA4","space","buildings","heater.gas.boiler.non residential.space","2045",1013101.796
"IEA4","space","buildings","heater.gas.boiler.non residential.space","2050",1075462.213
"IEA4","space","buildings","heater.heatpump.non residential.space","2011",558091.7618
"IEA4","space","buildings","heater.heatpump.non residential.space","2015",649122.1808
"IEA4","space","buildings","heater.heatpump.non residential.space","2020",756965.9679
"IEA4","space","buildings","heater.heatpump.non residential.space","2025",872623.0576
"IEA4","space","buildings","heater.heatpump.non residential.space","2030",995787.3356
"IEA4","space","buildings","heater.heatpump.non residential.space","2035",1126354.119
"IEA4","space","buildings","heater.heatpump.non residential.space","2040",1263921.286
"IEA4","space","buildings","heater.heatpump.non residential.space","2045",1407725.081
"IEA4","space","buildings","heater.heatpump.non residential.space","2050",1556919.134
"IEA4","space","buildings","heater.electricity.non residential.space","2011",0
"IEA4","space","buildings","heater.electricity.non residential.space","2015",0
"IEA4","space","buildings","heater.electricity.non residential.space","2020",0
"IEA4","space","buildings","heater.electricity.non residential.space","2025",0
"IEA4","space","buildings","heater.electricity.non residential.space","2030",0
"IEA4","space","buildings","heater.electricity.non residential.space","2035",0
"IEA4","space","buildings","heater.electricity.non residential.space","2040",0
"IEA4","space","buildings","heater.electricity.non residential.space","2045",0
"IEA4","space","buildings","heater.electricity.non residential.space","2050",0
"IEA4","space","buildings","heater.solar.non residential.space","2011",0
"IEA4","space","buildings","heater.solar.non residential.space","2015",0
"IEA4","space","buildings","heater.solar.non residential.space","2020",2785.58905
"IEA4","space","buildings","heater.solar.non residential.space","2025",5997.233185
"IEA4","space","buildings","heater.solar.non residential.space","2030",9628.156983
"IEA4","space","buildings","heater.solar.non residential.space","2035",13671.89874
"IEA4","space","buildings","heater.solar.non residential.space","2040",18117.96012
"IEA4","space","buildings","heater.solar.non residential.space","2045",22947.77557
"IEA4","space","buildings","heater.solar.non residential.space","2050",28137.09279
"IEA4","space","buildings","heater.microchp.non residential.space","2011",0
"IEA4","space","buildings","heater.microchp.non residential.space","2015",0
"IEA4","space","buildings","heater.microchp.non residential.space","2020",1857.059367
"IEA4","space","buildings","heater.microchp.non residential.space","2025",3998.155457
"IEA4","space","buildings","heater.microchp.non residential.space","2030",6418.771322
"IEA4","space","buildings","heater.microchp.non residential.space","2035",9114.599161
"IEA4","space","buildings","heater.microchp.non residential.space","2040",12078.64008
"IEA4","space","buildings","heater.microchp.non residential.space","2045",15298.51705
"IEA4","space","buildings","heater.microchp.non residential.space","2050",18758.06186
"IEA4","space","buildings","heater.districtheating.non residential.space","2011",455774.9388
"IEA4","space","buildings","heater.districtheating.non residential.space","2015",440695.509
"IEA4","space","buildings","heater.districtheating.non residential.space","2020",421492.9551
"IEA4","space","buildings","heater.districtheating.non residential.space","2025",393459.5037
"IEA4","space","buildings","heater.districtheating.non residential.space","2030",356612.1221
"IEA4","space","buildings","heater.districtheating.non residential.space","2035",311094.1233
"IEA4","space","buildings","heater.districtheating.non residential.space","2040",256980.8104
"IEA4","space","buildings","heater.districtheating.non residential.space","2045",194369.6204
"IEA4","space","buildings","heater.districtheating.non residential.space","2050",123490.5739
"IEA4","cool","demand_TWh","cooling.airconditioners.non residential","2011",471.8282177
"IEA4","cool","demand_TWh","cooling.airconditioners.non residential","2015",518.2766109
"IEA4","cool","demand_TWh","cooling.airconditioners.non residential","2020",571.5340105
"IEA4","cool","demand_TWh","cooling.airconditioners.non residential","2025",624.6148334
"IEA4","cool","demand_TWh","cooling.airconditioners.non residential","2030",676.9944969
"IEA4","cool","demand_TWh","cooling.airconditioners.non residential","2035",728.2942509
"IEA4","cool","demand_TWh","cooling.airconditioners.non residential","2040",777.9384555
"IEA4","cool","demand_TWh","cooling.airconditioners.non residential","2045",825.1614999
"IEA4","cool","demand_TWh","cooling.airconditioners.non residential","2050",869.2104271
"IEA4","cool","demand_TWh","cooling.chillers.non residential","2011",64.3402115
"IEA4","cool","demand_TWh","cooling.chillers.non residential","2015",62.55062545
"IEA4","cool","demand_TWh","cooling.chillers.non residential","2020",58.25964065
"IEA4","cool","demand_TWh","cooling.chillers.non residential","2025",52.29402983
"IEA4","cool","demand_TWh","cooling.chillers.non residential","2030",44.69927704
"IEA4","cool","demand_TWh","cooling.chillers.non residential","2035",35.55958909
"IEA4","cool","demand_TWh","cooling.chillers.non residential","2040",24.97251563
"IEA4","cool","demand_TWh","cooling.chillers.non residential","2045",13.06373516
"IEA4","cool","demand_TWh","cooling.chillers.non residential","2050",0
"IEA4","cool","demand_TWh","cooling.solarcooling.non residential","2011",0
"IEA4","cool","demand_TWh","cooling.solarcooling.non residential","2015",0
"IEA4","cool","demand_TWh","cooling.solarcooling.non residential","2020",1.352455944
"IEA4","cool","demand_TWh","cooling.solarcooling.non residential","2025",2.913524519
"IEA4","cool","demand_TWh","cooling.solarcooling.non residential","2030",4.669478048
"IEA4","cool","demand_TWh","cooling.solarcooling.non residential","2035",6.603923689
"IEA4","cool","demand_TWh","cooling.solarcooling.non residential","2040",8.695786691
"IEA4","cool","demand_TWh","cooling.solarcooling.non residential","2045",10.91755009
"IEA4","cool","demand_TWh","cooling.solarcooling.non residential","2050",13.23670701
"IEA4","cool","energy_demand_TWh","cooling.airconditioners.non residential","2011",-188.7312871
"IEA4","cool","energy_demand_TWh","cooling.airconditioners.non residential","2015",-207.3106444
"IEA4","cool","energy_demand_TWh","cooling.airconditioners.non residential","2020",-228.6136042
"IEA4","cool","energy_demand_TWh","cooling.airconditioners.non residential","2025",-249.8459334
"IEA4","cool","energy_demand_TWh","cooling.airconditioners.non residential","2030",-270.7977988
"IEA4","cool","energy_demand_TWh","cooling.airconditioners.non residential","2035",-291.3177004
"IEA4","cool","energy_demand_TWh","cooling.airconditioners.non residential","2040",-311.1753822
"IEA4","cool","energy_demand_TWh","cooling.airconditioners.non residential","2045",-330.0646
"IEA4","cool","energy_demand_TWh","cooling.airconditioners.non residential","2050",-347.6841708
"IEA4","cool","energy_demand_TWh","cooling.chillers.non residential","2011",-35.74456195
"IEA4","cool","energy_demand_TWh","cooling.chillers.non residential","2015",-34.75034747
"IEA4","cool","energy_demand_TWh","cooling.chillers.non residential","2020",-32.36646703
"IEA4","cool","energy_demand_TWh","cooling.chillers.non residential","2025",-29.05223879
"IEA4","cool","energy_demand_TWh","cooling.chillers.non residential","2030",-24.83293169
"IEA4","cool","energy_demand_TWh","cooling.chillers.non residential","2035",-19.75532727
"IEA4","cool","energy_demand_TWh","cooling.chillers.non residential","2040",-13.87361979
"IEA4","cool","energy_demand_TWh","cooling.chillers.non residential","2045",-7.257630642
"IEA4","cool","energy_demand_TWh","cooling.chillers.non residential","2050",0
"IEA4","cool","energy_demand_TWh","cooling.solarcooling.non residential","2011",0
"IEA4","cool","energy_demand_TWh","cooling.solarcooling.non residential","2015",0
"IEA4","cool","energy_demand_TWh","cooling.solarcooling.non residential","2020",-1.352455944
"IEA4","cool","energy_demand_TWh","cooling.solarcooling.non residential","2025",-2.913524519
"IEA4","cool","energy_demand_TWh","cooling.solarcooling.non residential","2030",-4.669478048
"IEA4","cool","energy_demand_TWh","cooling.solarcooling.non residential","2035",-6.603923689
"IEA4","cool","energy_demand_TWh","cooling.solarcooling.non residential","2040",-8.695786691
"IEA4","cool","energy_demand_TWh","cooling.solarcooling.non residential","2045",-10.91755009
"IEA4","cool","energy_demand_TWh","cooling.solarcooling.non residential","2050",-13.23670701
"IEA4","cool","buildings","cooling.airconditioners.non residential","2011",1637069.168
"IEA4","cool","buildings","cooling.airconditioners.non residential","2015",1784316.895
"IEA4","cool","buildings","cooling.airconditioners.non residential","2020",1961935.604
"IEA4","cool","buildings","cooling.airconditioners.non residential","2025",2142857.55
"IEA4","cool","buildings","cooling.airconditioners.non residential","2030",2326530.298
"IEA4","cool","buildings","cooling.airconditioners.non residential","2035",2512941.73
"IEA4","cool","buildings","cooling.airconditioners.non residential","2040",2701434.31
"IEA4","cool","buildings","cooling.airconditioners.non residential","2045",2890700.561
"IEA4","cool","buildings","cooling.airconditioners.non residential","2050",3079448.489
"IEA4","cool","buildings","cooling.chillers.non residential","2011",223236.7047
"IEA4","cool","buildings","cooling.chillers.non residential","2015",215348.5908
"IEA4","cool","buildings","cooling.chillers.non residential","2020",199991.0087
"IEA4","cool","buildings","cooling.chillers.non residential","2025",179404.4115
"IEA4","cool","buildings","cooling.chillers.non residential","2030",153611.6214
"IEA4","cool","buildings","cooling.chillers.non residential","2035",122696.5272
"IEA4","cool","buildings","cooling.chillers.non residential","2040",86718.44159
"IEA4","cool","buildings","cooling.chillers.non residential","2045",45764.79459
"IEA4","cool","buildings","cooling.chillers.non residential","2050",0
"IEA4","cool","buildings","cooling.solarcooling.non residential","2011",0
"IEA4","cool","buildings","cooling.solarcooling.non residential","2015",0
"IEA4","cool","buildings","cooling.solarcooling.non residential","2020",4642.648416
"IEA4","cool","buildings","cooling.solarcooling.non residential","2025",9995.388642
"IEA4","cool","buildings","cooling.solarcooling.non residential","2030",16046.9283
"IEA4","cool","buildings","cooling.solarcooling.non residential","2035",22786.4979
"IEA4","cool","buildings","cooling.solarcooling.non residential","2040",30196.6002
"IEA4","cool","buildings","cooling.solarcooling.non residential","2045",38246.29262
"IEA4","cool","buildings","cooling.solarcooling.non residential","2050",46895.15465
"IEA4","heat","loss","heat.loss.urban","2011",16.9
"IEA4","heat","loss","heat.loss.urban","2015",16.8
"IEA4","heat","loss","heat.loss.urban","2020",16.02857143
"IEA4","heat","loss","heat.loss.urban","2025",15.25714286
"IEA4","heat","loss","heat.loss.urban","2030",14.48571429
"IEA4","heat","loss","heat.loss.urban","2035",13.71428571
"IEA4","heat","loss","heat.loss.urban","2040",12.94285714
"IEA4","heat","loss","heat.loss.urban","2045",12.17142857
"IEA4","heat","loss","heat.loss.urban","2050",11.4
"IEA4","heat","loss","heat.loss.rural","2011",18.7
"IEA4","heat","loss","heat.loss.rural","2015",18.5
"IEA4","heat","loss","heat.loss.rural","2020",17.48571429
"IEA4","heat","loss","heat.loss.rural","2025",16.47142857
"IEA4","heat","loss","heat.loss.rural","2030",15.45714286
"IEA4","heat","loss","heat.loss.rural","2035",14.44285714
"IEA4","heat","loss","heat.loss.rural","2040",13.42857143
"IEA4","heat","loss","heat.loss.rural","2045",12.41428571
"IEA4","heat","loss","heat.loss.rural","2050",11.4
"IEA4","heat","loss","heat.loss.non.residential","2011",14.8
"IEA4","heat","loss","heat.loss.non.residential","2015",14.7
"IEA4","heat","loss","heat.loss.non.residential","2020",14.22857143
"IEA4","heat","loss","heat.loss.non.residential","2025",13.75714286
"IEA4","heat","loss","heat.loss.non.residential","2030",13.28571429
"IEA4","heat","loss","heat.loss.non.residential","2035",12.81428571
"IEA4","heat","loss","heat.loss.non.residential","2040",12.34285714
"IEA4","heat","loss","heat.loss.non.residential","2045",11.87142857
"IEA4","heat","loss","heat.loss.non.residential","2050",11.4
"IEA2","households",,"households.urban","2011",1361198511
"IEA2","households",,"households.urban","2015",1516180598
"IEA2","households",,"households.urban","2020",1700091449
"IEA2","households",,"households.urban","2025",1890950144
"IEA2","households",,"households.urban","2030",2084424006
"IEA2","households",,"households.urban","2035",2271492537
"IEA2","households",,"households.urban","2040",2459944621
"IEA2","households",,"households.urban","2045",2640342650
"IEA2","households",,"households.urban","2050",2823563333
"IEA2","households",,"households.urban.no.elec","2011",91521351.35
"IEA2","households",,"households.urban.no.elec","2015",86458142.61
"IEA2","households",,"households.urban.no.elec","2020",84534933.93
"IEA2","households",,"households.urban.no.elec","2025",76093531.66
"IEA2","households",,"households.urban.no.elec","2030",64466721.84
"IEA2","households",,"households.urban.no.elec","2035",58243398.37
"IEA2","households",,"households.urban.no.elec","2040",50202951.44
"IEA2","households",,"households.urban.no.elec","2045",53884543.88
"IEA2","households",,"households.urban.no.elec","2050",57623741.49
"IEA2","households",,"households.rural","2011",566888809.4
"IEA2","households",,"households.rural","2015",596067704.2
"IEA2","households",,"households.rural","2020",620285577.5
"IEA2","households",,"households.rural","2025",646774375
"IEA2","households",,"households.rural","2030",672206693.6
"IEA2","households",,"households.rural","2035",693914914.8
"IEA2","households",,"households.rural","2040",714445209.2
"IEA2","households",,"households.rural","2045",731074267.1
"IEA2","households",,"households.rural","2050",743425738
"IEA2","households",,"households.rural.no.elec","2011",266771204.4
"IEA2","households",,"households.rural.no.elec","2015",256740005.1
"IEA2","households",,"households.rural.no.elec","2020",249487557
"IEA2","households",,"households.rural.no.elec","2025",237305705.9
"IEA2","households",,"households.rural.no.elec","2030",224068897.9
"IEA2","households",,"households.rural.no.elec","2035",213163405.2
"IEA2","households",,"households.rural.no.elec","2040",201510187.2
"IEA2","households",,"households.rural.no.elec","2045",188516006
"IEA2","households",,"households.rural.no.elec","2050",174383815.1
"IEA2","space","efficiency","heater.solid.boiler.urban.space","2011",0.55
"IEA2","space","efficiency","heater.solid.boiler.urban.space","2015",0.544871795
"IEA2","space","efficiency","heater.solid.boiler.urban.space","2020",0.581318681
"IEA2","space","efficiency","heater.solid.boiler.urban.space","2025",0.617765568
"IEA2","space","efficiency","heater.solid.boiler.urban.space","2030",0.654212454
"IEA2","space","efficiency","heater.solid.boiler.urban.space","2035",0.690659341
"IEA2","space","efficiency","heater.solid.boiler.urban.space","2040",0.727106227
"IEA2","space","efficiency","heater.solid.boiler.urban.space","2045",0.763553114
"IEA2","space","efficiency","heater.solid.boiler.urban.space","2050",0.8
"IEA2","space","efficiency","heater.liquid.boiler.urban.space","2011",0.6
"IEA2","space","efficiency","heater.liquid.boiler.urban.space","2015",0.615384615
"IEA2","space","efficiency","heater.liquid.boiler.urban.space","2020",0.656043956
"IEA2","space","efficiency","heater.liquid.boiler.urban.space","2025",0.696703297
"IEA2","space","efficiency","heater.liquid.boiler.urban.space","2030",0.737362637
"IEA2","space","efficiency","heater.liquid.boiler.urban.space","2035",0.778021978
"IEA2","space","efficiency","heater.liquid.boiler.urban.space","2040",0.818681319
"IEA2","space","efficiency","heater.liquid.boiler.urban.space","2045",0.859340659
"IEA2","space","efficiency","heater.liquid.boiler.urban.space","2050",0.9
"IEA2","space","efficiency","heater.gas.boiler.urban.space","2011",0.78
"IEA2","space","efficiency","heater.gas.boiler.urban.space","2015",0.782051282
"IEA2","space","efficiency","heater.gas.boiler.urban.space","2020",0.841758242
"IEA2","space","efficiency","heater.gas.boiler.urban.space","2025",0.901465201
"IEA2","space","efficiency","heater.gas.boiler.urban.space","2030",0.961172161
"IEA2","space","efficiency","heater.gas.boiler.urban.space","2035",1.020879121
"IEA2","space","efficiency","heater.gas.boiler.urban.space","2040",1.080586081
"IEA2","space","efficiency","heater.gas.boiler.urban.space","2045",1.14029304
"IEA2","space","efficiency","heater.gas.boiler.urban.space","2050",1.2
"IEA2","space","efficiency","heater.heatpump.urban.space","2011",2
"IEA2","space","efficiency","heater.heatpump.urban.space","2015",2
"IEA2","space","efficiency","heater.heatpump.urban.space","2020",2.285714286
"IEA2","space","efficiency","heater.heatpump.urban.space","2025",2.571428571
"IEA2","space","efficiency","heater.heatpump.urban.space","2030",2.857142857
"IEA2","space","efficiency","heater.heatpump.urban.space","2035",3.142857143
"IEA2","space","efficiency","heater.heatpump.urban.space","2040",3.428571429
"IEA2","space","efficiency","heater.heatpump.urban.space","2045",3.714285714
"IEA2","space","efficiency","heater.heatpump.urban.space","2050",4
"IEA2","space","efficiency","heater.electricity.urban.space","2011",1
"IEA2","space","efficiency","heater.electricity.urban.space","2015",1
"IEA2","space","efficiency","heater.electricity.urban.space","2020",1
"IEA2","space","efficiency","heater.electricity.urban.space","2025",1
"IEA2","space","efficiency","heater.electricity.urban.space","2030",1
"IEA2","space","efficiency","heater.electricity.urban.space","2035",1
"IEA2","space","efficiency","heater.electricity.urban.space","2040",1
"IEA2","space","efficiency","heater.electricity.urban.space","2045",1
"IEA2","space","efficiency","heater.electricity.urban.space","2050",1
"IEA2","space","efficiency","heater.solar.urban.space","2011",0.4
"IEA2","space","efficiency","heater.solar.urban.space","2015",0.41025641
"IEA2","space","efficiency","heater.solar.urban.space","2020",0.451648352
"IEA2","space","efficiency","heater.solar.urban.space","2025",0.493040293
"IEA2","space","efficiency","heater.solar.urban.space","2030",0.534432234
"IEA2","space","efficiency","heater.solar.urban.space","2035",0.575824176
"IEA2","space","efficiency","heater.solar.urban.space","2040",0.617216117
"IEA2","space","efficiency","heater.solar.urban.space","2045",0.658608059
"IEA2","space","efficiency","heater.solar.urban.space","2050",0.7
"IEA2","space","efficiency","heater.solid.boiler.rural.space","2011",0.55
"IEA2","space","efficiency","heater.solid.boiler.rural.space","2015",0.544871795
"IEA2","space","efficiency","heater.solid.boiler.rural.space","2020",0.581318681
"IEA2","space","efficiency","heater.solid.boiler.rural.space","2025",0.617765568
"IEA2","space","efficiency","heater.solid.boiler.rural.space","2030",0.654212454
"IEA2","space","efficiency","heater.solid.boiler.rural.space","2035",0.690659341
"IEA2","space","efficiency","heater.solid.boiler.rural.space","2040",0.727106227
"IEA2","space","efficiency","heater.solid.boiler.rural.space","2045",0.763553114
"IEA2","space","efficiency","heater.solid.boiler.rural.space","2050",0.8
"IEA2","space","efficiency","heater.liquid.boiler.rural.space","2011",0.6
"IEA2","space","efficiency","heater.liquid.boiler.rural.space","2015",0.615384615
"IEA2","space","efficiency","heater.liquid.boiler.rural.space","2020",0.656043956
"IEA2","space","efficiency","heater.liquid.boiler.rural.space","2025",0.696703297
"IEA2","space","efficiency","heater.liquid.boiler.rural.space","2030",0.737362637
"IEA2","space","efficiency","heater.liquid.boiler.rural.space","2035",0.778021978
"IEA2","space","efficiency","heater.liquid.boiler.rural.space","2040",0.818681319
"IEA2","space","efficiency","heater.liquid.boiler.rural.space","2045",0.859340659
"IEA2","space","efficiency","heater.liquid.boiler.rural.space","2050",0.9
"IEA2","space","efficiency","heater.gas.boiler.rural.space","2011",0.78
"IEA2","space","efficiency","heater.gas.boiler.rural.space","2015",0.782051282
"IEA2","space","efficiency","heater.gas.boiler.rural.space","2020",0.841758242
"IEA2","space","efficiency","heater.gas.boiler.rural.space","2025",0.901465201
"IEA2","space","efficiency","heater.gas.boiler.rural.space","2030",0.961172161
"IEA2","space","efficiency","heater.gas.boiler.rural.space","2035",1.020879121
"IEA2","space","efficiency","heater.gas.boiler.rural.space","2040",1.080586081
"IEA2","space","efficiency","heater.gas.boiler.rural.space","2045",1.14029304
"IEA2","space","efficiency","heater.gas.boiler.rural.space","2050",1.2
"IEA2","space","efficiency","heater.heatpump.rural.space","2011",2
"IEA2","space","efficiency","heater.heatpump.rural.space","2015",2
"IEA2","space","efficiency","heater.heatpump.rural.space","2020",2.285714286
"IEA2","space","efficiency","heater.heatpump.rural.space","2025",2.571428571
"IEA2","space","efficiency","heater.heatpump.rural.space","2030",2.857142857
"IEA2","space","efficiency","heater.heatpump.rural.space","2035",3.142857143
"IEA2","space","efficiency","heater.heatpump.rural.space","2040",3.428571429
"IEA2","space","efficiency","heater.heatpump.rural.space","2045",3.714285714
"IEA2","space","efficiency","heater.heatpump.rural.space","2050",4
"IEA2","space","efficiency","heater.electricity.rural.space","2011",1
"IEA2","space","efficiency","heater.electricity.rural.space","2015",1
"IEA2","space","efficiency","heater.electricity.rural.space","2020",1
"IEA2","space","efficiency","heater.electricity.rural.space","2025",1
"IEA2","space","efficiency","heater.electricity.rural.space","2030",1
"IEA2","space","efficiency","heater.electricity.rural.space","2035",1
"IEA2","space","efficiency","heater.electricity.rural.space","2040",1
"IEA2","space","efficiency","heater.electricity.rural.space","2045",1
"IEA2","space","efficiency","heater.electricity.rural.space","2050",1
"IEA2","space","efficiency","heater.solar.rural.space","2011",0.4
"IEA2","space","efficiency","heater.solar.rural.space","2015",0.41025641
"IEA2","space","efficiency","heater.solar.rural.space","2020",0.451648352
"IEA2","space","efficiency","heater.solar.rural.space","2025",0.493040293
"IEA2","space","efficiency","heater.solar.rural.space","2030",0.534432234
"IEA2","space","efficiency","heater.solar.rural.space","2035",0.575824176
"IEA2","space","efficiency","heater.solar.rural.space","2040",0.617216117
"IEA2","space","efficiency","heater.solar.rural.space","2045",0.658608059
"IEA2","space","efficiency","heater.solar.rural.space","2050",0.7
"IEA2","space","efficiency","heater.traditionalbiomass.boiler.urban.no.elec","2011",0.3
"IEA2","space","efficiency","heater.traditionalbiomass.boiler.urban.no.elec","2015",0.3
"IEA2","space","efficiency","heater.traditionalbiomass.boiler.urban.no.elec","2020",0.328571429
"IEA2","space","efficiency","heater.traditionalbiomass.boiler.urban.no.elec","2025",0.357142857
"IEA2","space","efficiency","heater.traditionalbiomass.boiler.urban.no.elec","2030",0.385714286
"IEA2","space","efficiency","heater.traditionalbiomass.boiler.urban.no.elec","2035",0.414285714
"IEA2","space","efficiency","heater.traditionalbiomass.boiler.urban.no.elec","2040",0.442857143
"IEA2","space","efficiency","heater.traditionalbiomass.boiler.urban.no.elec","2045",0.471428571
"IEA2","space","efficiency","heater.traditionalbiomass.boiler.urban.no.elec","2050",0.5
"IEA2","space","efficiency","heater.traditionalbiomass.boiler.rural.no.elec","2011",0.3
"IEA2","space","efficiency","heater.traditionalbiomass.boiler.rural.no.elec","2015",0.3
"IEA2","space","efficiency","heater.traditionalbiomass.boiler.rural.no.elec","2020",0.328571429
"IEA2","space","efficiency","heater.traditionalbiomass.boiler.rural.no.elec","2025",0.357142857
"IEA2","space","efficiency","heater.traditionalbiomass.boiler.rural.no.elec","2030",0.385714286
"IEA2","space","efficiency","heater.traditionalbiomass.boiler.rural.no.elec","2035",0.414285714
"IEA2","space","efficiency","heater.traditionalbiomass.boiler.rural.no.elec","2040",0.442857143
"IEA2","space","efficiency","heater.traditionalbiomass.boiler.rural.no.elec","2045",0.471428571
"IEA2","space","efficiency","heater.traditionalbiomass.boiler.rural.no.elec","2050",0.5
"IEA2","space","efficiency","heater.solid.boiler.non residential.space","2011",0.55
"IEA2","space","efficiency","heater.solid.boiler.non residential.space","2015",0.544871795
"IEA2","space","efficiency","heater.solid.boiler.non residential.space","2020",0.581318681
"IEA2","space","efficiency","heater.solid.boiler.non residential.space","2025",0.617765568
"IEA2","space","efficiency","heater.solid.boiler.non residential.space","2030",0.654212454
"IEA2","space","efficiency","heater.solid.boiler.non residential.space","2035",0.690659341
"IEA2","space","efficiency","heater.solid.boiler.non residential.space","2040",0.727106227
"IEA2","space","efficiency","heater.solid.boiler.non residential.space","2045",0.763553114
"IEA2","space","efficiency","heater.solid.boiler.non residential.space","2050",0.8
"IEA2","space","efficiency","heater.liquid.boiler.non residential.space","2011",0.6
"IEA2","space","efficiency","heater.liquid.boiler.non residential.space","2015",0.615384615
"IEA2","space","efficiency","heater.liquid.boiler.non residential.space","2020",0.656043956
"IEA2","space","efficiency","heater.liquid.boiler.non residential.space","2025",0.696703297
"IEA2","space","efficiency","heater.liquid.boiler.non residential.space","2030",0.737362637
"IEA2","space","efficiency","heater.liquid.boiler.non residential.space","2035",0.778021978
"IEA2","space","efficiency","heater.liquid.boiler.non residential.space","2040",0.818681319
"IEA2","space","efficiency","heater.liquid.boiler.non residential.space","2045",0.859340659
"IEA2","space","efficiency","heater.liquid.boiler.non residential.space","2050",0.9
"IEA2","space","efficiency","heater.gas.boiler.non residential.space","2011",0.78
"IEA2","space","efficiency","heater.gas.boiler.non residential.space","2015",0.782051282
"IEA2","space","efficiency","heater.gas.boiler.non residential.space","2020",0.841758242
"IEA2","space","efficiency","heater.gas.boiler.non residential.space","2025",0.901465201
"IEA2","space","efficiency","heater.gas.boiler.non residential.space","2030",0.961172161
"IEA2","space","efficiency","heater.gas.boiler.non residential.space","2035",1.020879121
"IEA2","space","efficiency","heater.gas.boiler.non residential.space","2040",1.080586081
"IEA2","space","efficiency","heater.gas.boiler.non residential.space","2045",1.14029304
"IEA2","space","efficiency","heater.gas.boiler.non residential.space","2050",1.2
"IEA2","space","efficiency","heater.heatpump.non residential.space","2011",2
"IEA2","space","efficiency","heater.heatpump.non residential.space","2015",2
"IEA2","space","efficiency","heater.heatpump.non residential.space","2020",2.285714286
"IEA2","space","efficiency","heater.heatpump.non residential.space","2025",2.571428571
"IEA2","space","efficiency","heater.heatpump.non residential.space","2030",2.857142857
"IEA2","space","efficiency","heater.heatpump.non residential.space","2035",3.142857143
"IEA2","space","efficiency","heater.heatpump.non residential.space","2040",3.428571429
"IEA2","space","efficiency","heater.heatpump.non residential.space","2045",3.714285714
"IEA2","space","efficiency","heater.heatpump.non residential.space","2050",4
"IEA2","space","efficiency","heater.electricity.non residential.space","2011",1
"IEA2","space","efficiency","heater.electricity.non residential.space","2015",1
"IEA2","space","efficiency","heater.electricity.non residential.space","2020",1
"IEA2","space","efficiency","heater.electricity.non residential.space","2025",1
"IEA2","space","efficiency","heater.electricity.non residential.space","2030",1
"IEA2","space","efficiency","heater.electricity.non residential.space","2035",1
"IEA2","space","efficiency","heater.electricity.non residential.space","2040",1
"IEA2","space","efficiency","heater.electricity.non residential.space","2045",1
"IEA2","space","efficiency","heater.electricity.non residential.space","2050",1
"IEA2","space","efficiency","heater.solar.non residential.space","2011",0.4
"IEA2","space","efficiency","heater.solar.non residential.space","2015",0.41025641
"IEA2","space","efficiency","heater.solar.non residential.space","2020",0.451648352
"IEA2","space","efficiency","heater.solar.non residential.space","2025",0.493040293
"IEA2","space","efficiency","heater.solar.non residential.space","2030",0.534432234
"IEA2","space","efficiency","heater.solar.non residential.space","2035",0.575824176
"IEA2","space","efficiency","heater.solar.non residential.space","2040",0.617216117
"IEA2","space","efficiency","heater.solar.non residential.space","2045",0.658608059
"IEA2","space","efficiency","heater.solar.non residential.space","2050",0.7
"IEA2","water","efficiency","heater.solid.boiler.urban.water","2011",0.55
"IEA2","water","efficiency","heater.solid.boiler.urban.water","2015",0.544871795
"IEA2","water","efficiency","heater.solid.boiler.urban.water","2020",0.581318681
"IEA2","water","efficiency","heater.solid.boiler.urban.water","2025",0.617765568
"IEA2","water","efficiency","heater.solid.boiler.urban.water","2030",0.654212454
"IEA2","water","efficiency","heater.solid.boiler.urban.water","2035",0.690659341
"IEA2","water","efficiency","heater.solid.boiler.urban.water","2040",0.727106227
"IEA2","water","efficiency","heater.solid.boiler.urban.water","2045",0.763553114
"IEA2","water","efficiency","heater.solid.boiler.urban.water","2050",0.8
"IEA2","water","efficiency","heater.liquid.boiler.urban.water","2011",0.6
"IEA2","water","efficiency","heater.liquid.boiler.urban.water","2015",0.615384615
"IEA2","water","efficiency","heater.liquid.boiler.urban.water","2020",0.656043956
"IEA2","water","efficiency","heater.liquid.boiler.urban.water","2025",0.696703297
"IEA2","water","efficiency","heater.liquid.boiler.urban.water","2030",0.737362637
"IEA2","water","efficiency","heater.liquid.boiler.urban.water","2035",0.778021978
"IEA2","water","efficiency","heater.liquid.boiler.urban.water","2040",0.818681319
"IEA2","water","efficiency","heater.liquid.boiler.urban.water","2045",0.859340659
"IEA2","water","efficiency","heater.liquid.boiler.urban.water","2050",0.9
"IEA2","water","efficiency","heater.gas.boiler.urban.water","2011",0.78
"IEA2","water","efficiency","heater.gas.boiler.urban.water","2015",0.782051282
"IEA2","water","efficiency","heater.gas.boiler.urban.water","2020",0.841758242
"IEA2","water","efficiency","heater.gas.boiler.urban.water","2025",0.901465201
"IEA2","water","efficiency","heater.gas.boiler.urban.water","2030",0.961172161
"IEA2","water","efficiency","heater.gas.boiler.urban.water","2035",1.020879121
"IEA2","water","efficiency","heater.gas.boiler.urban.water","2040",1.080586081
"IEA2","water","efficiency","heater.gas.boiler.urban.water","2045",1.14029304
"IEA2","water","efficiency","heater.gas.boiler.urban.water","2050",1.2
"IEA2","water","efficiency","heater.heatpump.urban.water","2011",2
"IEA2","water","efficiency","heater.heatpump.urban.water","2015",2
"IEA2","water","efficiency","heater.heatpump.urban.water","2020",2.285714286
"IEA2","water","efficiency","heater.heatpump.urban.water","2025",2.571428571
"IEA2","water","efficiency","heater.heatpump.urban.water","2030",2.857142857
"IEA2","water","efficiency","heater.heatpump.urban.water","2035",3.142857143
"IEA2","water","efficiency","heater.heatpump.urban.water","2040",3.428571429
"IEA2","water","efficiency","heater.heatpump.urban.water","2045",3.714285714
"IEA2","water","efficiency","heater.heatpump.urban.water","2050",4
"IEA2","water","efficiency","heater.electricity.urban.water","2011",1
"IEA2","water","efficiency","heater.electricity.urban.water","2015",1
"IEA2","water","efficiency","heater.electricity.urban.water","2020",1
"IEA2","water","efficiency","heater.electricity.urban.water","2025",1
"IEA2","water","efficiency","heater.electricity.urban.water","2030",1
"IEA2","water","efficiency","heater.electricity.urban.water","2035",1
"IEA2","water","efficiency","heater.electricity.urban.water","2040",1
"IEA2","water","efficiency","heater.electricity.urban.water","2045",1
"IEA2","water","efficiency","heater.electricity.urban.water","2050",1
"IEA2","water","efficiency","heater.solar.urban.water","2011",0.4
"IEA2","water","efficiency","heater.solar.urban.water","2015",0.41025641
"IEA2","water","efficiency","heater.solar.urban.water","2020",0.451648352
"IEA2","water","efficiency","heater.solar.urban.water","2025",0.493040293
"IEA2","water","efficiency","heater.solar.urban.water","2030",0.534432234
"IEA2","water","efficiency","heater.solar.urban.water","2035",0.575824176
"IEA2","water","efficiency","heater.solar.urban.water","2040",0.617216117
"IEA2","water","efficiency","heater.solar.urban.water","2045",0.658608059
"IEA2","water","efficiency","heater.solar.urban.water","2050",0.7
"IEA2","water","efficiency","heater.solid.boiler.rural.water","2011",0.55
"IEA2","water","efficiency","heater.solid.boiler.rural.water","2015",0.544871795
"IEA2","water","efficiency","heater.solid.boiler.rural.water","2020",0.581318681
"IEA2","water","efficiency","heater.solid.boiler.rural.water","2025",0.617765568
"IEA2","water","efficiency","heater.solid.boiler.rural.water","2030",0.654212454
"IEA2","water","efficiency","heater.solid.boiler.rural.water","2035",0.690659341
"IEA2","water","efficiency","heater.solid.boiler.rural.water","2040",0.727106227
"IEA2","water","efficiency","heater.solid.boiler.rural.water","2045",0.763553114
"IEA2","water","efficiency","heater.solid.boiler.rural.water","2050",0.8
"IEA2","water","efficiency","heater.liquid.boiler.rural.water","2011",0.6
"IEA2","water","efficiency","heater.liquid.boiler.rural.water","2015",0.615384615
"IEA2","water","efficiency","heater.liquid.boiler.rural.water","2020",0.656043956
"IEA2","water","efficiency","heater.liquid.boiler.rural.water","2025",0.696703297
"IEA2","water","efficiency","heater.liquid.boiler.rural.water","2030",0.737362637
"IEA2","water","efficiency","heater.liquid.boiler.rural.water","2035",0.778021978
"IEA2","water","efficiency","heater.liquid.boiler.rural.water","2040",0.818681319
"IEA2","water","efficiency","heater.liquid.boiler.rural.water","2045",0.859340659
"IEA2","water","efficiency","heater.liquid.boiler.rural.water","2050",0.9
"IEA2","water","efficiency","heater.gas.boiler.rural.water","2011",0.78
"IEA2","water","efficiency","heater.gas.boiler.rural.water","2015",0.782051282
"IEA2","water","efficiency","heater.gas.boiler.rural.water","2020",0.841758242
"IEA2","water","efficiency","heater.gas.boiler.rural.water","2025",0.901465201
"IEA2","water","efficiency","heater.gas.boiler.rural.water","2030",0.961172161
"IEA2","water","efficiency","heater.gas.boiler.rural.water","2035",1.020879121
"IEA2","water","efficiency","heater.gas.boiler.rural.water","2040",1.080586081
"IEA2","water","efficiency","heater.gas.boiler.rural.water","2045",1.14029304
"IEA2","water","efficiency","heater.gas.boiler.rural.water","2050",1.2
"IEA2","water","efficiency","heater.heatpump.rural.water","2011",2
"IEA2","water","efficiency","heater.heatpump.rural.water","2015",2
"IEA2","water","efficiency","heater.heatpump.rural.water","2020",2.285714286
"IEA2","water","efficiency","heater.heatpump.rural.water","2025",2.571428571
"IEA2","water","efficiency","heater.heatpump.rural.water","2030",2.857142857
"IEA2","water","efficiency","heater.heatpump.rural.water","2035",3.142857143
"IEA2","water","efficiency","heater.heatpump.rural.water","2040",3.428571429
"IEA2","water","efficiency","heater.heatpump.rural.water","2045",3.714285714
"IEA2","water","efficiency","heater.heatpump.rural.water","2050",4
"IEA2","water","efficiency","heater.electricity.rural.water","2011",1
"IEA2","water","efficiency","heater.electricity.rural.water","2015",1
"IEA2","water","efficiency","heater.electricity.rural.water","2020",1
"IEA2","water","efficiency","heater.electricity.rural.water","2025",1
"IEA2","water","efficiency","heater.electricity.rural.water","2030",1
"IEA2","water","efficiency","heater.electricity.rural.water","2035",1
"IEA2","water","efficiency","heater.electricity.rural.water","2040",1
"IEA2","water","efficiency","heater.electricity.rural.water","2045",1
"IEA2","water","efficiency","heater.electricity.rural.water","2050",1
"IEA2","water","efficiency","heater.solar.rural.water","2011",0.4
"IEA2","water","efficiency","heater.solar.rural.water","2015",0.41025641
"IEA2","water","efficiency","heater.solar.rural.water","2020",0.451648352
"IEA2","water","efficiency","heater.solar.rural.water","2025",0.493040293
"IEA2","water","efficiency","heater.solar.rural.water","2030",0.534432234
"IEA2","water","efficiency","heater.solar.rural.water","2035",0.575824176
"IEA2","water","efficiency","heater.solar.rural.water","2040",0.617216117
"IEA2","water","efficiency","heater.solar.rural.water","2045",0.658608059
"IEA2","water","efficiency","heater.solar.rural.water","2050",0.7
"IEA2","cool","efficiency","cooling.airconditioners.urban","2011",2
"IEA2","cool","efficiency","cooling.airconditioners.urban","2015",2
"IEA2","cool","efficiency","cooling.airconditioners.urban","2020",2
"IEA2","cool","efficiency","cooling.airconditioners.urban","2025",2
"IEA2","cool","efficiency","cooling.airconditioners.urban","2030",2
"IEA2","cool","efficiency","cooling.airconditioners.urban","2035",2
"IEA2","cool","efficiency","cooling.airconditioners.urban","2040",2
"IEA2","cool","efficiency","cooling.airconditioners.urban","2045",2
"IEA2","cool","efficiency","cooling.airconditioners.urban","2050",2
"IEA2","cool","efficiency","cooling.chillers.urban","2011",1.8
"IEA2","cool","efficiency","cooling.chillers.urban","2015",1.8
"IEA2","cool","efficiency","cooling.chillers.urban","2020",1.8
"IEA2","cool","efficiency","cooling.chillers.urban","2025",1.8
"IEA2","cool","efficiency","cooling.chillers.urban","2030",1.8
"IEA2","cool","efficiency","cooling.chillers.urban","2035",1.8
"IEA2","cool","efficiency","cooling.chillers.urban","2040",1.8
"IEA2","cool","efficiency","cooling.chillers.urban","2045",1.8
"IEA2","cool","efficiency","cooling.chillers.urban","2050",1.8
"IEA2","cool","efficiency","cooling.solarcooling.urban","2011",1
"IEA2","cool","efficiency","cooling.solarcooling.urban","2015",1
"IEA2","cool","efficiency","cooling.solarcooling.urban","2020",1
"IEA2","cool","efficiency","cooling.solarcooling.urban","2025",1
"IEA2","cool","efficiency","cooling.solarcooling.urban","2030",1
"IEA2","cool","efficiency","cooling.solarcooling.urban","2035",1
"IEA2","cool","efficiency","cooling.solarcooling.urban","2040",1
"IEA2","cool","efficiency","cooling.solarcooling.urban","2045",1
"IEA2","cool","efficiency","cooling.solarcooling.urban","2050",1
"IEA2","cool","efficiency","cooling.airconditioners.rural","2011",2
"IEA2","cool","efficiency","cooling.airconditioners.rural","2015",2
"IEA2","cool","efficiency","cooling.airconditioners.rural","2020",2
"IEA2","cool","efficiency","cooling.airconditioners.rural","2025",2
"IEA2","cool","efficiency","cooling.airconditioners.rural","2030",2
"IEA2","cool","efficiency","cooling.airconditioners.rural","2035",2
"IEA2","cool","efficiency","cooling.airconditioners.rural","2040",2
"IEA2","cool","efficiency","cooling.airconditioners.rural","2045",2
"IEA2","cool","efficiency","cooling.airconditioners.rural","2050",2
"IEA2","cool","efficiency","cooling.chillers.rural","2011",1.8
"IEA2","cool","efficiency","cooling.chillers.rural","2015",1.8
"IEA2","cool","efficiency","cooling.chillers.rural","2020",1.8
"IEA2","cool","efficiency","cooling.chillers.rural","2025",1.8
"IEA2","cool","efficiency","cooling.chillers.rural","2030",1.8
"IEA2","cool","efficiency","cooling.chillers.rural","2035",1.8
"IEA2","cool","efficiency","cooling.chillers.rural","2040",1.8
"IEA2","cool","efficiency","cooling.chillers.rural","2045",1.8
"IEA2","cool","efficiency","cooling.chillers.rural","2050",1.8
"IEA2","cool","efficiency","cooling.solarcooling.rural","2011",1
"IEA2","cool","efficiency","cooling.solarcooling.rural","2015",1
"IEA2","cool","efficiency","cooling.solarcooling.rural","2020",1
"IEA2","cool","efficiency","cooling.solarcooling.rural","2025",1
"IEA2","cool","efficiency","cooling.solarcooling.rural","2030",1
"IEA2","cool","efficiency","cooling.solarcooling.rural","2035",1
"IEA2","cool","efficiency","cooling.solarcooling.rural","2040",1
"IEA2","cool","efficiency","cooling.solarcooling.rural","2045",1
"IEA2","cool","efficiency","cooling.solarcooling.rural","2050",1
"IEA2","cool","efficiency","cooling.airconditioners.non residential","2011",2.5
"IEA2","cool","efficiency","cooling.airconditioners.non residential","2015",2.5
"IEA2","cool","efficiency","cooling.airconditioners.non residential","2020",2.5
"IEA2","cool","efficiency","cooling.airconditioners.non residential","2025",2.5
"IEA2","cool","efficiency","cooling.airconditioners.non residential","2030",2.5
"IEA2","cool","efficiency","cooling.airconditioners.non residential","2035",2.5
"IEA2","cool","efficiency","cooling.airconditioners.non residential","2040",2.5
"IEA2","cool","efficiency","cooling.airconditioners.non residential","2045",2.5
"IEA2","cool","efficiency","cooling.airconditioners.non residential","2050",2.5
"IEA2","cool","efficiency","cooling.chillers.non residential","2011",1.8
"IEA2","cool","efficiency","cooling.chillers.non residential","2015",1.8
"IEA2","cool","efficiency","cooling.chillers.non residential","2020",1.8
"IEA2","cool","efficiency","cooling.chillers.non residential","2025",1.8
"IEA2","cool","efficiency","cooling.chillers.non residential","2030",1.8
"IEA2","cool","efficiency","cooling.chillers.non residential","2035",1.8
"IEA2","cool","efficiency","cooling.chillers.non residential","2040",1.8
"IEA2","cool","efficiency","cooling.chillers.non residential","2045",1.8
"IEA2","cool","efficiency","cooling.chillers.non residential","2050",1.8
"IEA2","cool","efficiency","cooling.solarcooling.non residential","2011",1
"IEA2","cool","efficiency","cooling.solarcooling.non residential","2015",1
"IEA2","cool","efficiency","cooling.solarcooling.non residential","2020",1
"IEA2","cool","efficiency","cooling.solarcooling.non residential","2025",1
"IEA2","cool","efficiency","cooling.solarcooling.non residential","2030",1
"IEA2","cool","efficiency","cooling.solarcooling.non residential","2035",1
"IEA2","cool","efficiency","cooling.solarcooling.non residential","2040",1
"IEA2","cool","efficiency","cooling.solarcooling.non residential","2045",1
"IEA2","cool","efficiency","cooling.solarcooling.non residential","2050",1
"IEA2","cook","efficiency","cooker.traditionalbiomass.stoves.urban","2011",0.3
"IEA2","cook","efficiency","cooker.traditionalbiomass.stoves.urban","2015",0.335897436
"IEA2","cook","efficiency","cooker.traditionalbiomass.stoves.urban","2020",0.380769231
"IEA2","cook","efficiency","cooker.traditionalbiomass.stoves.urban","2025",0.425641026
"IEA2","cook","efficiency","cooker.traditionalbiomass.stoves.urban","2030",0.470512821
"IEA2","cook","efficiency","cooker.traditionalbiomass.stoves.urban","2035",0.515384615
"IEA2","cook","efficiency","cooker.traditionalbiomass.stoves.urban","2040",0.56025641
"IEA2","cook","efficiency","cooker.traditionalbiomass.stoves.urban","2045",0.605128205
"IEA2","cook","efficiency","cooker.traditionalbiomass.stoves.urban","2050",0.65
"IEA2","cook","efficiency","cooker.traditionalbiomass.stoves.urban.no.elec","2011",0.3
"IEA2","cook","efficiency","cooker.traditionalbiomass.stoves.urban.no.elec","2015",0.320512821
"IEA2","cook","efficiency","cooker.traditionalbiomass.stoves.urban.no.elec","2020",0.346153846
"IEA2","cook","efficiency","cooker.traditionalbiomass.stoves.urban.no.elec","2025",0.371794872
"IEA2","cook","efficiency","cooker.traditionalbiomass.stoves.urban.no.elec","2030",0.397435897
"IEA2","cook","efficiency","cooker.traditionalbiomass.stoves.urban.no.elec","2035",0.423076923
"IEA2","cook","efficiency","cooker.traditionalbiomass.stoves.urban.no.elec","2040",0.448717949
"IEA2","cook","efficiency","cooker.traditionalbiomass.stoves.urban.no.elec","2045",0.474358974
"IEA2","cook","efficiency","cooker.traditionalbiomass.stoves.urban.no.elec","2050",0.5
"IEA2","cook","efficiency","cooker.traditionalbiomass.stoves.rural","2011",0.3
"IEA2","cook","efficiency","cooker.traditionalbiomass.stoves.rural","2015",0.335897436
"IEA2","cook","efficiency","cooker.traditionalbiomass.stoves.rural","2020",0.380769231
"IEA2","cook","efficiency","cooker.traditionalbiomass.stoves.rural","2025",0.425641026
"IEA2","cook","efficiency","cooker.traditionalbiomass.stoves.rural","2030",0.470512821
"IEA2","cook","efficiency","cooker.traditionalbiomass.stoves.rural","2035",0.515384615
"IEA2","cook","efficiency","cooker.traditionalbiomass.stoves.rural","2040",0.56025641
"IEA2","cook","efficiency","cooker.traditionalbiomass.stoves.rural","2045",0.605128205
"IEA2","cook","efficiency","cooker.traditionalbiomass.stoves.rural","2050",0.65
"IEA2","cook","efficiency","cooker.traditionalbiomass.stoves.rural.no.elec","2011",0.3
"IEA2","cook","efficiency","cooker.traditionalbiomass.stoves.rural.no.elec","2015",0.320512821
"IEA2","cook","efficiency","cooker.traditionalbiomass.stoves.rural.no.elec","2020",0.346153846
"IEA2","cook","efficiency","cooker.traditionalbiomass.stoves.rural.no.elec","2025",0.371794872
"IEA2","cook","efficiency","cooker.traditionalbiomass.stoves.rural.no.elec","2030",0.397435897
"IEA2","cook","efficiency","cooker.traditionalbiomass.stoves.rural.no.elec","2035",0.423076923
"IEA2","cook","efficiency","cooker.traditionalbiomass.stoves.rural.no.elec","2040",0.448717949
"IEA2","cook","efficiency","cooker.traditionalbiomass.stoves.rural.no.elec","2045",0.474358974
"IEA2","cook","efficiency","cooker.traditionalbiomass.stoves.rural.no.elec","2050",0.5
"IEA2","space","heat_demand_TWh","heater.solid.boiler.urban.space","2011",211.7905988
"IEA2","space","heat_demand_TWh","heater.solid.boiler.urban.space","2015",219.1814016
"IEA2","space","heat_demand_TWh","heater.solid.boiler.urban.space","2020",208.3501962
"IEA2","space","heat_demand_TWh","heater.solid.boiler.urban.space","2025",192.1635182
"IEA2","space","heat_demand_TWh","heater.solid.boiler.urban.space","2030",170.6135988
"IEA2","space","heat_demand_TWh","heater.solid.boiler.urban.space","2035",143.8295876
"IEA2","space","heat_demand_TWh","heater.solid.boiler.urban.space","2040",113.4217803
"IEA2","space","heat_demand_TWh","heater.solid.boiler.urban.space","2045",79.9984902
"IEA2","space","heat_demand_TWh","heater.solid.boiler.urban.space","2050",45.11106195
"IEA2","space","heat_demand_TWh","heater.liquid.boiler.urban.space","2011",423.5811976
"IEA2","space","heat_demand_TWh","heater.liquid.boiler.urban.space","2015",473.0159893
"IEA2","space","heat_demand_TWh","heater.liquid.boiler.urban.space","2020",438.3784476
"IEA2","space","heat_demand_TWh","heater.liquid.boiler.urban.space","2025",390.6227883
"IEA2","space","heat_demand_TWh","heater.liquid.boiler.urban.space","2030",330.0443753
"IEA2","space","heat_demand_TWh","heater.liquid.boiler.urban.space","2035",257.4785405
"IEA2","space","heat_demand_TWh","heater.liquid.boiler.urban.space","2040",176.6855693
"IEA2","space","heat_demand_TWh","heater.liquid.boiler.urban.space","2045",89.69029908
"IEA2","space","heat_demand_TWh","heater.liquid.boiler.urban.space","2050",0
"IEA2","space","heat_demand_TWh","heater.gas.boiler.urban.space","2011",1664.068991
"IEA2","space","heat_demand_TWh","heater.gas.boiler.urban.space","2015",1858.277101
"IEA2","space","heat_demand_TWh","heater.gas.boiler.urban.space","2020",1878.764775
"IEA2","space","heat_demand_TWh","heater.gas.boiler.urban.space","2025",1869.409058
"IEA2","space","heat_demand_TWh","heater.gas.boiler.urban.space","2030",1827.031363
"IEA2","space","heat_demand_TWh","heater.gas.boiler.urban.space","2035",1747.17581
"IEA2","space","heat_demand_TWh","heater.gas.boiler.urban.space","2040",1640.651715
"IEA2","space","heat_demand_TWh","heater.gas.boiler.urban.space","2045",1505.515735
"IEA2","space","heat_demand_TWh","heater.gas.boiler.urban.space","2050",1353.331859
"IEA2","space","heat_demand_TWh","heater.heatpump.urban.space","2011",60.51159966
"IEA2","space","heat_demand_TWh","heater.heatpump.urban.space","2015",67.57371276
"IEA2","space","heat_demand_TWh","heater.heatpump.urban.space","2020",245.283179
"IEA2","space","heat_demand_TWh","heater.heatpump.urban.space","2025",446.4260438
"IEA2","space","heat_demand_TWh","heater.heatpump.urban.space","2030",665.9824002
"IEA2","space","heat_demand_TWh","heater.heatpump.urban.space","2035",895.0444502
"IEA2","space","heat_demand_TWh","heater.heatpump.urban.space","2040",1129.525604
"IEA2","space","heat_demand_TWh","heater.heatpump.urban.space","2045",1358.167386
"IEA2","space","heat_demand_TWh","heater.heatpump.urban.space","2050",1578.887168
"IEA2","space","heat_demand_TWh","heater.electricity.urban.space","2011",90.76739948
"IEA2","space","heat_demand_TWh","heater.electricity.urban.space","2015",118.6871622
"IEA2","space","heat_demand_TWh","heater.electricity.urban.space","2020",136.0900126
"IEA2","space","heat_demand_TWh","heater.electricity.urban.space","2025",153.8166657
"IEA2","space","heat_demand_TWh","heater.electricity.urban.space","2030",171.2180756
"IEA2","space","heat_demand_TWh","heater.electricity.urban.space","2035",187.2142501
"IEA2","space","heat_demand_TWh","heater.electricity.urban.space","2040",202.0881649
"IEA2","space","heat_demand_TWh","heater.electricity.urban.space","2045",214.6982068
"IEA2","space","heat_demand_TWh","heater.electricity.urban.space","2050",225.5553098
"IEA2","space","heat_demand_TWh","heater.solar.urban.space","2011",0
"IEA2","space","heat_demand_TWh","heater.solar.urban.space","2015",0
"IEA2","space","heat_demand_TWh","heater.solar.urban.space","2020",52.18791043
"IEA2","space","heat_demand_TWh","heater.solar.urban.space","2025",111.606511
"IEA2","space","heat_demand_TWh","heater.solar.urban.space","2030",176.8094868
"IEA2","space","heat_demand_TWh","heater.solar.urban.space","2035",245.2176576
"IEA2","space","heat_demand_TWh","heater.solar.urban.space","2040",315.5099452
"IEA2","space","heat_demand_TWh","heater.solar.urban.space","2045",384.386996
"IEA2","space","heat_demand_TWh","heater.solar.urban.space","2050",451.1106195
"IEA2","space","heat_demand_TWh","heater.microchp.urban.space","2011",60.51159966
"IEA2","space","heat_demand_TWh","heater.microchp.urban.space","2015",67.57371276
"IEA2","space","heat_demand_TWh","heater.microchp.urban.space","2020",109.5946119
"IEA2","space","heat_demand_TWh","heater.microchp.urban.space","2025",156.2491153
"IEA2","space","heat_demand_TWh","heater.microchp.urban.space","2030",206.2777346
"IEA2","space","heat_demand_TWh","heater.microchp.urban.space","2035",257.4785405
"IEA2","space","heat_demand_TWh","heater.microchp.urban.space","2040",309.1997463
"IEA2","space","heat_demand_TWh","heater.microchp.urban.space","2045",358.7611963
"IEA2","space","heat_demand_TWh","heater.microchp.urban.space","2050",405.9995576
"IEA2","space","heat_demand_TWh","heater.districtheating.urban.space","2011",514.3485971
"IEA2","space","heat_demand_TWh","heater.districtheating.urban.space","2015",574.3765584
"IEA2","space","heat_demand_TWh","heater.districtheating.urban.space","2020",584.5045968
"IEA2","space","heat_demand_TWh","heater.districtheating.urban.space","2025",585.9341825
"IEA2","space","heat_demand_TWh","heater.districtheating.urban.space","2030",577.5776568
"IEA2","space","heat_demand_TWh","heater.districtheating.urban.space","2035",557.870171
"IEA2","space","heat_demand_TWh","heater.districtheating.urban.space","2040",530.0567079
"IEA2","space","heat_demand_TWh","heater.districtheating.urban.space","2045",493.2966449
"IEA2","space","heat_demand_TWh","heater.districtheating.urban.space","2050",451.1106195
"IEA2","space","heat_demand_TWh","heater.solid.boiler.rural.space","2011",283.6595771
"IEA2","space","heat_demand_TWh","heater.solid.boiler.rural.space","2015",300.4286311
"IEA2","space","heat_demand_TWh","heater.solid.boiler.rural.space","2020",276.7494209
"IEA2","space","heat_demand_TWh","heater.solid.boiler.rural.space","2025",250.3969825
"IEA2","space","heat_demand_TWh","heater.solid.boiler.rural.space","2030",220.307357
"IEA2","space","heat_demand_TWh","heater.solid.boiler.rural.space","2035",186.4952026
"IEA2","space","heat_demand_TWh","heater.solid.boiler.rural.space","2040",150.8074876
"IEA2","space","heat_demand_TWh","heater.solid.boiler.rural.space","2045",113.7840479
"IEA2","space","heat_demand_TWh","heater.solid.boiler.rural.space","2050",76.8732647
"IEA2","space","heat_demand_TWh","heater.liquid.boiler.rural.space","2011",55.34821017
"IEA2","space","heat_demand_TWh","heater.liquid.boiler.rural.space","2015",60.02160059
"IEA2","space","heat_demand_TWh","heater.liquid.boiler.rural.space","2020",56.76765784
"IEA2","space","heat_demand_TWh","heater.liquid.boiler.rural.space","2025",53.06297397
"IEA2","space","heat_demand_TWh","heater.liquid.boiler.rural.space","2030",48.65574616
"IEA2","space","heat_demand_TWh","heater.liquid.boiler.rural.space","2035",43.48070696
"IEA2","space","heat_demand_TWh","heater.liquid.boiler.rural.space","2040",37.87031653
"IEA2","space","heat_demand_TWh","heater.liquid.boiler.rural.space","2045",31.84592403
"IEA2","space","heat_demand_TWh","heater.liquid.boiler.rural.space","2050",25.62442157
"IEA2","space","heat_demand_TWh","heater.gas.boiler.rural.space","2011",115.3087712
"IEA2","space","heat_demand_TWh","heater.gas.boiler.rural.space","2015",125.0450012
"IEA2","space","heat_demand_TWh","heater.gas.boiler.rural.space","2020",136.3898273
"IEA2","space","heat_demand_TWh","heater.gas.boiler.rural.space","2025",147.8182846
"IEA2","space","heat_demand_TWh","heater.gas.boiler.rural.space","2030",158.3242534
"IEA2","space","heat_demand_TWh","heater.gas.boiler.rural.space","2035",166.9348571
"IEA2","space","heat_demand_TWh","heater.gas.boiler.rural.space","2040",173.8943106
"IEA2","space","heat_demand_TWh","heater.gas.boiler.rural.space","2045",178.1855273
"IEA2","space","heat_demand_TWh","heater.gas.boiler.rural.space","2050",179.370951
"IEA2","space","heat_demand_TWh","heater.heatpump.rural.space","2011",2.306175424
"IEA2","space","heat_demand_TWh","heater.heatpump.rural.space","2015",2.500900024
"IEA2","space","heat_demand_TWh","heater.heatpump.rural.space","2020",20.64278467
"IEA2","space","heat_demand_TWh","heater.heatpump.rural.space","2025",39.79723048
"IEA2","space","heat_demand_TWh","heater.heatpump.rural.space","2030",59.4681342
"IEA2","space","heat_demand_TWh","heater.heatpump.rural.space","2035",78.80878137
"IEA2","space","heat_demand_TWh","heater.heatpump.rural.space","2040",97.38081393
"IEA2","space","heat_demand_TWh","heater.heatpump.rural.space","2045",114.1145611
"IEA2","space","heat_demand_TWh","heater.heatpump.rural.space","2050",128.1221078
"IEA2","space","heat_demand_TWh","heater.electricity.rural.space","2011",4.612350847
"IEA2","space","heat_demand_TWh","heater.electricity.rural.space","2015",12.18387191
"IEA2","space","heat_demand_TWh","heater.electricity.rural.space","2020",18.14750301
"IEA2","space","heat_demand_TWh","heater.electricity.rural.space","2025",24.39341844
"IEA2","space","heat_demand_TWh","heater.electricity.rural.space","2030",30.69450816
"IEA2","space","heat_demand_TWh","heater.electricity.rural.space","2035",36.73164118
"IEA2","space","heat_demand_TWh","heater.electricity.rural.space","2040",42.40841307
"IEA2","space","heat_demand_TWh","heater.electricity.rural.space","2045",47.34116301
"IEA2","space","heat_demand_TWh","heater.electricity.rural.space","2050",51.24884314
"IEA2","space","heat_demand_TWh","heater.solar.rural.space","2011",0
"IEA2","space","heat_demand_TWh","heater.solar.rural.space","2015",0
"IEA2","space","heat_demand_TWh","heater.solar.rural.space","2020",7.372423097
"IEA2","space","heat_demand_TWh","heater.solar.rural.space","2025",15.16084971
"IEA2","space","heat_demand_TWh","heater.solar.rural.space","2030",23.16940293
"IEA2","space","heat_demand_TWh","heater.solar.rural.space","2035",31.05764783
"IEA2","space","heat_demand_TWh","heater.solar.rural.space","2040",38.64318013
"IEA2","space","heat_demand_TWh","heater.solar.rural.space","2045",45.49417718
"IEA2","space","heat_demand_TWh","heater.solar.rural.space","2050",51.24884314
"IEA2","space","heat_demand_TWh","heater.microchp.rural.space","2011",0
"IEA2","space","heat_demand_TWh","heater.microchp.rural.space","2015",0
"IEA2","space","heat_demand_TWh","heater.microchp.rural.space","2020",0
"IEA2","space","heat_demand_TWh","heater.microchp.rural.space","2025",0
"IEA2","space","heat_demand_TWh","heater.microchp.rural.space","2030",0
"IEA2","space","heat_demand_TWh","heater.microchp.rural.space","2035",0
"IEA2","space","heat_demand_TWh","heater.microchp.rural.space","2040",0
"IEA2","space","heat_demand_TWh","heater.microchp.rural.space","2045",0
"IEA2","space","heat_demand_TWh","heater.microchp.rural.space","2050",0
"IEA2","space","heat_demand_TWh","heater.districtheating.rural.space","2011",0
"IEA2","space","heat_demand_TWh","heater.districtheating.rural.space","2015",0
"IEA2","space","heat_demand_TWh","heater.districtheating.rural.space","2020",0
"IEA2","space","heat_demand_TWh","heater.districtheating.rural.space","2025",0
"IEA2","space","heat_demand_TWh","heater.districtheating.rural.space","2030",0
"IEA2","space","heat_demand_TWh","heater.districtheating.rural.space","2035",0
"IEA2","space","heat_demand_TWh","heater.districtheating.rural.space","2040",0
"IEA2","space","heat_demand_TWh","heater.districtheating.rural.space","2045",0
"IEA2","space","heat_demand_TWh","heater.districtheating.rural.space","2050",0
"IEA2","space","energy_demand_TWh","heater.solid.boiler.urban.space","2011",-385.073816
"IEA2","space","energy_demand_TWh","heater.solid.boiler.urban.space","2015",-402.2623371
"IEA2","space","energy_demand_TWh","heater.solid.boiler.urban.space","2020",-358.4096004
"IEA2","space","energy_demand_TWh","heater.solid.boiler.urban.space","2025",-311.0622026
"IEA2","space","energy_demand_TWh","heater.solid.boiler.urban.space","2030",-260.792343
"IEA2","space","energy_demand_TWh","heater.solid.boiler.urban.space","2035",-208.2496814
"IEA2","space","energy_demand_TWh","heater.solid.boiler.urban.space","2040",-155.99066
"IEA2","space","energy_demand_TWh","heater.solid.boiler.urban.space","2045",-104.7713496
"IEA2","space","energy_demand_TWh","heater.solid.boiler.urban.space","2050",-56.38882744
"IEA2","space","energy_demand_TWh","heater.liquid.boiler.urban.space","2011",-705.9686627
"IEA2","space","energy_demand_TWh","heater.liquid.boiler.urban.space","2015",-768.6509826
"IEA2","space","energy_demand_TWh","heater.liquid.boiler.urban.space","2020",-668.2150541
"IEA2","space","energy_demand_TWh","heater.liquid.boiler.urban.space","2025",-560.6730874
"IEA2","space","energy_demand_TWh","heater.liquid.boiler.urban.space","2030",-447.6011647
"IEA2","space","energy_demand_TWh","heater.liquid.boiler.urban.space","2035",-330.939932
"IEA2","space","energy_demand_TWh","heater.liquid.boiler.urban.space","2040",-215.8172726
"IEA2","space","energy_demand_TWh","heater.liquid.boiler.urban.space","2045",-104.3710641
"IEA2","space","energy_demand_TWh","heater.liquid.boiler.urban.space","2050",0
"IEA2","space","energy_demand_TWh","heater.gas.boiler.urban.space","2011",-2133.421783
"IEA2","space","energy_demand_TWh","heater.gas.boiler.urban.space","2015",-2376.157604
"IEA2","space","energy_demand_TWh","heater.gas.boiler.urban.space","2020",-2231.952932
"IEA2","space","energy_demand_TWh","heater.gas.boiler.urban.space","2025",-2073.745116
"IEA2","space","energy_demand_TWh","heater.gas.boiler.urban.space","2030",-1900.836746
"IEA2","space","energy_demand_TWh","heater.gas.boiler.urban.space","2035",-1711.442398
"IEA2","space","energy_demand_TWh","heater.gas.boiler.urban.space","2040",-1518.298028
"IEA2","space","energy_demand_TWh","heater.gas.boiler.urban.space","2045",-1320.288453
"IEA2","space","energy_demand_TWh","heater.gas.boiler.urban.space","2050",-1127.776549
"IEA2","space","energy_demand_TWh","heater.heatpump.urban.space","2011",-30.25579983
"IEA2","space","energy_demand_TWh","heater.heatpump.urban.space","2015",-33.78685638
"IEA2","space","energy_demand_TWh","heater.heatpump.urban.space","2020",-107.3113908
"IEA2","space","energy_demand_TWh","heater.heatpump.urban.space","2025",-173.6101281
"IEA2","space","energy_demand_TWh","heater.heatpump.urban.space","2030",-233.0938401
"IEA2","space","energy_demand_TWh","heater.heatpump.urban.space","2035",-284.7868705
"IEA2","space","energy_demand_TWh","heater.heatpump.urban.space","2040",-329.4449678
"IEA2","space","energy_demand_TWh","heater.heatpump.urban.space","2045",-365.6604501
"IEA2","space","energy_demand_TWh","heater.heatpump.urban.space","2050",-394.7217921
"IEA2","space","energy_demand_TWh","heater.electricity.urban.space","2011",-90.76739948
"IEA2","space","energy_demand_TWh","heater.electricity.urban.space","2015",-118.6871622
"IEA2","space","energy_demand_TWh","heater.electricity.urban.space","2020",-136.0900126
"IEA2","space","energy_demand_TWh","heater.electricity.urban.space","2025",-153.8166657
"IEA2","space","energy_demand_TWh","heater.electricity.urban.space","2030",-171.2180756
"IEA2","space","energy_demand_TWh","heater.electricity.urban.space","2035",-187.2142501
"IEA2","space","energy_demand_TWh","heater.electricity.urban.space","2040",-202.0881649
"IEA2","space","energy_demand_TWh","heater.electricity.urban.space","2045",-214.6982068
"IEA2","space","energy_demand_TWh","heater.electricity.urban.space","2050",-225.5553098
"IEA2","space","energy_demand_TWh","heater.solar.urban.space","2011",0
"IEA2","space","energy_demand_TWh","heater.solar.urban.space","2015",0
"IEA2","space","energy_demand_TWh","heater.solar.urban.space","2020",-115.5498747
"IEA2","space","energy_demand_TWh","heater.solar.urban.space","2025",-226.3638744
"IEA2","space","energy_demand_TWh","heater.solar.urban.space","2030",-330.8361199
"IEA2","space","energy_demand_TWh","heater.solar.urban.space","2035",-425.8550924
"IEA2","space","energy_demand_TWh","heater.solar.urban.space","2040",-511.1822851
"IEA2","space","energy_demand_TWh","heater.solar.urban.space","2045",-583.6354278
"IEA2","space","energy_demand_TWh","heater.solar.urban.space","2050",-644.4437422
"IEA2","space","energy_demand_TWh","heater.microchp.urban.space","2011",-121.0231993
"IEA2","space","energy_demand_TWh","heater.microchp.urban.space","2015",-135.1474255
"IEA2","space","energy_demand_TWh","heater.microchp.urban.space","2020",-210.1814475
"IEA2","space","energy_demand_TWh","heater.microchp.urban.space","2025",-287.8273177
"IEA2","space","energy_demand_TWh","heater.microchp.urban.space","2030",-365.555479
"IEA2","space","energy_demand_TWh","heater.microchp.urban.space","2035",-439.5975081
"IEA2","space","energy_demand_TWh","heater.microchp.urban.space","2040",-509.2701703
"IEA2","space","energy_demand_TWh","heater.microchp.urban.space","2045",-570.7564487
"IEA2","space","energy_demand_TWh","heater.microchp.urban.space","2050",-624.6147039
"IEA2","space","energy_demand_TWh","heater.districtheating.urban.space","2011",-514.3485971
"IEA2","space","energy_demand_TWh","heater.districtheating.urban.space","2015",-574.3765584
"IEA2","space","energy_demand_TWh","heater.districtheating.urban.space","2020",-584.5045968
"IEA2","space","energy_demand_TWh","heater.districtheating.urban.space","2025",-585.9341825
"IEA2","space","energy_demand_TWh","heater.districtheating.urban.space","2030",-577.5776568
"IEA2","space","energy_demand_TWh","heater.districtheating.urban.space","2035",-557.870171
"IEA2","space","energy_demand_TWh","heater.districtheating.urban.space","2040",-530.0567079
"IEA2","space","energy_demand_TWh","heater.districtheating.urban.space","2045",-493.2966449
"IEA2","space","energy_demand_TWh","heater.districtheating.urban.space","2050",-451.1106195
"IEA2","space","energy_demand_TWh","heater.solid.boiler.rural.space","2011",-515.7446856
"IEA2","space","energy_demand_TWh","heater.solid.boiler.rural.space","2015",-551.3748995
"IEA2","space","energy_demand_TWh","heater.solid.boiler.rural.space","2020",-476.0717826
"IEA2","space","energy_demand_TWh","heater.solid.boiler.rural.space","2025",-405.3268676
"IEA2","space","energy_demand_TWh","heater.solid.boiler.rural.space","2030",-336.752007
"IEA2","space","energy_demand_TWh","heater.solid.boiler.rural.space","2035",-270.0248757
"IEA2","space","energy_demand_TWh","heater.solid.boiler.rural.space","2040",-207.4077789
"IEA2","space","energy_demand_TWh","heater.solid.boiler.rural.space","2045",-149.0191656
"IEA2","space","energy_demand_TWh","heater.solid.boiler.rural.space","2050",-96.09158088
"IEA2","space","energy_demand_TWh","heater.liquid.boiler.rural.space","2011",-92.24701694
"IEA2","space","energy_demand_TWh","heater.liquid.boiler.rural.space","2015",-97.53510095
"IEA2","space","energy_demand_TWh","heater.liquid.boiler.rural.space","2020",-86.53026573
"IEA2","space","energy_demand_TWh","heater.liquid.boiler.rural.space","2025",-76.16294371
"IEA2","space","energy_demand_TWh","heater.liquid.boiler.rural.space","2030",-65.98618332
"IEA2","space","energy_demand_TWh","heater.liquid.boiler.rural.space","2035",-55.8862194
"IEA2","space","energy_demand_TWh","heater.liquid.boiler.rural.space","2040",-46.25770207
"IEA2","space","energy_demand_TWh","heater.liquid.boiler.rural.space","2045",-37.0585561
"IEA2","space","energy_demand_TWh","heater.liquid.boiler.rural.space","2050",-28.47157952
"IEA2","space","energy_demand_TWh","heater.gas.boiler.rural.space","2011",-147.8317579
"IEA2","space","energy_demand_TWh","heater.gas.boiler.rural.space","2015",-159.8936081
"IEA2","space","energy_demand_TWh","heater.gas.boiler.rural.space","2020",-162.0296904
"IEA2","space","energy_demand_TWh","heater.gas.boiler.rural.space","2025",-163.975586
"IEA2","space","energy_demand_TWh","heater.gas.boiler.rural.space","2030",-164.719974
"IEA2","space","energy_demand_TWh","heater.gas.boiler.rural.space","2035",-163.5206889
"IEA2","space","energy_demand_TWh","heater.gas.boiler.rural.space","2040",-160.9259213
"IEA2","space","energy_demand_TWh","heater.gas.boiler.rural.space","2045",-156.2629263
"IEA2","space","energy_demand_TWh","heater.gas.boiler.rural.space","2050",-149.4757925
"IEA2","space","energy_demand_TWh","heater.heatpump.rural.space","2011",-1.153087712
"IEA2","space","energy_demand_TWh","heater.heatpump.rural.space","2015",-1.250450012
"IEA2","space","energy_demand_TWh","heater.heatpump.rural.space","2020",-9.031218293
"IEA2","space","energy_demand_TWh","heater.heatpump.rural.space","2025",-15.47670074
"IEA2","space","energy_demand_TWh","heater.heatpump.rural.space","2030",-20.81384697
"IEA2","space","energy_demand_TWh","heater.heatpump.rural.space","2035",-25.07552134
"IEA2","space","energy_demand_TWh","heater.heatpump.rural.space","2040",-28.4027374
"IEA2","space","energy_demand_TWh","heater.heatpump.rural.space","2045",-30.72315107
"IEA2","space","energy_demand_TWh","heater.heatpump.rural.space","2050",-32.03052696
"IEA2","space","energy_demand_TWh","heater.electricity.rural.space","2011",-4.612350847
"IEA2","space","energy_demand_TWh","heater.electricity.rural.space","2015",-12.18387191
"IEA2","space","energy_demand_TWh","heater.electricity.rural.space","2020",-18.14750301
"IEA2","space","energy_demand_TWh","heater.electricity.rural.space","2025",-24.39341844
"IEA2","space","energy_demand_TWh","heater.electricity.rural.space","2030",-30.69450816
"IEA2","space","energy_demand_TWh","heater.electricity.rural.space","2035",-36.73164118
"IEA2","space","energy_demand_TWh","heater.electricity.rural.space","2040",-42.40841307
"IEA2","space","energy_demand_TWh","heater.electricity.rural.space","2045",-47.34116301
"IEA2","space","energy_demand_TWh","heater.electricity.rural.space","2050",-51.24884314
"IEA2","space","energy_demand_TWh","heater.solar.rural.space","2011",0
"IEA2","space","energy_demand_TWh","heater.solar.rural.space","2015",0
"IEA2","space","energy_demand_TWh","heater.solar.rural.space","2020",-16.32336987
"IEA2","space","energy_demand_TWh","heater.solar.rural.space","2025",-30.74971746
"IEA2","space","energy_demand_TWh","heater.solar.rural.space","2030",-43.35330364
"IEA2","space","energy_demand_TWh","heater.solar.rural.space","2035",-53.93599146
"IEA2","space","energy_demand_TWh","heater.solar.rural.space","2040",-62.60883191
"IEA2","space","energy_demand_TWh","heater.solar.rural.space","2045",-69.07625346
"IEA2","space","energy_demand_TWh","heater.solar.rural.space","2050",-73.21263305
"IEA2","space","energy_demand_TWh","heater.microchp.rural.space","2011",0
"IEA2","space","energy_demand_TWh","heater.microchp.rural.space","2015",0
"IEA2","space","energy_demand_TWh","heater.microchp.rural.space","2020",0
"IEA2","space","energy_demand_TWh","heater.microchp.rural.space","2025",0
"IEA2","space","energy_demand_TWh","heater.microchp.rural.space","2030",0
"IEA2","space","energy_demand_TWh","heater.microchp.rural.space","2035",0
"IEA2","space","energy_demand_TWh","heater.microchp.rural.space","2040",0
"IEA2","space","energy_demand_TWh","heater.microchp.rural.space","2045",0
"IEA2","space","energy_demand_TWh","heater.microchp.rural.space","2050",0
"IEA2","space","energy_demand_TWh","heater.districtheating.rural.space","2011",0
"IEA2","space","energy_demand_TWh","heater.districtheating.rural.space","2015",0
"IEA2","space","energy_demand_TWh","heater.districtheating.rural.space","2020",0
"IEA2","space","energy_demand_TWh","heater.districtheating.rural.space","2025",0
"IEA2","space","energy_demand_TWh","heater.districtheating.rural.space","2030",0
"IEA2","space","energy_demand_TWh","heater.districtheating.rural.space","2035",0
"IEA2","space","energy_demand_TWh","heater.districtheating.rural.space","2040",0
"IEA2","space","energy_demand_TWh","heater.districtheating.rural.space","2045",0
"IEA2","space","energy_demand_TWh","heater.districtheating.rural.space","2050",0
"IEA2","space","households","heater.solid.boiler.urban.space","2011",95283895.79
"IEA2","space","households","heater.solid.boiler.urban.space","2015",98357356.77
"IEA2","space","households","heater.solid.boiler.urban.space","2020",96961259.57
"IEA2","space","households","heater.solid.boiler.urban.space","2025",93023664.59
"IEA2","space","households","heater.solid.boiler.urban.space","2030",86202003.78
"IEA2","space","households","heater.solid.boiler.urban.space","2035",76132442.16
"IEA2","space","households","heater.solid.boiler.urban.space","2040",63165610.96
"IEA2","space","households","heater.solid.boiler.urban.space","2045",47100617.97
"IEA2","space","households","heater.solid.boiler.urban.space","2050",28235633.33
"IEA2","space","households","heater.liquid.boiler.urban.space","2011",190567791.6
"IEA2","space","households","heater.liquid.boiler.urban.space","2015",212265283.8
"IEA2","space","households","heater.liquid.boiler.urban.space","2020",204010973.9
"IEA2","space","households","heater.liquid.boiler.urban.space","2025",189095014.4
"IEA2","space","households","heater.liquid.boiler.urban.space","2030",166753920.5
"IEA2","space","households","heater.liquid.boiler.urban.space","2035",136289552.2
"IEA2","space","households","heater.liquid.boiler.urban.space","2040",98397784.83
"IEA2","space","households","heater.liquid.boiler.urban.space","2045",52806853
"IEA2","space","households","heater.liquid.boiler.urban.space","2050",0
"IEA2","space","households","heater.gas.boiler.urban.space","2011",748659181.2
"IEA2","space","households","heater.gas.boiler.urban.space","2015",833899329.2
"IEA2","space","households","heater.gas.boiler.urban.space","2020",874332745.3
"IEA2","space","households","heater.gas.boiler.urban.space","2025",904954711.8
"IEA2","space","households","heater.gas.boiler.urban.space","2030",923102059.9
"IEA2","space","households","heater.gas.boiler.urban.space","2035",924821961.3
"IEA2","space","households","heater.gas.boiler.urban.space","2040",913693716.3
"IEA2","space","households","heater.gas.boiler.urban.space","2045",886400746.8
"IEA2","space","households","heater.gas.boiler.urban.space","2050",847069000
"IEA2","space","households","heater.heatpump.urban.space","2011",27223970.23
"IEA2","space","households","heater.heatpump.urban.space","2015",30323611.97
"IEA2","space","households","heater.heatpump.urban.space","2020",114148997.3
"IEA2","space","households","heater.heatpump.urban.space","2025",216108587.9
"IEA2","space","households","heater.heatpump.urban.space","2030",336485589.6
"IEA2","space","households","heater.heatpump.urban.space","2035",473768443.3
"IEA2","space","households","heater.heatpump.urban.space","2040",629042981.6
"IEA2","space","households","heater.heatpump.urban.space","2045",799646631.2
"IEA2","space","households","heater.heatpump.urban.space","2050",988247166.6
"IEA2","space","households","heater.electricity.urban.space","2011",40835955.34
"IEA2","space","households","heater.electricity.urban.space","2015",53260703.07
"IEA2","space","households","heater.electricity.urban.space","2020",63333077.06
"IEA2","space","households","heater.electricity.urban.space","2025",74460491.02
"IEA2","space","households","heater.electricity.urban.space","2030",86507413.89
"IEA2","space","households","heater.electricity.urban.space","2035",99096982.09
"IEA2","space","households","heater.electricity.urban.space","2040",112544719.1
"IEA2","space","households","heater.electricity.urban.space","2045",126407613.3
"IEA2","space","households","heater.electricity.urban.space","2050",141178166.7
"IEA2","space","households","heater.solar.urban.space","2011",0
"IEA2","space","households","heater.solar.urban.space","2015",0
"IEA2","space","households","heater.solar.urban.space","2020",24287020.7
"IEA2","space","households","heater.solar.urban.space","2025",54027146.97
"IEA2","space","households","heater.solar.urban.space","2030",89332457.41
"IEA2","space","households","heater.solar.urban.space","2035",129799573.5
"IEA2","space","households","heater.solar.urban.space","2040",175710330.1
"IEA2","space","households","heater.solar.urban.space","2045",226315084.3
"IEA2","space","households","heater.solar.urban.space","2050",282356333.3
"IEA2","space","households","heater.microchp.urban.space","2011",27223970.23
"IEA2","space","households","heater.microchp.urban.space","2015",30323611.97
"IEA2","space","households","heater.microchp.urban.space","2020",51002743.47
"IEA2","space","households","heater.microchp.urban.space","2025",75638005.76
"IEA2","space","households","heater.microchp.urban.space","2030",104221200.3
"IEA2","space","households","heater.microchp.urban.space","2035",136289552.2
"IEA2","space","households","heater.microchp.urban.space","2040",172196123.4
"IEA2","space","households","heater.microchp.urban.space","2045",211227412
"IEA2","space","households","heater.microchp.urban.space","2050",254120700
"IEA2","space","households","heater.districtheating.urban.space","2011",231403746.9
"IEA2","space","households","heater.districtheating.urban.space","2015",257750701.7
"IEA2","space","households","heater.districtheating.urban.space","2020",272014631.9
"IEA2","space","households","heater.districtheating.urban.space","2025",283642521.6
"IEA2","space","households","heater.districtheating.urban.space","2030",291819360.9
"IEA2","space","households","heater.districtheating.urban.space","2035",295294029.8
"IEA2","space","households","heater.districtheating.urban.space","2040",295193354.5
"IEA2","space","households","heater.districtheating.urban.space","2045",290437691.5
"IEA2","space","households","heater.districtheating.urban.space","2050",282356333.3
"IEA2","space","households","heater.solid.boiler.rural.space","2011",348636617.8
"IEA2","space","households","heater.solid.boiler.rural.space","2015",358022717.2
"IEA2","space","households","heater.solid.boiler.rural.space","2020",332636661.4
"IEA2","space","households","heater.solid.boiler.rural.space","2025",305204061.8
"IEA2","space","households","heater.solid.boiler.rural.space","2030",273930383.4
"IEA2","space","households","heater.solid.boiler.rural.space","2035",238104321
"IEA2","space","households","heater.solid.boiler.rural.space","2040",199154873.3
"IEA2","space","households","heater.solid.boiler.rural.space","2045",156725719.7
"IEA2","space","households","heater.solid.boiler.rural.space","2050",111513860.7
"IEA2","space","households","heater.liquid.boiler.rural.space","2011",68026657.13
"IEA2","space","households","heater.liquid.boiler.rural.space","2015",71528124.5
"IEA2","space","households","heater.liquid.boiler.rural.space","2020",68231413.53
"IEA2","space","households","heater.liquid.boiler.rural.space","2025",64677437.5
"IEA2","space","households","heater.liquid.boiler.rural.space","2030",60498602.43
"IEA2","space","households","heater.liquid.boiler.rural.space","2035",55513193.18
"IEA2","space","households","heater.liquid.boiler.rural.space","2040",50011164.64
"IEA2","space","households","heater.liquid.boiler.rural.space","2045",43864456.03
"IEA2","space","households","heater.liquid.boiler.rural.space","2050",37171286.9
"IEA2","space","households","heater.gas.boiler.rural.space","2011",141722202.4
"IEA2","space","households","heater.gas.boiler.rural.space","2015",149016926
"IEA2","space","households","heater.gas.boiler.rural.space","2020",163932616.9
"IEA2","space","households","heater.gas.boiler.rural.space","2025",180172861.6
"IEA2","space","households","heater.gas.boiler.rural.space","2030",196860531.7
"IEA2","space","households","heater.gas.boiler.rural.space","2035",213131009.5
"IEA2","space","households","heater.gas.boiler.rural.space","2040",229643103
"IEA2","space","households","heater.gas.boiler.rural.space","2045",245432075.4
"IEA2","space","households","heater.gas.boiler.rural.space","2050",260199008.3
"IEA2","space","households","heater.heatpump.rural.space","2011",2834444.047
"IEA2","space","households","heater.heatpump.rural.space","2015",2980338.521
"IEA2","space","households","heater.heatpump.rural.space","2020",24811423.1
"IEA2","space","households","heater.heatpump.rural.space","2025",48508078.13
"IEA2","space","households","heater.heatpump.rural.space","2030",73942736.3
"IEA2","space","households","heater.heatpump.rural.space","2035",100617662.6
"IEA2","space","households","heater.heatpump.rural.space","2040",128600137.7
"IEA2","space","households","heater.heatpump.rural.space","2045",157180967.4
"IEA2","space","households","heater.heatpump.rural.space","2050",185856434.5
"IEA2","space","households","heater.electricity.rural.space","2011",5668888.094
"IEA2","space","households","heater.electricity.rural.space","2015",14519597.92
"IEA2","space","households","heater.electricity.rural.space","2020",21812240.09
"IEA2","space","households","heater.electricity.rural.space","2025",29732668.16
"IEA2","space","households","heater.electricity.rural.space","2030",38165581.51
"IEA2","space","households","heater.electricity.rural.space","2035",46896447.54
"IEA2","space","households","heater.electricity.rural.space","2040",56004129.95
"IEA2","space","households","heater.electricity.rural.space","2045",65207539.94
"IEA2","space","households","heater.electricity.rural.space","2050",74342573.8
"IEA2","space","households","heater.solar.rural.space","2011",0
"IEA2","space","households","heater.solar.rural.space","2015",0
"IEA2","space","households","heater.solar.rural.space","2020",8861222.536
"IEA2","space","households","heater.solar.rural.space","2025",18479267.86
"IEA2","space","households","heater.solar.rural.space","2030",28808858.3
"IEA2","space","households","heater.solar.rural.space","2035",39652280.84
"IEA2","space","households","heater.solar.rural.space","2040",51031800.66
"IEA2","space","households","heater.solar.rural.space","2045",62663508.61
"IEA2","space","households","heater.solar.rural.space","2050",74342573.8
"IEA2","space","households","heater.microchp.rural.space","2011",0
"IEA2","space","households","heater.microchp.rural.space","2015",0
"IEA2","space","households","heater.microchp.rural.space","2020",0
"IEA2","space","households","heater.microchp.rural.space","2025",0
"IEA2","space","households","heater.microchp.rural.space","2030",0
"IEA2","space","households","heater.microchp.rural.space","2035",0
"IEA2","space","households","heater.microchp.rural.space","2040",0
"IEA2","space","households","heater.microchp.rural.space","2045",0
"IEA2","space","households","heater.microchp.rural.space","2050",0
"IEA2","space","households","heater.districtheating.rural.space","2011",0
"IEA2","space","households","heater.districtheating.rural.space","2015",0
"IEA2","space","households","heater.districtheating.rural.space","2020",0
"IEA2","space","households","heater.districtheating.rural.space","2025",0
"IEA2","space","households","heater.districtheating.rural.space","2030",0
"IEA2","space","households","heater.districtheating.rural.space","2035",0
"IEA2","space","households","heater.districtheating.rural.space","2040",0
"IEA2","space","households","heater.districtheating.rural.space","2045",0
"IEA2","space","households","heater.districtheating.rural.space","2050",0
"IEA2","cool","demand_TWh","cooling.airconditioners.urban","2011",721.2556226
"IEA2","cool","demand_TWh","cooling.airconditioners.urban","2015",892.1009059
"IEA2","cool","demand_TWh","cooling.airconditioners.urban","2020",1073.805809
"IEA2","cool","demand_TWh","cooling.airconditioners.urban","2025",1254.869371
"IEA2","cool","demand_TWh","cooling.airconditioners.urban","2030",1427.168958
"IEA2","cool","demand_TWh","cooling.airconditioners.urban","2035",1579.053649
"IEA2","cool","demand_TWh","cooling.airconditioners.urban","2040",1710.818752
"IEA2","cool","demand_TWh","cooling.airconditioners.urban","2045",1811.518129
"IEA2","cool","demand_TWh","cooling.airconditioners.urban","2050",1884.942198
"IEA2","cool","demand_TWh","cooling.chillers.urban","2011",0
"IEA2","cool","demand_TWh","cooling.chillers.urban","2015",1.84318369
"IEA2","cool","demand_TWh","cooling.chillers.urban","2020",17.98092076
"IEA2","cool","demand_TWh","cooling.chillers.urban","2025",40.81685379
"IEA2","cool","demand_TWh","cooling.chillers.urban","2030",70.70259604
"IEA2","cool","demand_TWh","cooling.chillers.urban","2035",107.2748748
"IEA2","cool","demand_TWh","cooling.chillers.urban","2040",150.3629874
"IEA2","cool","demand_TWh","cooling.chillers.urban","2045",198.55497
"IEA2","cool","demand_TWh","cooling.chillers.urban","2050",251.3256264
"IEA2","cool","demand_TWh","cooling.solarcooling.urban","2011",0
"IEA2","cool","demand_TWh","cooling.solarcooling.urban","2015",4.607959224
"IEA2","cool","demand_TWh","cooling.solarcooling.urban","2020",28.94189301
"IEA2","cool","demand_TWh","cooling.solarcooling.urban","2025",63.21634673
"IEA2","cool","demand_TWh","cooling.solarcooling.urban","2030",107.9361595
"IEA2","cool","demand_TWh","cooling.solarcooling.urban","2035",162.537689
"IEA2","cool","demand_TWh","cooling.solarcooling.urban","2040",226.7681881
"IEA2","cool","demand_TWh","cooling.solarcooling.urban","2045",298.5089626
"IEA2","cool","demand_TWh","cooling.solarcooling.urban","2050",376.9884396
"IEA2","cool","demand_TWh","cooling.airconditioners.rural","2011",28.31182396
"IEA2","cool","demand_TWh","cooling.airconditioners.rural","2015",50.2914435
"IEA2","cool","demand_TWh","cooling.airconditioners.rural","2020",79.97061929
"IEA2","cool","demand_TWh","cooling.airconditioners.rural","2025",110.1609604
"IEA2","cool","demand_TWh","cooling.airconditioners.rural","2030",139.4742984
"IEA2","cool","demand_TWh","cooling.airconditioners.rural","2035",166.1445174
"IEA2","cool","demand_TWh","cooling.airconditioners.rural","2040",189.5253662
"IEA2","cool","demand_TWh","cooling.airconditioners.rural","2045",207.8212663
"IEA2","cool","demand_TWh","cooling.airconditioners.rural","2050",219.8959483
"IEA2","cool","demand_TWh","cooling.chillers.rural","2011",0
"IEA2","cool","demand_TWh","cooling.chillers.rural","2015",0.103907941
"IEA2","cool","demand_TWh","cooling.chillers.rural","2020",1.339111184
"IEA2","cool","demand_TWh","cooling.chillers.rural","2025",3.583180783
"IEA2","cool","demand_TWh","cooling.chillers.rural","2030",6.90961986
"IEA2","cool","demand_TWh","cooling.chillers.rural","2035",11.28722404
"IEA2","cool","demand_TWh","cooling.chillers.rural","2040",16.65728776
"IEA2","cool","demand_TWh","cooling.chillers.rural","2045",22.77865434
"IEA2","cool","demand_TWh","cooling.chillers.rural","2050",29.31945977
"IEA2","cool","demand_TWh","cooling.solarcooling.rural","2011",0
"IEA2","cool","demand_TWh","cooling.solarcooling.rural","2015",0.259769853
"IEA2","cool","demand_TWh","cooling.solarcooling.rural","2020",2.155418687
"IEA2","cool","demand_TWh","cooling.solarcooling.rural","2025",5.549560482
"IEA2","cool","demand_TWh","cooling.solarcooling.rural","2030",10.54837974
"IEA2","cool","demand_TWh","cooling.solarcooling.rural","2035",17.1018546
"IEA2","cool","demand_TWh","cooling.solarcooling.rural","2040",25.12149451
"IEA2","cool","demand_TWh","cooling.solarcooling.rural","2045",34.24559191
"IEA2","cool","demand_TWh","cooling.solarcooling.rural","2050",43.97918966
"IEA2","cool","energy_demand_TWh","cooling.airconditioners.urban","2011",-360.6278113
"IEA2","cool","energy_demand_TWh","cooling.airconditioners.urban","2015",-446.0504529
"IEA2","cool","energy_demand_TWh","cooling.airconditioners.urban","2020",-536.9029046
"IEA2","cool","energy_demand_TWh","cooling.airconditioners.urban","2025",-627.4346854
"IEA2","cool","energy_demand_TWh","cooling.airconditioners.urban","2030",-713.5844791
"IEA2","cool","energy_demand_TWh","cooling.airconditioners.urban","2035",-789.5268245
"IEA2","cool","energy_demand_TWh","cooling.airconditioners.urban","2040",-855.4093759
"IEA2","cool","energy_demand_TWh","cooling.airconditioners.urban","2045",-905.7590647
"IEA2","cool","energy_demand_TWh","cooling.airconditioners.urban","2050",-942.471099
"IEA2","cool","energy_demand_TWh","cooling.chillers.urban","2011",0
"IEA2","cool","energy_demand_TWh","cooling.chillers.urban","2015",-1.023990939
"IEA2","cool","energy_demand_TWh","cooling.chillers.urban","2020",-9.989400425
"IEA2","cool","energy_demand_TWh","cooling.chillers.urban","2025",-22.67602988
"IEA2","cool","energy_demand_TWh","cooling.chillers.urban","2030",-39.27922002
"IEA2","cool","energy_demand_TWh","cooling.chillers.urban","2035",-59.59715264
"IEA2","cool","energy_demand_TWh","cooling.chillers.urban","2040",-83.53499302
"IEA2","cool","energy_demand_TWh","cooling.chillers.urban","2045",-110.3083167
"IEA2","cool","energy_demand_TWh","cooling.chillers.urban","2050",-139.625348
"IEA2","cool","energy_demand_TWh","cooling.solarcooling.urban","2011",0
"IEA2","cool","energy_demand_TWh","cooling.solarcooling.urban","2015",-4.607959224
"IEA2","cool","energy_demand_TWh","cooling.solarcooling.urban","2020",-28.94189301
"IEA2","cool","energy_demand_TWh","cooling.solarcooling.urban","2025",-63.21634673
"IEA2","cool","energy_demand_TWh","cooling.solarcooling.urban","2030",-107.9361595
"IEA2","cool","energy_demand_TWh","cooling.solarcooling.urban","2035",-162.537689
"IEA2","cool","energy_demand_TWh","cooling.solarcooling.urban","2040",-226.7681881
"IEA2","cool","energy_demand_TWh","cooling.solarcooling.urban","2045",-298.5089626
"IEA2","cool","energy_demand_TWh","cooling.solarcooling.urban","2050",-376.9884396
"IEA2","cool","energy_demand_TWh","cooling.airconditioners.rural","2011",-14.15591198
"IEA2","cool","energy_demand_TWh","cooling.airconditioners.rural","2015",-25.14572175
"IEA2","cool","energy_demand_TWh","cooling.airconditioners.rural","2020",-39.98530964
"IEA2","cool","energy_demand_TWh","cooling.airconditioners.rural","2025",-55.08048021
"IEA2","cool","energy_demand_TWh","cooling.airconditioners.rural","2030",-69.7371492
"IEA2","cool","energy_demand_TWh","cooling.airconditioners.rural","2035",-83.07225872
"IEA2","cool","energy_demand_TWh","cooling.airconditioners.rural","2040",-94.76268308
"IEA2","cool","energy_demand_TWh","cooling.airconditioners.rural","2045",-103.9106331
"IEA2","cool","energy_demand_TWh","cooling.airconditioners.rural","2050",-109.9479741
"IEA2","cool","energy_demand_TWh","cooling.chillers.rural","2011",0
"IEA2","cool","energy_demand_TWh","cooling.chillers.rural","2015",-0.057726634
"IEA2","cool","energy_demand_TWh","cooling.chillers.rural","2020",-0.743950658
"IEA2","cool","energy_demand_TWh","cooling.chillers.rural","2025",-1.990655991
"IEA2","cool","energy_demand_TWh","cooling.chillers.rural","2030",-3.8386777
"IEA2","cool","energy_demand_TWh","cooling.chillers.rural","2035",-6.27068002
"IEA2","cool","energy_demand_TWh","cooling.chillers.rural","2040",-9.254048755
"IEA2","cool","energy_demand_TWh","cooling.chillers.rural","2045",-12.65480797
"IEA2","cool","energy_demand_TWh","cooling.chillers.rural","2050",-16.28858876
"IEA2","cool","energy_demand_TWh","cooling.solarcooling.rural","2011",0
"IEA2","cool","energy_demand_TWh","cooling.solarcooling.rural","2015",-0.259769853
"IEA2","cool","energy_demand_TWh","cooling.solarcooling.rural","2020",-2.155418687
"IEA2","cool","energy_demand_TWh","cooling.solarcooling.rural","2025",-5.549560482
"IEA2","cool","energy_demand_TWh","cooling.solarcooling.rural","2030",-10.54837974
"IEA2","cool","energy_demand_TWh","cooling.solarcooling.rural","2035",-17.1018546
"IEA2","cool","energy_demand_TWh","cooling.solarcooling.rural","2040",-25.12149451
"IEA2","cool","energy_demand_TWh","cooling.solarcooling.rural","2045",-34.24559191
"IEA2","cool","energy_demand_TWh","cooling.solarcooling.rural","2050",-43.97918966
"IEA2","cool","households","cooling.airconditioners.urban","2011",1361198511
"IEA2","cool","households","cooling.airconditioners.urban","2015",1505295199
"IEA2","cool","households","cooling.airconditioners.urban","2020",1628911796
"IEA2","cool","households","cooling.airconditioners.urban","2025",1746185096
"IEA2","cool","households","cooling.airconditioners.urban","2030",1852541380
"IEA2","cool","households","cooling.airconditioners.urban","2035",1940004395
"IEA2","cool","households","cooling.airconditioners.urban","2040",2015622755
"IEA2","cool","households","cooling.airconditioners.urban","2045",2071846896
"IEA2","cool","households","cooling.airconditioners.urban","2050",2117672500
"IEA2","cool","households","cooling.chillers.urban","2011",0
"IEA2","cool","households","cooling.chillers.urban","2015",3110114.048
"IEA2","cool","households","cooling.chillers.urban","2020",27276192.48
"IEA2","cool","households","cooling.chillers.urban","2025",56797769.89
"IEA2","cool","households","cooling.chillers.urban","2030",91775738.3
"IEA2","cool","households","cooling.chillers.urban","2035",131796490
"IEA2","cool","households","cooling.chillers.urban","2040",177152055.8
"IEA2","cool","households","cooling.chillers.urban","2045",227088811.1
"IEA2","cool","households","cooling.chillers.urban","2050",282356333.3
"IEA2","cool","households","cooling.solarcooling.urban","2011",0
"IEA2","cool","households","cooling.solarcooling.urban","2015",7775285.12
"IEA2","cool","households","cooling.solarcooling.urban","2020",43903460.5
"IEA2","cool","households","cooling.solarcooling.urban","2025",87967277.76
"IEA2","cool","households","cooling.solarcooling.urban","2030",140106888.3
"IEA2","cool","households","cooling.solarcooling.urban","2035",199691651.6
"IEA2","cool","households","cooling.solarcooling.urban","2040",267169809.5
"IEA2","cool","households","cooling.solarcooling.urban","2045",341406943.4
"IEA2","cool","households","cooling.solarcooling.urban","2050",423534500
"IEA2","cool","households","cooling.airconditioners.rural","2011",566888809.4
"IEA2","cool","households","cooling.airconditioners.rural","2015",591788243.8
"IEA2","cool","households","cooling.airconditioners.rural","2020",594315379.2
"IEA2","cool","households","cooling.airconditioners.rural","2025",597259413.7
"IEA2","cool","households","cooling.airconditioners.rural","2030",597426776.8
"IEA2","cool","households","cooling.airconditioners.rural","2035",592649089.9
"IEA2","cool","households","cooling.airconditioners.rural","2040",585400178.9
"IEA2","cool","households","cooling.airconditioners.rural","2045",573665675.8
"IEA2","cool","households","cooling.airconditioners.rural","2050",557569303.5
"IEA2","cool","households","cooling.chillers.rural","2011",0
"IEA2","cool","households","cooling.chillers.rural","2015",1222702.983
"IEA2","cool","households","cooling.chillers.rural","2020",9951834.541
"IEA2","cool","households","cooling.chillers.rural","2025",19426922.62
"IEA2","cool","households","cooling.chillers.rural","2030",29596792.89
"IEA2","cool","households","cooling.chillers.rural","2035",40262315.93
"IEA2","cool","households","cooling.chillers.rural","2040",51450523.12
"IEA2","cool","households","cooling.chillers.rural","2045",62877742.83
"IEA2","cool","households","cooling.chillers.rural","2050",74342573.8
"IEA2","cool","households","cooling.solarcooling.rural","2011",0
"IEA2","cool","households","cooling.solarcooling.rural","2015",3056757.457
"IEA2","cool","households","cooling.solarcooling.rural","2020",16018363.82
"IEA2","cool","households","cooling.solarcooling.rural","2025",30088038.69
"IEA2","cool","households","cooling.solarcooling.rural","2030",45183123.91
"IEA2","cool","households","cooling.solarcooling.rural","2035",61003508.99
"IEA2","cool","households","cooling.solarcooling.rural","2040",77594507.15
"IEA2","cool","households","cooling.solarcooling.rural","2045",94530848.46
"IEA2","cool","households","cooling.solarcooling.rural","2050",111513860.7
"IEA2","water","heat_demand_TWh","heater.solid.boiler.urban.water","2011",213.164963
"IEA2","water","heat_demand_TWh","heater.solid.boiler.urban.water","2015",234.5130225
"IEA2","water","heat_demand_TWh","heater.solid.boiler.urban.water","2020",221.248816
"IEA2","water","heat_demand_TWh","heater.solid.boiler.urban.water","2025",201.2494157
"IEA2","water","heat_demand_TWh","heater.solid.boiler.urban.water","2030",174.1172788
"IEA2","water","heat_demand_TWh","heater.solid.boiler.urban.water","2035",139.5789978
"IEA2","water","heat_demand_TWh","heater.solid.boiler.urban.water","2040",98.8123082
"IEA2","water","heat_demand_TWh","heater.solid.boiler.urban.water","2045",51.98243688
"IEA2","water","heat_demand_TWh","heater.solid.boiler.urban.water","2050",0
"IEA2","water","heat_demand_TWh","heater.liquid.boiler.urban.water","2011",304.5213757
"IEA2","water","heat_demand_TWh","heater.liquid.boiler.urban.water","2015",335.0186036
"IEA2","water","heat_demand_TWh","heater.liquid.boiler.urban.water","2020",316.0697372
"IEA2","water","heat_demand_TWh","heater.liquid.boiler.urban.water","2025",287.4991653
"IEA2","water","heat_demand_TWh","heater.liquid.boiler.urban.water","2030",248.7389697
"IEA2","water","heat_demand_TWh","heater.liquid.boiler.urban.water","2035",199.3985682
"IEA2","water","heat_demand_TWh","heater.liquid.boiler.urban.water","2040",141.1604403
"IEA2","water","heat_demand_TWh","heater.liquid.boiler.urban.water","2045",74.26062412
"IEA2","water","heat_demand_TWh","heater.liquid.boiler.urban.water","2050",0
"IEA2","water","heat_demand_TWh","heater.gas.boiler.urban.water","2011",1157.181228
"IEA2","water","heat_demand_TWh","heater.gas.boiler.urban.water","2015",1273.070693
"IEA2","water","heat_demand_TWh","heater.gas.boiler.urban.water","2020",1269.546778
"IEA2","water","heat_demand_TWh","heater.gas.boiler.urban.water","2025",1241.996394
"IEA2","water","heat_demand_TWh","heater.gas.boiler.urban.water","2030",1187.728581
"IEA2","water","heat_demand_TWh","heater.gas.boiler.urban.water","2035",1103.338744
"IEA2","water","heat_demand_TWh","heater.gas.boiler.urban.water","2040",995.1811041
"IEA2","water","heat_demand_TWh","heater.gas.boiler.urban.water","2045",861.4232398
"IEA2","water","heat_demand_TWh","heater.gas.boiler.urban.water","2050",708.1837404
"IEA2","water","heat_demand_TWh","heater.heatpump.urban.water","2011",609.0427514
"IEA2","water","heat_demand_TWh","heater.heatpump.urban.water","2015",670.0372071
"IEA2","water","heat_demand_TWh","heater.heatpump.urban.water","2020",711.1569086
"IEA2","water","heat_demand_TWh","heater.heatpump.urban.water","2025",747.4978298
"IEA2","water","heat_demand_TWh","heater.heatpump.urban.water","2030",777.3092805
"IEA2","water","heat_demand_TWh","heater.heatpump.urban.water","2035",797.594273
"IEA2","water","heat_demand_TWh","heater.heatpump.urban.water","2040",811.6725317
"IEA2","water","heat_demand_TWh","heater.heatpump.urban.water","2045",816.8668653
"IEA2","water","heat_demand_TWh","heater.heatpump.urban.water","2050",817.1350851
"IEA2","water","heat_demand_TWh","heater.electricity.urban.water","2011",304.5213757
"IEA2","water","heat_demand_TWh","heater.electricity.urban.water","2015",335.0186036
"IEA2","water","heat_demand_TWh","heater.electricity.urban.water","2020",421.4263162
"IEA2","water","heat_demand_TWh","heater.electricity.urban.water","2025",517.4984976
"IEA2","water","heat_demand_TWh","heater.electricity.urban.water","2030",621.8474244
"IEA2","water","heat_demand_TWh","heater.electricity.urban.water","2035",731.1280836
"IEA2","water","heat_demand_TWh","heater.electricity.urban.water","2040",846.9626418
"IEA2","water","heat_demand_TWh","heater.electricity.urban.water","2045",965.3881135
"IEA2","water","heat_demand_TWh","heater.electricity.urban.water","2050",1089.513447
"IEA2","water","heat_demand_TWh","heater.solar.urban.water","2011",91.35641271
"IEA2","water","heat_demand_TWh","heater.solar.urban.water","2015",100.5055811
"IEA2","water","heat_demand_TWh","heater.solar.urban.water","2020",358.2123688
"IEA2","water","heat_demand_TWh","heater.solar.urban.water","2025",661.2480802
"IEA2","water","heat_demand_TWh","heater.solar.urban.water","2030",1007.392827
"IEA2","water","heat_demand_TWh","heater.solar.urban.water","2035",1389.143359
"IEA2","water","heat_demand_TWh","heater.solar.urban.water","2040",1806.853636
"IEA2","water","heat_demand_TWh","heater.solar.urban.water","2045",2250.096911
"IEA2","water","heat_demand_TWh","heater.solar.urban.water","2050",2723.783617
"IEA2","water","heat_demand_TWh","heater.microchp.urban.water","2011",0
"IEA2","water","heat_demand_TWh","heater.microchp.urban.water","2015",0
"IEA2","water","heat_demand_TWh","heater.microchp.urban.water","2020",10.53565791
"IEA2","water","heat_demand_TWh","heater.microchp.urban.water","2025",22.99993323
"IEA2","water","heat_demand_TWh","heater.microchp.urban.water","2030",37.31084546
"IEA2","water","heat_demand_TWh","heater.microchp.urban.water","2035",53.17295153
"IEA2","water","heat_demand_TWh","heater.microchp.urban.water","2040",70.58022015
"IEA2","water","heat_demand_TWh","heater.microchp.urban.water","2045",89.11274894
"IEA2","water","heat_demand_TWh","heater.microchp.urban.water","2050",108.9513447
"IEA2","water","heat_demand_TWh","heater.districtheating.urban.water","2011",365.4256508
"IEA2","water","heat_demand_TWh","heater.districtheating.urban.water","2015",402.0223243
"IEA2","water","heat_demand_TWh","heater.districtheating.urban.water","2020",379.2836846
"IEA2","water","heat_demand_TWh","heater.districtheating.urban.water","2025",344.9989984
"IEA2","water","heat_demand_TWh","heater.districtheating.urban.water","2030",298.4867637
"IEA2","water","heat_demand_TWh","heater.districtheating.urban.water","2035",239.2782819
"IEA2","water","heat_demand_TWh","heater.districtheating.urban.water","2040",169.3925284
"IEA2","water","heat_demand_TWh","heater.districtheating.urban.water","2045",89.11274894
"IEA2","water","heat_demand_TWh","heater.districtheating.urban.water","2050",0
"IEA2","water","heat_demand_TWh","heater.solid.boiler.rural.water","2011",882.6803148
"IEA2","water","heat_demand_TWh","heater.solid.boiler.rural.water","2015",930.5997629
"IEA2","water","heat_demand_TWh","heater.solid.boiler.rural.water","2020",852.0549296
"IEA2","water","heat_demand_TWh","heater.solid.boiler.rural.water","2025",764.7230496
"IEA2","water","heat_demand_TWh","heater.solid.boiler.rural.water","2030",664.0277543
"IEA2","water","heat_demand_TWh","heater.solid.boiler.rural.water","2035",548.5466653
"IEA2","water","heat_demand_TWh","heater.solid.boiler.rural.water","2040",422.1315321
"IEA2","water","heat_demand_TWh","heater.solid.boiler.rural.water","2045",284.618392
"IEA2","water","heat_demand_TWh","heater.solid.boiler.rural.water","2050",138.5411894
"IEA2","water","heat_demand_TWh","heater.liquid.boiler.rural.water","2011",50.72875372
"IEA2","water","heat_demand_TWh","heater.liquid.boiler.rural.water","2015",53.73614266
"IEA2","water","heat_demand_TWh","heater.liquid.boiler.rural.water","2020",48.27156051
"IEA2","water","heat_demand_TWh","heater.liquid.boiler.rural.water","2025",42.20803698
"IEA2","water","heat_demand_TWh","heater.liquid.boiler.rural.water","2030",35.28693612
"IEA2","water","heat_demand_TWh","heater.liquid.boiler.rural.water","2035",27.44844745
"IEA2","water","heat_demand_TWh","heater.liquid.boiler.rural.water","2040",18.91444135
"IEA2","water","heat_demand_TWh","heater.liquid.boiler.rural.water","2045",9.70799133
"IEA2","water","heat_demand_TWh","heater.liquid.boiler.rural.water","2050",0
"IEA2","water","heat_demand_TWh","heater.gas.boiler.rural.water","2011",10.14575074
"IEA2","water","heat_demand_TWh","heater.gas.boiler.rural.water","2015",10.74722853
"IEA2","water","heat_demand_TWh","heater.gas.boiler.rural.water","2020",9.654312101
"IEA2","water","heat_demand_TWh","heater.gas.boiler.rural.water","2025",8.441607397
"IEA2","water","heat_demand_TWh","heater.gas.boiler.rural.water","2030",7.057387224
"IEA2","water","heat_demand_TWh","heater.gas.boiler.rural.water","2035",5.489689491
"IEA2","water","heat_demand_TWh","heater.gas.boiler.rural.water","2040",3.78288827
"IEA2","water","heat_demand_TWh","heater.gas.boiler.rural.water","2045",1.941598266
"IEA2","water","heat_demand_TWh","heater.gas.boiler.rural.water","2050",0
"IEA2","water","heat_demand_TWh","heater.heatpump.rural.water","2011",0
"IEA2","water","heat_demand_TWh","heater.heatpump.rural.water","2015",0
"IEA2","water","heat_demand_TWh","heater.heatpump.rural.water","2020",24.13578025
"IEA2","water","heat_demand_TWh","heater.heatpump.rural.water","2025",50.64964438
"IEA2","water","heat_demand_TWh","heater.heatpump.rural.water","2030",79.39560627
"IEA2","water","heat_demand_TWh","heater.heatpump.rural.water","2035",109.7937898
"IEA2","water","heat_demand_TWh","heater.heatpump.rural.water","2040",141.8583101
"IEA2","water","heat_demand_TWh","heater.heatpump.rural.water","2045",174.7438439
"IEA2","water","heat_demand_TWh","heater.heatpump.rural.water","2050",207.811784
"IEA2","water","heat_demand_TWh","heater.electricity.rural.water","2011",20.29150149
"IEA2","water","heat_demand_TWh","heater.electricity.rural.water","2015",25.90357646
"IEA2","water","heat_demand_TWh","heater.electricity.rural.water","2020",63.49566805
"IEA2","water","heat_demand_TWh","heater.electricity.rural.water","2025",104.7625123
"IEA2","water","heat_demand_TWh","heater.electricity.rural.water","2030",149.3361232
"IEA2","water","heat_demand_TWh","heater.electricity.rural.water","2035",196.221209
"IEA2","water","heat_demand_TWh","heater.electricity.rural.water","2040",245.5482476
"IEA2","water","heat_demand_TWh","heater.electricity.rural.water","2045",295.9194896
"IEA2","water","heat_demand_TWh","heater.electricity.rural.water","2050",346.3529734
"IEA2","water","heat_demand_TWh","heater.solar.rural.water","2011",50.72875372
"IEA2","water","heat_demand_TWh","heater.solar.rural.water","2015",53.73614266
"IEA2","water","heat_demand_TWh","heater.solar.rural.water","2020",128.7241614
"IEA2","water","heat_demand_TWh","heater.solar.rural.water","2025",211.0401849
"IEA2","water","heat_demand_TWh","heater.solar.rural.water","2030",299.938957
"IEA2","water","heat_demand_TWh","heater.solar.rural.water","2035",393.4277469
"IEA2","water","heat_demand_TWh","heater.solar.rural.water","2040",491.7754751
"IEA2","water","heat_demand_TWh","heater.solar.rural.water","2045",592.1874712
"IEA2","water","heat_demand_TWh","heater.solar.rural.water","2050",692.7059468
"IEA2","water","heat_demand_TWh","heater.microchp.rural.water","2011",0
"IEA2","water","heat_demand_TWh","heater.microchp.rural.water","2015",0
"IEA2","water","heat_demand_TWh","heater.microchp.rural.water","2020",0
"IEA2","water","heat_demand_TWh","heater.microchp.rural.water","2025",0
"IEA2","water","heat_demand_TWh","heater.microchp.rural.water","2030",0
"IEA2","water","heat_demand_TWh","heater.microchp.rural.water","2035",0
"IEA2","water","heat_demand_TWh","heater.microchp.rural.water","2040",0
"IEA2","water","heat_demand_TWh","heater.microchp.rural.water","2045",0
"IEA2","water","heat_demand_TWh","heater.microchp.rural.water","2050",0
"IEA2","water","heat_demand_TWh","heater.districtheating.rural.water","2011",0
"IEA2","water","heat_demand_TWh","heater.districtheating.rural.water","2015",0
"IEA2","water","heat_demand_TWh","heater.districtheating.rural.water","2020",0
"IEA2","water","heat_demand_TWh","heater.districtheating.rural.water","2025",0
"IEA2","water","heat_demand_TWh","heater.districtheating.rural.water","2030",0
"IEA2","water","heat_demand_TWh","heater.districtheating.rural.water","2035",0
"IEA2","water","heat_demand_TWh","heater.districtheating.rural.water","2040",0
"IEA2","water","heat_demand_TWh","heater.districtheating.rural.water","2045",0
"IEA2","water","heat_demand_TWh","heater.districtheating.rural.water","2050",0
"IEA2","water","energy_demand_TWh","heater.solid.boiler.urban.water","2011",-387.57266
"IEA2","water","energy_demand_TWh","heater.solid.boiler.urban.water","2015",-430.4003707
"IEA2","water","energy_demand_TWh","heater.solid.boiler.urban.water","2020",-380.5981523
"IEA2","water","energy_demand_TWh","heater.solid.boiler.urban.water","2025",-325.7698814
"IEA2","water","energy_demand_TWh","heater.solid.boiler.urban.water","2030",-266.1479122
"IEA2","water","energy_demand_TWh","heater.solid.boiler.urban.water","2035",-202.0952871
"IEA2","water","energy_demand_TWh","heater.solid.boiler.urban.water","2040",-135.898036
"IEA2","water","energy_demand_TWh","heater.solid.boiler.urban.water","2045",-68.07966068
"IEA2","water","energy_demand_TWh","heater.solid.boiler.urban.water","2050",0
"IEA2","water","energy_demand_TWh","heater.liquid.boiler.urban.water","2011",-507.5356262
"IEA2","water","energy_demand_TWh","heater.liquid.boiler.urban.water","2015",-544.4052308
"IEA2","water","energy_demand_TWh","heater.liquid.boiler.urban.water","2020",-481.7813414
"IEA2","water","energy_demand_TWh","heater.liquid.boiler.urban.water","2025",-412.6565307
"IEA2","water","energy_demand_TWh","heater.liquid.boiler.urban.water","2030",-337.3360096
"IEA2","water","energy_demand_TWh","heater.liquid.boiler.urban.water","2035",-256.2891202
"IEA2","water","energy_demand_TWh","heater.liquid.boiler.urban.water","2040",-172.424162
"IEA2","water","energy_demand_TWh","heater.liquid.boiler.urban.water","2045",-86.41581579
"IEA2","water","energy_demand_TWh","heater.liquid.boiler.urban.water","2050",0
"IEA2","water","energy_demand_TWh","heater.gas.boiler.urban.water","2011",-1483.565676
"IEA2","water","energy_demand_TWh","heater.gas.boiler.urban.water","2015",-1627.860887
"IEA2","water","energy_demand_TWh","heater.gas.boiler.urban.water","2020",-1508.208313
"IEA2","water","energy_demand_TWh","heater.gas.boiler.urban.water","2025",-1377.753009
"IEA2","water","energy_demand_TWh","heater.gas.boiler.urban.water","2030",-1235.70847
"IEA2","water","energy_demand_TWh","heater.gas.boiler.urban.water","2035",-1080.773151
"IEA2","water","energy_demand_TWh","heater.gas.boiler.urban.water","2040",-920.9642082
"IEA2","water","energy_demand_TWh","heater.gas.boiler.urban.water","2045",-755.4402327
"IEA2","water","energy_demand_TWh","heater.gas.boiler.urban.water","2050",-590.153117
"IEA2","water","energy_demand_TWh","heater.heatpump.urban.water","2011",-304.5213757
"IEA2","water","energy_demand_TWh","heater.heatpump.urban.water","2015",-335.0186036
"IEA2","water","energy_demand_TWh","heater.heatpump.urban.water","2020",-311.1311475
"IEA2","water","energy_demand_TWh","heater.heatpump.urban.water","2025",-290.6936005
"IEA2","water","energy_demand_TWh","heater.heatpump.urban.water","2030",-272.0582482
"IEA2","water","energy_demand_TWh","heater.heatpump.urban.water","2035",-253.7799959
"IEA2","water","energy_demand_TWh","heater.heatpump.urban.water","2040",-236.7378217
"IEA2","water","energy_demand_TWh","heater.heatpump.urban.water","2045",-219.9256945
"IEA2","water","energy_demand_TWh","heater.heatpump.urban.water","2050",-204.2837713
"IEA2","water","energy_demand_TWh","heater.electricity.urban.water","2011",-304.5213757
"IEA2","water","energy_demand_TWh","heater.electricity.urban.water","2015",-335.0186036
"IEA2","water","energy_demand_TWh","heater.electricity.urban.water","2020",-421.4263162
"IEA2","water","energy_demand_TWh","heater.electricity.urban.water","2025",-517.4984976
"IEA2","water","energy_demand_TWh","heater.electricity.urban.water","2030",-621.8474244
"IEA2","water","energy_demand_TWh","heater.electricity.urban.water","2035",-731.1280836
"IEA2","water","energy_demand_TWh","heater.electricity.urban.water","2040",-846.9626418
"IEA2","water","energy_demand_TWh","heater.electricity.urban.water","2045",-965.3881135
"IEA2","water","energy_demand_TWh","heater.electricity.urban.water","2050",-1089.513447
"IEA2","water","energy_demand_TWh","heater.solar.urban.water","2011",-228.3910318
"IEA2","water","energy_demand_TWh","heater.solar.urban.water","2015",-244.9823538
"IEA2","water","energy_demand_TWh","heater.solar.urban.water","2020",-793.1222764
"IEA2","water","energy_demand_TWh","heater.solar.urban.water","2025",-1341.164383
"IEA2","water","energy_demand_TWh","heater.solar.urban.water","2030",-1884.977669
"IEA2","water","energy_demand_TWh","heater.solar.urban.water","2035",-2412.443619
"IEA2","water","energy_demand_TWh","heater.solar.urban.water","2040",-2927.424585
"IEA2","water","energy_demand_TWh","heater.solar.urban.water","2045",-3416.443029
"IEA2","water","energy_demand_TWh","heater.solar.urban.water","2050",-3891.119453
"IEA2","water","energy_demand_TWh","heater.microchp.urban.water","2011",0
"IEA2","water","energy_demand_TWh","heater.microchp.urban.water","2015",0
"IEA2","water","energy_demand_TWh","heater.microchp.urban.water","2020",-20.20537133
"IEA2","water","energy_demand_TWh","heater.microchp.urban.water","2025",-42.36829805
"IEA2","water","energy_demand_TWh","heater.microchp.urban.water","2030",-66.12048563
"IEA2","water","energy_demand_TWh","heater.microchp.urban.water","2035",-90.78308798
"IEA2","water","energy_demand_TWh","heater.microchp.urban.water","2040",-116.2497744
"IEA2","water","energy_demand_TWh","heater.microchp.urban.water","2045",-141.7702824
"IEA2","water","energy_demand_TWh","heater.microchp.urban.water","2050",-167.6174533
"IEA2","water","energy_demand_TWh","heater.districtheating.urban.water","2011",-365.4256508
"IEA2","water","energy_demand_TWh","heater.districtheating.urban.water","2015",-402.0223243
"IEA2","water","energy_demand_TWh","heater.districtheating.urban.water","2020",-379.2836846
"IEA2","water","energy_demand_TWh","heater.districtheating.urban.water","2025",-344.9989984
"IEA2","water","energy_demand_TWh","heater.districtheating.urban.water","2030",-298.4867637
"IEA2","water","energy_demand_TWh","heater.districtheating.urban.water","2035",-239.2782819
"IEA2","water","energy_demand_TWh","heater.districtheating.urban.water","2040",-169.3925284
"IEA2","water","energy_demand_TWh","heater.districtheating.urban.water","2045",-89.11274894
"IEA2","water","energy_demand_TWh","heater.districtheating.urban.water","2050",0
"IEA2","water","energy_demand_TWh","heater.solid.boiler.rural.water","2011",-1604.8733
"IEA2","water","energy_demand_TWh","heater.solid.boiler.rural.water","2015",-1707.924271
"IEA2","water","energy_demand_TWh","heater.solid.boiler.rural.water","2020",-1465.727762
"IEA2","water","energy_demand_TWh","heater.solid.boiler.rural.water","2025",-1237.885518
"IEA2","water","energy_demand_TWh","heater.solid.boiler.rural.water","2030",-1015.00323
"IEA2","water","energy_demand_TWh","heater.solid.boiler.rural.water","2035",-794.2362218
"IEA2","water","energy_demand_TWh","heater.solid.boiler.rural.water","2040",-580.5637696
"IEA2","water","energy_demand_TWh","heater.solid.boiler.rural.water","2045",-372.7551979
"IEA2","water","energy_demand_TWh","heater.solid.boiler.rural.water","2050",-173.1764867
"IEA2","water","energy_demand_TWh","heater.liquid.boiler.rural.water","2011",-84.54792287
"IEA2","water","energy_demand_TWh","heater.liquid.boiler.rural.water","2015",-87.32123182
"IEA2","water","energy_demand_TWh","heater.liquid.boiler.rural.water","2020",-73.5797656
"IEA2","water","energy_demand_TWh","heater.liquid.boiler.rural.water","2025",-60.58251365
"IEA2","water","energy_demand_TWh","heater.liquid.boiler.rural.water","2030",-47.85560636
"IEA2","water","energy_demand_TWh","heater.liquid.boiler.rural.water","2035",-35.27978416
"IEA2","water","energy_demand_TWh","heater.liquid.boiler.rural.water","2040",-23.10354581
"IEA2","water","energy_demand_TWh","heater.liquid.boiler.rural.water","2045",-11.29702316
"IEA2","water","energy_demand_TWh","heater.liquid.boiler.rural.water","2050",0
"IEA2","water","energy_demand_TWh","heater.gas.boiler.rural.water","2011",-13.00737275
"IEA2","water","energy_demand_TWh","heater.gas.boiler.rural.water","2015",-13.74235779
"IEA2","water","energy_demand_TWh","heater.gas.boiler.rural.water","2020",-11.46922195
"IEA2","water","energy_demand_TWh","heater.gas.boiler.rural.water","2025",-9.364318648
"IEA2","water","energy_demand_TWh","heater.gas.boiler.rural.water","2030",-7.342479848
"IEA2","water","energy_demand_TWh","heater.gas.boiler.rural.water","2035",-5.377413818
"IEA2","water","energy_demand_TWh","heater.gas.boiler.rural.water","2040",-3.500774569
"IEA2","water","energy_demand_TWh","heater.gas.boiler.rural.water","2045",-1.702718685
"IEA2","water","energy_demand_TWh","heater.gas.boiler.rural.water","2050",0
"IEA2","water","energy_demand_TWh","heater.heatpump.rural.water","2011",0
"IEA2","water","energy_demand_TWh","heater.heatpump.rural.water","2015",0
"IEA2","water","energy_demand_TWh","heater.heatpump.rural.water","2020",-10.55940386
"IEA2","water","energy_demand_TWh","heater.heatpump.rural.water","2025",-19.69708393
"IEA2","water","energy_demand_TWh","heater.heatpump.rural.water","2030",-27.78846219
"IEA2","water","energy_demand_TWh","heater.heatpump.rural.water","2035",-34.93438767
"IEA2","water","energy_demand_TWh","heater.heatpump.rural.water","2040",-41.37534046
"IEA2","water","energy_demand_TWh","heater.heatpump.rural.water","2045",-47.04641952
"IEA2","water","energy_demand_TWh","heater.heatpump.rural.water","2050",-51.95294601
"IEA2","water","energy_demand_TWh","heater.electricity.rural.water","2011",-20.29150149
"IEA2","water","energy_demand_TWh","heater.electricity.rural.water","2015",-25.90357646
"IEA2","water","energy_demand_TWh","heater.electricity.rural.water","2020",-63.49566805
"IEA2","water","energy_demand_TWh","heater.electricity.rural.water","2025",-104.7625123
"IEA2","water","energy_demand_TWh","heater.electricity.rural.water","2030",-149.3361232
"IEA2","water","energy_demand_TWh","heater.electricity.rural.water","2035",-196.221209
"IEA2","water","energy_demand_TWh","heater.electricity.rural.water","2040",-245.5482476
"IEA2","water","energy_demand_TWh","heater.electricity.rural.water","2045",-295.9194896
"IEA2","water","energy_demand_TWh","heater.electricity.rural.water","2050",-346.3529734
"IEA2","water","energy_demand_TWh","heater.solar.rural.water","2011",-126.8218843
"IEA2","water","energy_demand_TWh","heater.solar.rural.water","2015",-130.9818477
"IEA2","water","energy_demand_TWh","heater.solar.rural.water","2020",-285.0097003
"IEA2","water","energy_demand_TWh","heater.solar.rural.water","2025",-428.0384137
"IEA2","water","energy_demand_TWh","heater.solar.rural.water","2030",-561.2291656
"IEA2","water","energy_demand_TWh","heater.solar.rural.water","2035",-683.2428428
"IEA2","water","energy_demand_TWh","heater.solar.rural.water","2040",-796.7638262
"IEA2","water","energy_demand_TWh","heater.solar.rural.water","2045",-899.1500535
"IEA2","water","energy_demand_TWh","heater.solar.rural.water","2050",-989.579924
"IEA2","water","energy_demand_TWh","heater.microchp.rural.water","2011",0
"IEA2","water","energy_demand_TWh","heater.microchp.rural.water","2015",0
"IEA2","water","energy_demand_TWh","heater.microchp.rural.water","2020",0
"IEA2","water","energy_demand_TWh","heater.microchp.rural.water","2025",0
"IEA2","water","energy_demand_TWh","heater.microchp.rural.water","2030",0
"IEA2","water","energy_demand_TWh","heater.microchp.rural.water","2035",0
"IEA2","water","energy_demand_TWh","heater.microchp.rural.water","2040",0
"IEA2","water","energy_demand_TWh","heater.microchp.rural.water","2045",0
"IEA2","water","energy_demand_TWh","heater.microchp.rural.water","2050",0
"IEA2","water","energy_demand_TWh","heater.districtheating.rural.water","2011",0
"IEA2","water","energy_demand_TWh","heater.districtheating.rural.water","2015",0
"IEA2","water","energy_demand_TWh","heater.districtheating.rural.water","2020",0
"IEA2","water","energy_demand_TWh","heater.districtheating.rural.water","2025",0
"IEA2","water","energy_demand_TWh","heater.districtheating.rural.water","2030",0
"IEA2","water","energy_demand_TWh","heater.districtheating.rural.water","2035",0
"IEA2","water","energy_demand_TWh","heater.districtheating.rural.water","2040",0
"IEA2","water","energy_demand_TWh","heater.districtheating.rural.water","2045",0
"IEA2","water","energy_demand_TWh","heater.districtheating.rural.water","2050",0
"IEA2","water","households","heater.solid.boiler.urban.water","2011",95283895.79
"IEA2","water","households","heater.solid.boiler.urban.water","2015",106132641.9
"IEA2","water","households","heater.solid.boiler.urban.water","2020",102005486.9
"IEA2","water","households","heater.solid.boiler.urban.water","2025",94547507.2
"IEA2","water","households","heater.solid.boiler.urban.water","2030",83376960.25
"IEA2","water","households","heater.solid.boiler.urban.water","2035",68144776.1
"IEA2","water","households","heater.solid.boiler.urban.water","2040",49198892.41
"IEA2","water","households","heater.solid.boiler.urban.water","2045",26403426.5
"IEA2","water","households","heater.solid.boiler.urban.water","2050",0
"IEA2","water","households","heater.liquid.boiler.urban.water","2011",136119851.1
"IEA2","water","households","heater.liquid.boiler.urban.water","2015",151618059.8
"IEA2","water","households","heater.liquid.boiler.urban.water","2020",145722124.2
"IEA2","water","households","heater.liquid.boiler.urban.water","2025",135067867.4
"IEA2","water","households","heater.liquid.boiler.urban.water","2030",119109943.2
"IEA2","water","households","heater.liquid.boiler.urban.water","2035",97349680.14
"IEA2","water","households","heater.liquid.boiler.urban.water","2040",70284132.02
"IEA2","water","households","heater.liquid.boiler.urban.water","2045",37719180.72
"IEA2","water","households","heater.liquid.boiler.urban.water","2050",0
"IEA2","water","households","heater.gas.boiler.urban.water","2011",517255434.3
"IEA2","water","households","heater.gas.boiler.urban.water","2015",576148627.4
"IEA2","water","households","heater.gas.boiler.urban.water","2020",585317198.9
"IEA2","water","households","heater.gas.boiler.urban.water","2025",583493187.3
"IEA2","water","households","heater.gas.boiler.urban.water","2030",568749978.9
"IEA2","water","households","heater.gas.boiler.urban.water","2035",538668230.1
"IEA2","water","households","heater.gas.boiler.urban.water","2040",495503130.7
"IEA2","water","households","heater.gas.boiler.urban.water","2045",437542496.3
"IEA2","water","households","heater.gas.boiler.urban.water","2050",367063233.3
"IEA2","water","households","heater.heatpump.urban.water","2011",272239702.3
"IEA2","water","households","heater.heatpump.urban.water","2015",303236119.7
"IEA2","water","households","heater.heatpump.urban.water","2020",327874779.5
"IEA2","water","households","heater.heatpump.urban.water","2025",351176455.3
"IEA2","water","households","heater.heatpump.urban.water","2030",372218572.5
"IEA2","water","households","heater.heatpump.urban.water","2035",389398720.6
"IEA2","water","households","heater.heatpump.urban.water","2040",404133759.1
"IEA2","water","households","heater.heatpump.urban.water","2045",414910987.9
"IEA2","water","households","heater.heatpump.urban.water","2050",423534500
"IEA2","water","households","heater.electricity.urban.water","2011",136119851.1
"IEA2","water","households","heater.electricity.urban.water","2015",151618059.8
"IEA2","water","households","heater.electricity.urban.water","2020",194296165.6
"IEA2","water","households","heater.electricity.urban.water","2025",243122161.4
"IEA2","water","households","heater.electricity.urban.water","2030",297774858
"IEA2","water","households","heater.electricity.urban.water","2035",356948827.2
"IEA2","water","households","heater.electricity.urban.water","2040",421704792.1
"IEA2","water","households","heater.electricity.urban.water","2045",490349349.3
"IEA2","water","households","heater.electricity.urban.water","2050",564712666.6
"IEA2","water","households","heater.solar.urban.water","2011",40835955.34
"IEA2","water","households","heater.solar.urban.water","2015",45485417.95
"IEA2","water","households","heater.solar.urban.water","2020",165151740.8
"IEA2","water","households","heater.solar.urban.water","2025",310656095.1
"IEA2","water","households","heater.solar.urban.water","2030",482395270
"IEA2","water","households","heater.solar.urban.water","2035",678202771.6
"IEA2","water","households","heater.solar.urban.water","2040",899636889.9
"IEA2","water","households","heater.solar.urban.water","2045",1142891176
"IEA2","water","households","heater.solar.urban.water","2050",1411781667
"IEA2","water","households","heater.microchp.urban.water","2011",0
"IEA2","water","households","heater.microchp.urban.water","2015",0
"IEA2","water","households","heater.microchp.urban.water","2020",4857404.14
"IEA2","water","households","heater.microchp.urban.water","2025",10805429.39
"IEA2","water","households","heater.microchp.urban.water","2030",17866491.48
"IEA2","water","households","heater.microchp.urban.water","2035",25959914.7
"IEA2","water","households","heater.microchp.urban.water","2040",35142066.01
"IEA2","water","households","heater.microchp.urban.water","2045",45263016.86
"IEA2","water","households","heater.microchp.urban.water","2050",56471266.66
"IEA2","water","households","heater.districtheating.urban.water","2011",163343821.4
"IEA2","water","households","heater.districtheating.urban.water","2015",181941671.8
"IEA2","water","households","heater.districtheating.urban.water","2020",174866549.1
"IEA2","water","households","heater.districtheating.urban.water","2025",162081440.9
"IEA2","water","households","heater.districtheating.urban.water","2030",142931931.9
"IEA2","water","households","heater.districtheating.urban.water","2035",116819616.2
"IEA2","water","households","heater.districtheating.urban.water","2040",84340958.42
"IEA2","water","households","heater.districtheating.urban.water","2045",45263016.86
"IEA2","water","households","heater.districtheating.urban.water","2050",0
"IEA2","water","households","heater.solid.boiler.rural.water","2011",493193264.2
"IEA2","water","households","heater.solid.boiler.rural.water","2015",516133496.7
"IEA2","water","households","heater.solid.boiler.rural.water","2020",469235814.9
"IEA2","water","households","heater.solid.boiler.rural.water","2025",418508034.2
"IEA2","water","households","heater.solid.boiler.rural.water","2030",361415745.4
"IEA2","water","households","heater.solid.boiler.rural.water","2035",297163343.2
"IEA2","water","households","heater.solid.boiler.rural.water","2040",227785022
"IEA2","water","households","heater.solid.boiler.rural.water","2045",153097127.7
"IEA2","water","households","heater.solid.boiler.rural.water","2050",74342573.8
"IEA2","water","households","heater.liquid.boiler.rural.water","2011",28344440.47
"IEA2","water","households","heater.liquid.boiler.rural.water","2015",29803385.21
"IEA2","water","households","heater.liquid.boiler.rural.water","2020",26583667.61
"IEA2","water","households","heater.liquid.boiler.rural.water","2025",23099084.82
"IEA2","water","households","heater.liquid.boiler.rural.water","2030",19205905.53
"IEA2","water","households","heater.liquid.boiler.rural.water","2035",14869605.32
"IEA2","water","households","heater.liquid.boiler.rural.water","2040",10206360.13
"IEA2","water","households","heater.liquid.boiler.rural.water","2045",5221959.051
"IEA2","water","households","heater.liquid.boiler.rural.water","2050",0
"IEA2","water","households","heater.gas.boiler.rural.water","2011",5668888.094
"IEA2","water","households","heater.gas.boiler.rural.water","2015",5960677.042
"IEA2","water","households","heater.gas.boiler.rural.water","2020",5316733.522
"IEA2","water","households","heater.gas.boiler.rural.water","2025",4619816.964
"IEA2","water","households","heater.gas.boiler.rural.water","2030",3841181.107
"IEA2","water","households","heater.gas.boiler.rural.water","2035",2973921.063
"IEA2","water","households","heater.gas.boiler.rural.water","2040",2041272.026
"IEA2","water","households","heater.gas.boiler.rural.water","2045",1044391.81
"IEA2","water","households","heater.gas.boiler.rural.water","2050",0
"IEA2","water","households","heater.heatpump.rural.water","2011",0
"IEA2","water","households","heater.heatpump.rural.water","2015",0
"IEA2","water","households","heater.heatpump.rural.water","2020",13291833.8
"IEA2","water","households","heater.heatpump.rural.water","2025",27718901.79
"IEA2","water","households","heater.heatpump.rural.water","2030",43213287.45
"IEA2","water","households","heater.heatpump.rural.water","2035",59478421.27
"IEA2","water","households","heater.heatpump.rural.water","2040",76547700.99
"IEA2","water","households","heater.heatpump.rural.water","2045",93995262.92
"IEA2","water","households","heater.heatpump.rural.water","2050",111513860.7
"IEA2","water","households","heater.electricity.rural.water","2011",11337776.19
"IEA2","water","households","heater.electricity.rural.water","2015",14366760.05
"IEA2","water","households","heater.electricity.rural.water","2020",34967747.39
"IEA2","water","households","heater.electricity.rural.water","2025",57333113.1
"IEA2","water","households","heater.electricity.rural.water","2030",81280377.13
"IEA2","water","households","heater.electricity.rural.water","2035",106298614.4
"IEA2","water","households","heater.electricity.rural.water","2040",132499490.6
"IEA2","water","households","heater.electricity.rural.water","2045",159176023.6
"IEA2","water","households","heater.electricity.rural.water","2050",185856434.5
"IEA2","water","households","heater.solar.rural.water","2011",28344440.47
"IEA2","water","households","heater.solar.rural.water","2015",29803385.21
"IEA2","water","households","heater.solar.rural.water","2020",70889780.29
"IEA2","water","households","heater.solar.rural.water","2025",115495424.1
"IEA2","water","households","heater.solar.rural.water","2030",163250197
"IEA2","water","households","heater.solar.rural.water","2035",213131009.5
"IEA2","water","households","heater.solar.rural.water","2040",265365363.4
"IEA2","water","households","heater.solar.rural.water","2045",318539502.1
"IEA2","water","households","heater.solar.rural.water","2050",371712869
"IEA2","water","households","heater.microchp.rural.water","2011",0
"IEA2","water","households","heater.microchp.rural.water","2015",0
"IEA2","water","households","heater.microchp.rural.water","2020",0
"IEA2","water","households","heater.microchp.rural.water","2025",0
"IEA2","water","households","heater.microchp.rural.water","2030",0
"IEA2","water","households","heater.microchp.rural.water","2035",0
"IEA2","water","households","heater.microchp.rural.water","2040",0
"IEA2","water","households","heater.microchp.rural.water","2045",0
"IEA2","water","households","heater.microchp.rural.water","2050",0
"IEA2","water","households","heater.districtheating.rural.water","2011",0
"IEA2","water","households","heater.districtheating.rural.water","2015",0
"IEA2","water","households","heater.districtheating.rural.water","2020",0
"IEA2","water","households","heater.districtheating.rural.water","2025",0
"IEA2","water","households","heater.districtheating.rural.water","2030",0
"IEA2","water","households","heater.districtheating.rural.water","2035",0
"IEA2","water","households","heater.districtheating.rural.water","2040",0
"IEA2","water","households","heater.districtheating.rural.water","2045",0
"IEA2","water","households","heater.districtheating.rural.water","2050",0
"IEA2","cook","demand_TWh","cooker.traditionalbiomass.stoves.urban","2011",228.6813499
"IEA2","cook","demand_TWh","cooker.traditionalbiomass.stoves.urban","2015",249.1201353
"IEA2","cook","demand_TWh","cooker.traditionalbiomass.stoves.urban","2020",234.9259492
"IEA2","cook","demand_TWh","cooker.traditionalbiomass.stoves.urban","2025",214.526958
"IEA2","cook","demand_TWh","cooker.traditionalbiomass.stoves.urban","2030",187.8121658
"IEA2","cook","demand_TWh","cooker.traditionalbiomass.stoves.urban","2035",154.7895573
"IEA2","cook","demand_TWh","cooker.traditionalbiomass.stoves.urban","2040",117.0308033
"IEA2","cook","demand_TWh","cooker.traditionalbiomass.stoves.urban","2045",74.96749342
"IEA2","cook","demand_TWh","cooker.traditionalbiomass.stoves.urban","2050",29.92977133
"IEA2","cook","demand_TWh","cooker.traditionalbiomass.stoves.rural","2011",516.5774276
"IEA2","cook","demand_TWh","cooker.traditionalbiomass.stoves.rural","2015",533.3086526
"IEA2","cook","demand_TWh","cooker.traditionalbiomass.stoves.rural","2020",498.3906977
"IEA2","cook","demand_TWh","cooker.traditionalbiomass.stoves.rural","2025",463.1314894
"IEA2","cook","demand_TWh","cooker.traditionalbiomass.stoves.rural","2030",425.1332717
"IEA2","cook","demand_TWh","cooker.traditionalbiomass.stoves.rural","2035",383.4770446
"IEA2","cook","demand_TWh","cooker.traditionalbiomass.stoves.rural","2040",340.5157651
"IEA2","cook","demand_TWh","cooker.traditionalbiomass.stoves.rural","2045",295.650967
"IEA2","cook","demand_TWh","cooker.traditionalbiomass.stoves.rural","2050",249.791048
"IEA2","cook","energy_demand_TWh","cooker.traditionalbiomass.stoves.urban","2011",-762.2711663
"IEA2","cook","energy_demand_TWh","cooker.traditionalbiomass.stoves.urban","2015",-741.6553645
"IEA2","cook","energy_demand_TWh","cooker.traditionalbiomass.stoves.urban","2020",-616.9772404
"IEA2","cook","energy_demand_TWh","cooker.traditionalbiomass.stoves.urban","2025",-504.0091182
"IEA2","cook","energy_demand_TWh","cooker.traditionalbiomass.stoves.urban","2030",-399.164821
"IEA2","cook","energy_demand_TWh","cooker.traditionalbiomass.stoves.urban","2035",-300.3379471
"IEA2","cook","energy_demand_TWh","cooker.traditionalbiomass.stoves.urban","2040",-208.8879327
"IEA2","cook","energy_demand_TWh","cooker.traditionalbiomass.stoves.urban","2045",-123.8869595
"IEA2","cook","energy_demand_TWh","cooker.traditionalbiomass.stoves.urban","2050",-46.04580205
"IEA2","cook","energy_demand_TWh","cooker.traditionalbiomass.stoves.rural","2011",-1721.924759
"IEA2","cook","energy_demand_TWh","cooker.traditionalbiomass.stoves.rural","2015",-1587.712783
"IEA2","cook","energy_demand_TWh","cooker.traditionalbiomass.stoves.rural","2020",-1308.904863
"IEA2","cook","energy_demand_TWh","cooker.traditionalbiomass.stoves.rural","2025",-1088.080005
"IEA2","cook","energy_demand_TWh","cooker.traditionalbiomass.stoves.rural","2030",-903.5530024
"IEA2","cook","energy_demand_TWh","cooker.traditionalbiomass.stoves.rural","2035",-744.0599374
"IEA2","cook","energy_demand_TWh","cooker.traditionalbiomass.stoves.rural","2040",-607.7855762
"IEA2","cook","energy_demand_TWh","cooker.traditionalbiomass.stoves.rural","2045",-488.5757505
"IEA2","cook","energy_demand_TWh","cooker.traditionalbiomass.stoves.rural","2050",-384.2939199
"IEA2","cook","households","cooker.traditionalbiomass.stoves.urban","2011",163343821.4
"IEA2","cook","households","cooker.traditionalbiomass.stoves.urban","2015",181941671.8
"IEA2","cook","households","cooker.traditionalbiomass.stoves.urban","2020",177295251.1
"IEA2","cook","households","cooker.traditionalbiomass.stoves.urban","2025",167484155.6
"IEA2","cook","households","cooker.traditionalbiomass.stoves.urban","2030",151865177.6
"IEA2","cook","households","cooker.traditionalbiomass.stoves.urban","2035",129799573.5
"IEA2","cook","households","cooker.traditionalbiomass.stoves.urban","2040",101911991.4
"IEA2","cook","households","cooker.traditionalbiomass.stoves.urban","2045",67894525.29
"IEA2","cook","households","cooker.traditionalbiomass.stoves.urban","2050",28235633.33
"IEA2","cook","households","cooker.traditionalbiomass.stoves.rural","2011",425166607.1
"IEA2","cook","households","cooker.traditionalbiomass.stoves.rural","2015",447050778.1
"IEA2","cook","households","cooker.traditionalbiomass.stoves.rural","2020",429769293
"IEA2","cook","households","cooker.traditionalbiomass.stoves.rural","2025",411163709.8
"IEA2","cook","households","cooker.traditionalbiomass.stoves.rural","2030",388919587
"IEA2","cook","households","cooker.traditionalbiomass.stoves.rural","2035",361827062.7
"IEA2","cook","households","cooker.traditionalbiomass.stoves.rural","2040",331706704.3
"IEA2","cook","households","cooker.traditionalbiomass.stoves.rural","2045",297651665.9
"IEA2","cook","households","cooker.traditionalbiomass.stoves.rural","2050",260199008.3
"IEA2","space","heat_demand_TWh","heater.solid.boiler.urban.no.elec","2011",62.59306754
"IEA2","space","heat_demand_TWh","heater.solid.boiler.urban.no.elec","2015",59.28152826
"IEA2","space","heat_demand_TWh","heater.solid.boiler.urban.no.elec","2020",55.89185477
"IEA2","space","heat_demand_TWh","heater.solid.boiler.urban.no.elec","2025",48.36618997
"IEA2","space","heat_demand_TWh","heater.solid.boiler.urban.no.elec","2030",39.25983846
"IEA2","space","heat_demand_TWh","heater.solid.boiler.urban.no.elec","2035",33.85648132
"IEA2","space","heat_demand_TWh","heater.solid.boiler.urban.no.elec","2040",27.73713804
"IEA2","space","heat_demand_TWh","heater.solid.boiler.urban.no.elec","2045",28.16021949
"IEA2","space","heat_demand_TWh","heater.solid.boiler.urban.no.elec","2050",28.32719746
"IEA2","space","heat_demand_TWh","heater.traditionalbiomass.boiler.urban.no.elec","2011",250.3722701
"IEA2","space","heat_demand_TWh","heater.traditionalbiomass.boiler.urban.no.elec","2015",237.126113
"IEA2","space","heat_demand_TWh","heater.traditionalbiomass.boiler.urban.no.elec","2020",223.5674191
"IEA2","space","heat_demand_TWh","heater.traditionalbiomass.boiler.urban.no.elec","2025",193.4647599
"IEA2","space","heat_demand_TWh","heater.traditionalbiomass.boiler.urban.no.elec","2030",157.0393538
"IEA2","space","heat_demand_TWh","heater.traditionalbiomass.boiler.urban.no.elec","2035",135.4259253
"IEA2","space","heat_demand_TWh","heater.traditionalbiomass.boiler.urban.no.elec","2040",110.9485521
"IEA2","space","heat_demand_TWh","heater.traditionalbiomass.boiler.urban.no.elec","2045",112.640878
"IEA2","space","heat_demand_TWh","heater.traditionalbiomass.boiler.urban.no.elec","2050",113.3087898
"IEA2","space","heat_demand_TWh","heater.solid.boiler.rural.no.elec","2011",86.82072183
"IEA2","space","heat_demand_TWh","heater.solid.boiler.rural.no.elec","2015",86.1755912
"IEA2","space","heat_demand_TWh","heater.solid.boiler.rural.no.elec","2020",83.02817451
"IEA2","space","heat_demand_TWh","heater.solid.boiler.rural.no.elec","2025",77.87659489
"IEA2","space","heat_demand_TWh","heater.solid.boiler.rural.no.elec","2030",72.08258691
"IEA2","space","heat_demand_TWh","heater.solid.boiler.rural.no.elec","2035",66.78409239
"IEA2","space","heat_demand_TWh","heater.solid.boiler.rural.no.elec","2040",61.03640759
"IEA2","space","heat_demand_TWh","heater.solid.boiler.rural.no.elec","2045",54.74561364
"IEA2","space","heat_demand_TWh","heater.solid.boiler.rural.no.elec","2050",48.0853343
"IEA2","space","heat_demand_TWh","heater.traditionalbiomass.boiler.rural.no.elec","2011",347.2828873
"IEA2","space","heat_demand_TWh","heater.traditionalbiomass.boiler.rural.no.elec","2015",344.7023648
"IEA2","space","heat_demand_TWh","heater.traditionalbiomass.boiler.rural.no.elec","2020",332.112698
"IEA2","space","heat_demand_TWh","heater.traditionalbiomass.boiler.rural.no.elec","2025",311.5063796
"IEA2","space","heat_demand_TWh","heater.traditionalbiomass.boiler.rural.no.elec","2030",288.3303476
"IEA2","space","heat_demand_TWh","heater.traditionalbiomass.boiler.rural.no.elec","2035",267.1363696
"IEA2","space","heat_demand_TWh","heater.traditionalbiomass.boiler.rural.no.elec","2040",244.1456304
"IEA2","space","heat_demand_TWh","heater.traditionalbiomass.boiler.rural.no.elec","2045",218.9824545
"IEA2","space","heat_demand_TWh","heater.traditionalbiomass.boiler.rural.no.elec","2050",192.3413372
"IEA2","space","energy_demand_TWh","heater.solid.boiler.urban.no.elec","2011",-113.8055773
"IEA2","space","energy_demand_TWh","heater.solid.boiler.urban.no.elec","2015",-108.7990401
"IEA2","space","energy_demand_TWh","heater.solid.boiler.urban.no.elec","2020",-96.14666889
"IEA2","space","energy_demand_TWh","heater.solid.boiler.urban.no.elec","2025",-78.29214267
"IEA2","space","energy_demand_TWh","heater.solid.boiler.urban.no.elec","2030",-60.0108393
"IEA2","space","energy_demand_TWh","heater.solid.boiler.urban.no.elec","2035",-49.02052189
"IEA2","space","energy_demand_TWh","heater.solid.boiler.urban.no.elec","2040",-38.14729816
"IEA2","space","energy_demand_TWh","heater.solid.boiler.urban.no.elec","2045",-36.88049854
"IEA2","space","energy_demand_TWh","heater.solid.boiler.urban.no.elec","2050",-35.40899682
"IEA2","space","energy_demand_TWh","heater.traditionalbiomass.boiler.urban.no.elec","2011",-834.5742338
"IEA2","space","energy_demand_TWh","heater.traditionalbiomass.boiler.urban.no.elec","2015",-790.4203768
"IEA2","space","energy_demand_TWh","heater.traditionalbiomass.boiler.urban.no.elec","2020",-680.4225798
"IEA2","space","energy_demand_TWh","heater.traditionalbiomass.boiler.urban.no.elec","2025",-541.7013276
"IEA2","space","energy_demand_TWh","heater.traditionalbiomass.boiler.urban.no.elec","2030",-407.1390655
"IEA2","space","energy_demand_TWh","heater.traditionalbiomass.boiler.urban.no.elec","2035",-326.8901645
"IEA2","space","energy_demand_TWh","heater.traditionalbiomass.boiler.urban.no.elec","2040",-250.5289887
"IEA2","space","energy_demand_TWh","heater.traditionalbiomass.boiler.urban.no.elec","2045",-238.9351957
"IEA2","space","energy_demand_TWh","heater.traditionalbiomass.boiler.urban.no.elec","2050",-226.6175797
"IEA2","space","energy_demand_TWh","heater.solid.boiler.rural.no.elec","2011",-157.8558579
"IEA2","space","energy_demand_TWh","heater.solid.boiler.rural.no.elec","2015",-158.1575556
"IEA2","space","energy_demand_TWh","heater.solid.boiler.rural.no.elec","2020",-142.8272945
"IEA2","space","energy_demand_TWh","heater.solid.boiler.rural.no.elec","2025",-126.0617279
"IEA2","space","energy_demand_TWh","heater.solid.boiler.rural.no.elec","2030",-110.1822297
"IEA2","space","energy_demand_TWh","heater.solid.boiler.rural.no.elec","2035",-96.69614014
"IEA2","space","energy_demand_TWh","heater.solid.boiler.rural.no.elec","2040",-83.94427845
"IEA2","space","energy_demand_TWh","heater.solid.boiler.rural.no.elec","2045",-71.69850095
"IEA2","space","energy_demand_TWh","heater.solid.boiler.rural.no.elec","2050",-60.10666788
"IEA2","space","energy_demand_TWh","heater.traditionalbiomass.boiler.rural.no.elec","2011",-1157.609624
"IEA2","space","energy_demand_TWh","heater.traditionalbiomass.boiler.rural.no.elec","2015",-1149.007883
"IEA2","space","energy_demand_TWh","heater.traditionalbiomass.boiler.rural.no.elec","2020",-1010.777777
"IEA2","space","energy_demand_TWh","heater.traditionalbiomass.boiler.rural.no.elec","2025",-872.2178628
"IEA2","space","energy_demand_TWh","heater.traditionalbiomass.boiler.rural.no.elec","2030",-747.5231235
"IEA2","space","energy_demand_TWh","heater.traditionalbiomass.boiler.rural.no.elec","2035",-644.8119265
"IEA2","space","energy_demand_TWh","heater.traditionalbiomass.boiler.rural.no.elec","2040",-551.2965847
"IEA2","space","energy_demand_TWh","heater.traditionalbiomass.boiler.rural.no.elec","2045",-464.5082369
"IEA2","space","energy_demand_TWh","heater.traditionalbiomass.boiler.rural.no.elec","2050",-384.6826744
"IEA2","space","households","heater.solid.boiler.urban.no.elec","2011",18304270.27
"IEA2","space","households","heater.solid.boiler.urban.no.elec","2015",17291628.52
"IEA2","space","households","heater.solid.boiler.urban.no.elec","2020",16906986.79
"IEA2","space","households","heater.solid.boiler.urban.no.elec","2025",15218706.33
"IEA2","space","households","heater.solid.boiler.urban.no.elec","2030",12893344.37
"IEA2","space","households","heater.solid.boiler.urban.no.elec","2035",11648679.67
"IEA2","space","households","heater.solid.boiler.urban.no.elec","2040",10040590.29
"IEA2","space","households","heater.solid.boiler.urban.no.elec","2045",10776908.78
"IEA2","space","households","heater.solid.boiler.urban.no.elec","2050",11524748.3
"IEA2","space","households","heater.traditionalbiomass.boiler.urban.no.elec","2011",73217081.08
"IEA2","space","households","heater.traditionalbiomass.boiler.urban.no.elec","2015",69166514.09
"IEA2","space","households","heater.traditionalbiomass.boiler.urban.no.elec","2020",67627947.15
"IEA2","space","households","heater.traditionalbiomass.boiler.urban.no.elec","2025",60874825.33
"IEA2","space","households","heater.traditionalbiomass.boiler.urban.no.elec","2030",51573377.47
"IEA2","space","households","heater.traditionalbiomass.boiler.urban.no.elec","2035",46594718.7
"IEA2","space","households","heater.traditionalbiomass.boiler.urban.no.elec","2040",40162361.15
"IEA2","space","households","heater.traditionalbiomass.boiler.urban.no.elec","2045",43107635.1
"IEA2","space","households","heater.traditionalbiomass.boiler.urban.no.elec","2050",46098993.2
"IEA2","space","households","heater.solid.boiler.rural.no.elec","2011",53354240.89
"IEA2","space","households","heater.solid.boiler.rural.no.elec","2015",51348001.02
"IEA2","space","households","heater.solid.boiler.rural.no.elec","2020",49897511.4
"IEA2","space","households","heater.solid.boiler.rural.no.elec","2025",47461141.19
"IEA2","space","households","heater.solid.boiler.rural.no.elec","2030",44813779.58
"IEA2","space","households","heater.solid.boiler.rural.no.elec","2035",42632681.04
"IEA2","space","households","heater.solid.boiler.rural.no.elec","2040",40302037.44
"IEA2","space","households","heater.solid.boiler.rural.no.elec","2045",37703201.2
"IEA2","space","households","heater.solid.boiler.rural.no.elec","2050",34876763.02
"IEA2","space","households","heater.traditionalbiomass.boiler.rural.no.elec","2011",213416963.5
"IEA2","space","households","heater.traditionalbiomass.boiler.rural.no.elec","2015",205392004.1
"IEA2","space","households","heater.traditionalbiomass.boiler.rural.no.elec","2020",199590045.6
"IEA2","space","households","heater.traditionalbiomass.boiler.rural.no.elec","2025",189844564.8
"IEA2","space","households","heater.traditionalbiomass.boiler.rural.no.elec","2030",179255118.3
"IEA2","space","households","heater.traditionalbiomass.boiler.rural.no.elec","2035",170530724.2
"IEA2","space","households","heater.traditionalbiomass.boiler.rural.no.elec","2040",161208149.8
"IEA2","space","households","heater.traditionalbiomass.boiler.rural.no.elec","2045",150812804.8
"IEA2","space","households","heater.traditionalbiomass.boiler.rural.no.elec","2050",139507052.1
"IEA2","cook","demand_TWh","cooker.traditionalbiomass.stoves.urban.no.elec","2011",128.1298919
"IEA2","cook","demand_TWh","cooker.traditionalbiomass.stoves.urban.no.elec","2015",118.3811491
"IEA2","cook","demand_TWh","cooker.traditionalbiomass.stoves.urban.no.elec","2020",112.0134322
"IEA2","cook","demand_TWh","cooker.traditionalbiomass.stoves.urban.no.elec","2025",97.46661594
"IEA2","cook","demand_TWh","cooker.traditionalbiomass.stoves.urban.no.elec","2030",79.72620743
"IEA2","cook","demand_TWh","cooker.traditionalbiomass.stoves.urban.no.elec","2035",69.45685265
"IEA2","cook","demand_TWh","cooker.traditionalbiomass.stoves.urban.no.elec","2040",57.65064204
"IEA2","cook","demand_TWh","cooker.traditionalbiomass.stoves.urban.no.elec","2045",59.49801065
"IEA2","cook","demand_TWh","cooker.traditionalbiomass.stoves.urban.no.elec","2050",61.08116598
"IEA2","cook","demand_TWh","cooker.traditionalbiomass.stoves.rural.no.elec","2011",324.1270134
"IEA2","cook","demand_TWh","cooker.traditionalbiomass.stoves.rural.no.elec","2015",306.27766
"IEA2","cook","demand_TWh","cooker.traditionalbiomass.stoves.rural.no.elec","2020",289.3233175
"IEA2","cook","demand_TWh","cooker.traditionalbiomass.stoves.rural.no.elec","2025",267.2992348
"IEA2","cook","demand_TWh","cooker.traditionalbiomass.stoves.rural.no.elec","2030",244.9327491
"IEA2","cook","demand_TWh","cooker.traditionalbiomass.stoves.rural.no.elec","2035",225.9180727
"IEA2","cook","demand_TWh","cooker.traditionalbiomass.stoves.rural.no.elec","2040",206.8616482
"IEA2","cook","demand_TWh","cooker.traditionalbiomass.stoves.rural.no.elec","2045",187.2488746
"IEA2","cook","demand_TWh","cooker.traditionalbiomass.stoves.rural.no.elec","2050",167.4084625
"IEA2","cook","energy_demand_TWh","cooker.traditionalbiomass.stoves.urban.no.elec","2011",-427.0996396
"IEA2","cook","energy_demand_TWh","cooker.traditionalbiomass.stoves.urban.no.elec","2015",-369.3491852
"IEA2","cook","energy_demand_TWh","cooker.traditionalbiomass.stoves.urban.no.elec","2020",-323.5943598
"IEA2","cook","energy_demand_TWh","cooker.traditionalbiomass.stoves.urban.no.elec","2025",-262.1515877
"IEA2","cook","energy_demand_TWh","cooker.traditionalbiomass.stoves.urban.no.elec","2030",-200.6014252
"IEA2","cook","energy_demand_TWh","cooker.traditionalbiomass.stoves.urban.no.elec","2035",-164.1707426
"IEA2","cook","energy_demand_TWh","cooker.traditionalbiomass.stoves.urban.no.elec","2040",-128.4785737
"IEA2","cook","energy_demand_TWh","cooker.traditionalbiomass.stoves.urban.no.elec","2045",-125.4282387
"IEA2","cook","energy_demand_TWh","cooker.traditionalbiomass.stoves.urban.no.elec","2050",-122.162332
"IEA2","cook","energy_demand_TWh","cooker.traditionalbiomass.stoves.rural.no.elec","2011",-1080.423378
"IEA2","cook","energy_demand_TWh","cooker.traditionalbiomass.stoves.rural.no.elec","2015",-955.5862991
"IEA2","cook","energy_demand_TWh","cooker.traditionalbiomass.stoves.rural.no.elec","2020",-835.8229172
"IEA2","cook","energy_demand_TWh","cooker.traditionalbiomass.stoves.rural.no.elec","2025",-718.9427695
"IEA2","cook","energy_demand_TWh","cooker.traditionalbiomass.stoves.rural.no.elec","2030",-616.282401
"IEA2","cook","energy_demand_TWh","cooker.traditionalbiomass.stoves.rural.no.elec","2035",-533.9881718
"IEA2","cook","energy_demand_TWh","cooker.traditionalbiomass.stoves.rural.no.elec","2040",-461.0059589
"IEA2","cook","energy_demand_TWh","cooker.traditionalbiomass.stoves.rural.no.elec","2045",-394.7408708
"IEA2","cook","energy_demand_TWh","cooker.traditionalbiomass.stoves.rural.no.elec","2050",-334.816925
"IEA2","cook","households","cooker.traditionalbiomass.stoves.urban.no.elec","2011",91521351.35
"IEA2","cook","households","cooker.traditionalbiomass.stoves.urban.no.elec","2015",86458142.61
"IEA2","cook","households","cooker.traditionalbiomass.stoves.urban.no.elec","2020",84534933.93
"IEA2","cook","households","cooker.traditionalbiomass.stoves.urban.no.elec","2025",76093531.66
"IEA2","cook","households","cooker.traditionalbiomass.stoves.urban.no.elec","2030",64466721.84
"IEA2","cook","households","cooker.traditionalbiomass.stoves.urban.no.elec","2035",58243398.37
"IEA2","cook","households","cooker.traditionalbiomass.stoves.urban.no.elec","2040",50202951.44
"IEA2","cook","households","cooker.traditionalbiomass.stoves.urban.no.elec","2045",53884543.88
"IEA2","cook","households","cooker.traditionalbiomass.stoves.urban.no.elec","2050",57623741.49
"IEA2","cook","households","cooker.traditionalbiomass.stoves.rural.no.elec","2011",266771204.4
"IEA2","cook","households","cooker.traditionalbiomass.stoves.rural.no.elec","2015",256740005.1
"IEA2","cook","households","cooker.traditionalbiomass.stoves.rural.no.elec","2020",249487557
"IEA2","cook","households","cooker.traditionalbiomass.stoves.rural.no.elec","2025",237305705.9
"IEA2","cook","households","cooker.traditionalbiomass.stoves.rural.no.elec","2030",224068897.9
"IEA2","cook","households","cooker.traditionalbiomass.stoves.rural.no.elec","2035",213163405.2
"IEA2","cook","households","cooker.traditionalbiomass.stoves.rural.no.elec","2040",201510187.2
"IEA2","cook","households","cooker.traditionalbiomass.stoves.rural.no.elec","2045",188516006
"IEA2","cook","households","cooker.traditionalbiomass.stoves.rural.no.elec","2050",174383815.1
"IEA2","space","heat_demand_TWh","heater.solid.boiler.non residential.space","2011",56.02593903
"IEA2","space","heat_demand_TWh","heater.solid.boiler.non residential.space","2015",59.37784083
"IEA2","space","heat_demand_TWh","heater.solid.boiler.non residential.space","2020",53.5455497
"IEA2","space","heat_demand_TWh","heater.solid.boiler.non residential.space","2025",46.56561832
"IEA2","space","heat_demand_TWh","heater.solid.boiler.non residential.space","2030",38.58412349
"IEA2","space","heat_demand_TWh","heater.solid.boiler.non residential.space","2035",29.76725875
"IEA2","space","heat_demand_TWh","heater.solid.boiler.non residential.space","2040",20.27858688
"IEA2","space","heat_demand_TWh","heater.solid.boiler.non residential.space","2045",10.29182799
"IEA2","space","heat_demand_TWh","heater.solid.boiler.non residential.space","2050",0
"IEA2","space","heat_demand_TWh","heater.liquid.boiler.non residential.space","2011",196.0907866
"IEA2","space","heat_demand_TWh","heater.liquid.boiler.non residential.space","2015",207.8224429
"IEA2","space","heat_demand_TWh","heater.liquid.boiler.non residential.space","2020",190.3841767
"IEA2","space","heat_demand_TWh","heater.liquid.boiler.non residential.space","2025",169.1884132
"IEA2","space","heat_demand_TWh","heater.liquid.boiler.non residential.space","2030",144.6904631
"IEA2","space","heat_demand_TWh","heater.liquid.boiler.non residential.space","2035",117.4152984
"IEA2","space","heat_demand_TWh","heater.liquid.boiler.non residential.space","2040",87.87387647
"IEA2","space","heat_demand_TWh","heater.liquid.boiler.non residential.space","2045",56.60505396
"IEA2","space","heat_demand_TWh","heater.liquid.boiler.non residential.space","2050",24.21118051
"IEA2","space","heat_demand_TWh","heater.gas.boiler.non residential.space","2011",597.6100163
"IEA2","space","heat_demand_TWh","heater.gas.boiler.non residential.space","2015",633.3636355
"IEA2","space","heat_demand_TWh","heater.gas.boiler.non residential.space","2020",657.4203602
"IEA2","space","heat_demand_TWh","heater.gas.boiler.non residential.space","2025",676.7536529
"IEA2","space","heat_demand_TWh","heater.gas.boiler.non residential.space","2030",691.2988792
"IEA2","space","heat_demand_TWh","heater.gas.boiler.non residential.space","2035",701.1843173
"IEA2","space","heat_demand_TWh","heater.gas.boiler.non residential.space","2040",706.3707762
"IEA2","space","heat_demand_TWh","heater.gas.boiler.non residential.space","2045",706.7055221
"IEA2","space","heat_demand_TWh","heater.gas.boiler.non residential.space","2050",702.1242347
"IEA2","space","heat_demand_TWh","heater.heatpump.non residential.space","2011",560.2593903
"IEA2","space","heat_demand_TWh","heater.heatpump.non residential.space","2015",642.4986879
"IEA2","space","heat_demand_TWh","heater.heatpump.non residential.space","2020",743.0017088
"IEA2","space","heat_demand_TWh","heater.heatpump.non residential.space","2025",845.3450711
"IEA2","space","heat_demand_TWh","heater.heatpump.non residential.space","2030",948.0317009
"IEA2","space","heat_demand_TWh","heater.heatpump.non residential.space","2035",1049.741108
"IEA2","space","heat_demand_TWh","heater.heatpump.non residential.space","2040",1148.859941
"IEA2","space","heat_demand_TWh","heater.heatpump.non residential.space","2045",1243.463936
"IEA2","space","heat_demand_TWh","heater.heatpump.non residential.space","2050",1331.614928
"IEA2","space","heat_demand_TWh","heater.electricity.non residential.space","2011",0
"IEA2","space","heat_demand_TWh","heater.electricity.non residential.space","2015",0
"IEA2","space","heat_demand_TWh","heater.electricity.non residential.space","2020",0
"IEA2","space","heat_demand_TWh","heater.electricity.non residential.space","2025",0
"IEA2","space","heat_demand_TWh","heater.electricity.non residential.space","2030",0
"IEA2","space","heat_demand_TWh","heater.electricity.non residential.space","2035",0
"IEA2","space","heat_demand_TWh","heater.electricity.non residential.space","2040",0
"IEA2","space","heat_demand_TWh","heater.electricity.non residential.space","2045",0
"IEA2","space","heat_demand_TWh","heater.electricity.non residential.space","2050",0
"IEA2","space","heat_demand_TWh","heater.solar.non residential.space","2011",0
"IEA2","space","heat_demand_TWh","heater.solar.non residential.space","2015",0
"IEA2","space","heat_demand_TWh","heater.solar.non residential.space","2020",14.8737638
"IEA2","space","heat_demand_TWh","heater.solar.non residential.space","2025",31.04374555
"IEA2","space","heat_demand_TWh","heater.solar.non residential.space","2030",48.23015436
"IEA2","space","heat_demand_TWh","heater.solar.non residential.space","2035",66.1494639
"IEA2","space","heat_demand_TWh","heater.solar.non residential.space","2040",84.49411199
"IEA2","space","heat_demand_TWh","heater.solar.non residential.space","2045",102.9182799
"IEA2","space","heat_demand_TWh","heater.solar.non residential.space","2050",121.0559025
"IEA2","space","heat_demand_TWh","heater.microchp.non residential.space","2011",0
"IEA2","space","heat_demand_TWh","heater.microchp.non residential.space","2015",0
"IEA2","space","heat_demand_TWh","heater.microchp.non residential.space","2020",14.8737638
"IEA2","space","heat_demand_TWh","heater.microchp.non residential.space","2025",31.04374555
"IEA2","space","heat_demand_TWh","heater.microchp.non residential.space","2030",48.23015436
"IEA2","space","heat_demand_TWh","heater.microchp.non residential.space","2035",66.1494639
"IEA2","space","heat_demand_TWh","heater.microchp.non residential.space","2040",84.49411199
"IEA2","space","heat_demand_TWh","heater.microchp.non residential.space","2045",102.9182799
"IEA2","space","heat_demand_TWh","heater.microchp.non residential.space","2050",121.0559025
"IEA2","space","heat_demand_TWh","heater.districtheating.non residential.space","2011",457.5451687
"IEA2","space","heat_demand_TWh","heater.districtheating.non residential.space","2015",436.1987538
"IEA2","space","heat_demand_TWh","heater.districtheating.non residential.space","2020",408.2276097
"IEA2","space","heat_demand_TWh","heater.districtheating.non residential.space","2025",373.1219417
"IEA2","space","heat_demand_TWh","heater.districtheating.non residential.space","2030",331.6750615
"IEA2","space","heat_demand_TWh","heater.districtheating.non residential.space","2035",284.8243263
"IEA2","space","heat_demand_TWh","heater.districtheating.non residential.space","2040",233.463731
"IEA2","space","heat_demand_TWh","heater.districtheating.non residential.space","2045",178.5236317
"IEA2","space","heat_demand_TWh","heater.districtheating.non residential.space","2050",121.0559025
"IEA2","space","energy_demand_TWh","heater.solid.boiler.non residential.space","2011",-101.8653437
"IEA2","space","energy_demand_TWh","heater.solid.boiler.non residential.space","2015",-108.975802
"IEA2","space","energy_demand_TWh","heater.solid.boiler.non residential.space","2020",-92.11049192
"IEA2","space","energy_demand_TWh","heater.solid.boiler.non residential.space","2025",-75.37749067
"IEA2","space","energy_demand_TWh","heater.solid.boiler.non residential.space","2030",-58.97797152
"IEA2","space","energy_demand_TWh","heater.solid.boiler.non residential.space","2035",-43.09977003
"IEA2","space","energy_demand_TWh","heater.solid.boiler.non residential.space","2040",-27.8894419
"IEA2","space","energy_demand_TWh","heater.solid.boiler.non residential.space","2045",-13.47886324
"IEA2","space","energy_demand_TWh","heater.solid.boiler.non residential.space","2050",0
"IEA2","space","energy_demand_TWh","heater.liquid.boiler.non residential.space","2011",-326.8179776
"IEA2","space","energy_demand_TWh","heater.liquid.boiler.non residential.space","2015",-337.7114697
"IEA2","space","energy_demand_TWh","heater.liquid.boiler.non residential.space","2020",-290.2003363
"IEA2","space","energy_demand_TWh","heater.liquid.boiler.non residential.space","2025",-242.8414133
"IEA2","space","energy_demand_TWh","heater.liquid.boiler.non residential.space","2030",-196.2270066
"IEA2","space","energy_demand_TWh","heater.liquid.boiler.non residential.space","2035",-150.9151435
"IEA2","space","energy_demand_TWh","heater.liquid.boiler.non residential.space","2040",-107.335876
"IEA2","space","energy_demand_TWh","heater.liquid.boiler.non residential.space","2045",-65.87033133
"IEA2","space","energy_demand_TWh","heater.liquid.boiler.non residential.space","2050",-26.90131167
"IEA2","space","energy_demand_TWh","heater.gas.boiler.non residential.space","2011",-766.1666875
"IEA2","space","energy_demand_TWh","heater.gas.boiler.non residential.space","2015",-809.8748126
"IEA2","space","energy_demand_TWh","heater.gas.boiler.non residential.space","2020",-781.0085219
"IEA2","space","energy_demand_TWh","heater.gas.boiler.non residential.space","2025",-750.7263196
"IEA2","space","energy_demand_TWh","heater.gas.boiler.non residential.space","2030",-719.2248248
"IEA2","space","energy_demand_TWh","heater.gas.boiler.non residential.space","2035",-686.8436262
"IEA2","space","energy_demand_TWh","heater.gas.boiler.non residential.space","2040",-653.6922776
"IEA2","space","energy_demand_TWh","heater.gas.boiler.non residential.space","2045",-619.7578141
"IEA2","space","energy_demand_TWh","heater.gas.boiler.non residential.space","2050",-585.1035289
"IEA2","space","energy_demand_TWh","heater.heatpump.non residential.space","2011",-280.1296951
"IEA2","space","energy_demand_TWh","heater.heatpump.non residential.space","2015",-321.249344
"IEA2","space","energy_demand_TWh","heater.heatpump.non residential.space","2020",-325.0632476
"IEA2","space","energy_demand_TWh","heater.heatpump.non residential.space","2025",-328.7453054
"IEA2","space","energy_demand_TWh","heater.heatpump.non residential.space","2030",-331.8110953
"IEA2","space","energy_demand_TWh","heater.heatpump.non residential.space","2035",-334.0085343
"IEA2","space","energy_demand_TWh","heater.heatpump.non residential.space","2040",-335.0841495
"IEA2","space","energy_demand_TWh","heater.heatpump.non residential.space","2045",-334.778752
"IEA2","space","energy_demand_TWh","heater.heatpump.non residential.space","2050",-332.903732
"IEA2","space","energy_demand_TWh","heater.electricity.non residential.space","2011",0
"IEA2","space","energy_demand_TWh","heater.electricity.non residential.space","2015",0
"IEA2","space","energy_demand_TWh","heater.electricity.non residential.space","2020",0
"IEA2","space","energy_demand_TWh","heater.electricity.non residential.space","2025",0
"IEA2","space","energy_demand_TWh","heater.electricity.non residential.space","2030",0
"IEA2","space","energy_demand_TWh","heater.electricity.non residential.space","2035",0
"IEA2","space","energy_demand_TWh","heater.electricity.non residential.space","2040",0
"IEA2","space","energy_demand_TWh","heater.electricity.non residential.space","2045",0
"IEA2","space","energy_demand_TWh","heater.electricity.non residential.space","2050",0
"IEA2","space","energy_demand_TWh","heater.solar.non residential.space","2011",0
"IEA2","space","energy_demand_TWh","heater.solar.non residential.space","2015",0
"IEA2","space","energy_demand_TWh","heater.solar.non residential.space","2020",-32.93217777
"IEA2","space","energy_demand_TWh","heater.solar.non residential.space","2025",-62.96391185
"IEA2","space","energy_demand_TWh","heater.solar.non residential.space","2030",-90.24559384
"IEA2","space","energy_demand_TWh","heater.solar.non residential.space","2035",-114.8778858
"IEA2","space","energy_demand_TWh","heater.solar.non residential.space","2040",-136.8955049
"IEA2","space","energy_demand_TWh","heater.solar.non residential.space","2045",-156.2663538
"IEA2","space","energy_demand_TWh","heater.solar.non residential.space","2050",-172.9370036
"IEA2","space","energy_demand_TWh","heater.microchp.non residential.space","2011",0
"IEA2","space","energy_demand_TWh","heater.microchp.non residential.space","2015",0
"IEA2","space","energy_demand_TWh","heater.microchp.non residential.space","2020",-28.52502648
"IEA2","space","energy_demand_TWh","heater.microchp.non residential.space","2025",-57.18584706
"IEA2","space","energy_demand_TWh","heater.microchp.non residential.space","2030",-85.47115963
"IEA2","space","energy_demand_TWh","heater.microchp.non residential.space","2035",-112.9381091
"IEA2","space","energy_demand_TWh","heater.microchp.non residential.space","2040",-139.1667727
"IEA2","space","energy_demand_TWh","heater.microchp.non residential.space","2045",-163.7336271
"IEA2","space","energy_demand_TWh","heater.microchp.non residential.space","2050",-186.2398501
"IEA2","space","energy_demand_TWh","heater.districtheating.non residential.space","2011",-653.6359553
"IEA2","space","energy_demand_TWh","heater.districtheating.non residential.space","2015",-636.1911517
"IEA2","space","energy_demand_TWh","heater.districtheating.non residential.space","2020",-581.5390181
"IEA2","space","energy_demand_TWh","heater.districtheating.non residential.space","2025",-519.4405409
"IEA2","space","energy_demand_TWh","heater.districtheating.non residential.space","2030",-451.4723365
"IEA2","space","energy_demand_TWh","heater.districtheating.non residential.space","2035",-379.2656379
"IEA2","space","energy_demand_TWh","heater.districtheating.non residential.space","2040",-304.2562467
"IEA2","space","energy_demand_TWh","heater.districtheating.non residential.space","2045",-227.8066348
"IEA2","space","energy_demand_TWh","heater.districtheating.non residential.space","2050",-151.3198782
"IEA2","space","buildings","heater.solid.boiler.non residential.space","2011",55809.17618
"IEA2","space","buildings","heater.solid.boiler.non residential.space","2015",59989.96458
"IEA2","space","buildings","heater.solid.boiler.non residential.space","2020",55711.781
"IEA2","space","buildings","heater.solid.boiler.non residential.space","2025",49976.94321
"IEA2","space","buildings","heater.solid.boiler.non residential.space","2030",42791.80881
"IEA2","space","buildings","heater.solid.boiler.non residential.space","2035",34179.74685
"IEA2","space","buildings","heater.solid.boiler.non residential.space","2040",24157.28016
"IEA2","space","buildings","heater.solid.boiler.non residential.space","2045",12748.76421
"IEA2","space","buildings","heater.solid.boiler.non residential.space","2050",0
"IEA2","space","buildings","heater.liquid.boiler.non residential.space","2011",195332.1166
"IEA2","space","buildings","heater.liquid.boiler.non residential.space","2015",209964.876
"IEA2","space","buildings","heater.liquid.boiler.non residential.space","2020",198086.3324
"IEA2","space","buildings","heater.liquid.boiler.non residential.space","2025",181582.8937
"IEA2","space","buildings","heater.liquid.boiler.non residential.space","2030",160469.283
"IEA2","space","buildings","heater.liquid.boiler.non residential.space","2035",134820.1126
"IEA2","space","buildings","heater.liquid.boiler.non residential.space","2040",104681.5474
"IEA2","space","buildings","heater.liquid.boiler.non residential.space","2045",70118.20313
"IEA2","space","buildings","heater.liquid.boiler.non residential.space","2050",31263.43643
"IEA2","space","buildings","heater.gas.boiler.non residential.space","2011",595297.8793
"IEA2","space","buildings","heater.gas.boiler.non residential.space","2015",639892.9555
"IEA2","space","buildings","heater.gas.boiler.non residential.space","2020",684016.8667
"IEA2","space","buildings","heater.gas.boiler.non residential.space","2025",726331.5746
"IEA2","space","buildings","heater.gas.boiler.non residential.space","2030",766686.5745
"IEA2","space","buildings","heater.gas.boiler.non residential.space","2035",805122.9259
"IEA2","space","buildings","heater.gas.boiler.non residential.space","2040",841478.5922
"IEA2","space","buildings","heater.gas.boiler.non residential.space","2045",875415.1422
"IEA2","space","buildings","heater.gas.boiler.non residential.space","2050",906639.6566
"IEA2","space","buildings","heater.heatpump.non residential.space","2011",558091.7618
"IEA2","space","buildings","heater.heatpump.non residential.space","2015",649122.1808
"IEA2","space","buildings","heater.heatpump.non residential.space","2020",773060.4824
"IEA2","space","buildings","heater.heatpump.non residential.space","2025",907273.7382
"IEA2","space","buildings","heater.heatpump.non residential.space","2030",1051416.687
"IEA2","space","buildings","heater.heatpump.non residential.space","2035",1205347.312
"IEA2","space","buildings","heater.heatpump.non residential.space","2040",1368602.834
"IEA2","space","buildings","heater.heatpump.non residential.space","2045",1540312.229
"IEA2","space","buildings","heater.heatpump.non residential.space","2050",1719489.004
"IEA2","space","buildings","heater.electricity.non residential.space","2011",0
"IEA2","space","buildings","heater.electricity.non residential.space","2015",0
"IEA2","space","buildings","heater.electricity.non residential.space","2020",0
"IEA2","space","buildings","heater.electricity.non residential.space","2025",0
"IEA2","space","buildings","heater.electricity.non residential.space","2030",0
"IEA2","space","buildings","heater.electricity.non residential.space","2035",0
"IEA2","space","buildings","heater.electricity.non residential.space","2040",0
"IEA2","space","buildings","heater.electricity.non residential.space","2045",0
"IEA2","space","buildings","heater.electricity.non residential.space","2050",0
"IEA2","space","buildings","heater.solar.non residential.space","2011",0
"IEA2","space","buildings","heater.solar.non residential.space","2015",0
"IEA2","space","buildings","heater.solar.non residential.space","2020",15475.49472
"IEA2","space","buildings","heater.solar.non residential.space","2025",33317.96214
"IEA2","space","buildings","heater.solar.non residential.space","2030",53489.76101
"IEA2","space","buildings","heater.solar.non residential.space","2035",75954.99301
"IEA2","space","buildings","heater.solar.non residential.space","2040",100655.334
"IEA2","space","buildings","heater.solar.non residential.space","2045",127487.6421
"IEA2","space","buildings","heater.solar.non residential.space","2050",156317.1822
"IEA2","space","buildings","heater.microchp.non residential.space","2011",0
"IEA2","space","buildings","heater.microchp.non residential.space","2015",0
"IEA2","space","buildings","heater.microchp.non residential.space","2020",15475.49472
"IEA2","space","buildings","heater.microchp.non residential.space","2025",33317.96214
"IEA2","space","buildings","heater.microchp.non residential.space","2030",53489.76101
"IEA2","space","buildings","heater.microchp.non residential.space","2035",75954.99301
"IEA2","space","buildings","heater.microchp.non residential.space","2040",100655.334
"IEA2","space","buildings","heater.microchp.non residential.space","2045",127487.6421
"IEA2","space","buildings","heater.microchp.non residential.space","2050",156317.1822
"IEA2","space","buildings","heater.districtheating.non residential.space","2011",455774.9388
"IEA2","space","buildings","heater.districtheating.non residential.space","2015",440695.509
"IEA2","space","buildings","heater.districtheating.non residential.space","2020",424742.809
"IEA2","space","buildings","heater.districtheating.non residential.space","2025",400456.2757
"IEA2","space","buildings","heater.districtheating.non residential.space","2030",367844.9719
"IEA2","space","buildings","heater.districtheating.non residential.space","2035",327044.6718
"IEA2","space","buildings","heater.districtheating.non residential.space","2040",278118.4305
"IEA2","space","buildings","heater.districtheating.non residential.space","2045",221142.0253
"IEA2","space","buildings","heater.districtheating.non residential.space","2050",156317.1822
"IEA2","cool","demand_TWh","cooling.airconditioners.non residential","2011",471.8282177
"IEA2","cool","demand_TWh","cooling.airconditioners.non residential","2015",518.2766109
"IEA2","cool","demand_TWh","cooling.airconditioners.non residential","2020",560.4732857
"IEA2","cool","demand_TWh","cooling.airconditioners.non residential","2025",600.5272305
"IEA2","cool","demand_TWh","cooling.airconditioners.non residential","2030",637.9431383
"IEA2","cool","demand_TWh","cooling.airconditioners.non residential","2035",672.3871467
"IEA2","cool","demand_TWh","cooling.airconditioners.non residential","2040",703.3615556
"IEA2","cool","demand_TWh","cooling.airconditioners.non residential","2045",730.2284347
"IEA2","cool","demand_TWh","cooling.airconditioners.non residential","2050",752.4022933
"IEA2","cool","demand_TWh","cooling.chillers.non residential","2011",64.3402115
"IEA2","cool","demand_TWh","cooling.chillers.non residential","2015",62.55062545
"IEA2","cool","demand_TWh","cooling.chillers.non residential","2020",57.90867896
"IEA2","cool","demand_TWh","cooling.chillers.non residential","2025",51.64239083
"IEA2","cool","demand_TWh","cooling.chillers.non residential","2030",43.83412975
"IEA2","cool","demand_TWh","cooling.chillers.non residential","2035",34.60816196
"IEA2","cool","demand_TWh","cooling.chillers.non residential","2040",24.10541439
"IEA2","cool","demand_TWh","cooling.chillers.non residential","2045",12.49779717
"IEA2","cool","demand_TWh","cooling.chillers.non residential","2050",0
"IEA2","cool","demand_TWh","cooling.solarcooling.non residential","2011",0
"IEA2","cool","demand_TWh","cooling.solarcooling.non residential","2015",0
"IEA2","cool","demand_TWh","cooling.solarcooling.non residential","2020",8.962057458
"IEA2","cool","demand_TWh","cooling.solarcooling.non residential","2025",19.18145945
"IEA2","cool","demand_TWh","cooling.solarcooling.non residential","2030",30.52734036
"IEA2","cool","demand_TWh","cooling.solarcooling.non residential","2035",42.84820052
"IEA2","cool","demand_TWh","cooling.solarcooling.non residential","2040",55.95899769
"IEA2","cool","demand_TWh","cooling.solarcooling.non residential","2045",69.63058424
"IEA2","cool","demand_TWh","cooling.solarcooling.non residential","2050",83.60025481
"IEA2","cool","energy_demand_TWh","cooling.airconditioners.non residential","2011",-188.7312871
"IEA2","cool","energy_demand_TWh","cooling.airconditioners.non residential","2015",-207.3106444
"IEA2","cool","energy_demand_TWh","cooling.airconditioners.non residential","2020",-224.1893143
"IEA2","cool","energy_demand_TWh","cooling.airconditioners.non residential","2025",-240.2108922
"IEA2","cool","energy_demand_TWh","cooling.airconditioners.non residential","2030",-255.1772553
"IEA2","cool","energy_demand_TWh","cooling.airconditioners.non residential","2035",-268.9548587
"IEA2","cool","energy_demand_TWh","cooling.airconditioners.non residential","2040",-281.3446222
"IEA2","cool","energy_demand_TWh","cooling.airconditioners.non residential","2045",-292.0913739
"IEA2","cool","energy_demand_TWh","cooling.airconditioners.non residential","2050",-300.9609173
"IEA2","cool","energy_demand_TWh","cooling.chillers.non residential","2011",-35.74456195
"IEA2","cool","energy_demand_TWh","cooling.chillers.non residential","2015",-34.75034747
"IEA2","cool","energy_demand_TWh","cooling.chillers.non residential","2020",-32.17148831
"IEA2","cool","energy_demand_TWh","cooling.chillers.non residential","2025",-28.69021713
"IEA2","cool","energy_demand_TWh","cooling.chillers.non residential","2030",-24.3522943
"IEA2","cool","energy_demand_TWh","cooling.chillers.non residential","2035",-19.22675664
"IEA2","cool","energy_demand_TWh","cooling.chillers.non residential","2040",-13.39189688
"IEA2","cool","energy_demand_TWh","cooling.chillers.non residential","2045",-6.94322065
"IEA2","cool","energy_demand_TWh","cooling.chillers.non residential","2050",0
"IEA2","cool","energy_demand_TWh","cooling.solarcooling.non residential","2011",0
"IEA2","cool","energy_demand_TWh","cooling.solarcooling.non residential","2015",0
"IEA2","cool","energy_demand_TWh","cooling.solarcooling.non residential","2020",-8.962057458
"IEA2","cool","energy_demand_TWh","cooling.solarcooling.non residential","2025",-19.18145945
"IEA2","cool","energy_demand_TWh","cooling.solarcooling.non residential","2030",-30.52734036
"IEA2","cool","energy_demand_TWh","cooling.solarcooling.non residential","2035",-42.84820052
"IEA2","cool","energy_demand_TWh","cooling.solarcooling.non residential","2040",-55.95899769
"IEA2","cool","energy_demand_TWh","cooling.solarcooling.non residential","2045",-69.63058424
"IEA2","cool","energy_demand_TWh","cooling.solarcooling.non residential","2050",-83.60025481
"IEA2","cool","buildings","cooling.airconditioners.non residential","2011",1637069.168
"IEA2","cool","buildings","cooling.airconditioners.non residential","2015",1784316.895
"IEA2","cool","buildings","cooling.airconditioners.non residential","2020",1935627.263
"IEA2","cool","buildings","cooling.airconditioners.non residential","2025",2086217.014
"IEA2","cool","buildings","cooling.airconditioners.non residential","2030",2235597.704
"IEA2","cool","buildings","cooling.airconditioners.non residential","2035",2383818.242
"IEA2","cool","buildings","cooling.airconditioners.non residential","2040",2530320.242
"IEA2","cool","buildings","cooling.airconditioners.non residential","2045",2673971.569
"IEA2","cool","buildings","cooling.airconditioners.non residential","2050",2813709.279
"IEA2","cool","buildings","cooling.chillers.non residential","2011",223236.7047
"IEA2","cool","buildings","cooling.chillers.non residential","2015",215348.5908
"IEA2","cool","buildings","cooling.chillers.non residential","2020",199991.0087
"IEA2","cool","buildings","cooling.chillers.non residential","2025",179404.4115
"IEA2","cool","buildings","cooling.chillers.non residential","2030",153611.6214
"IEA2","cool","buildings","cooling.chillers.non residential","2035",122696.5272
"IEA2","cool","buildings","cooling.chillers.non residential","2040",86718.44159
"IEA2","cool","buildings","cooling.chillers.non residential","2045",45764.79459
"IEA2","cool","buildings","cooling.chillers.non residential","2050",0
"IEA2","cool","buildings","cooling.solarcooling.non residential","2011",0
"IEA2","cool","buildings","cooling.solarcooling.non residential","2015",0
"IEA2","cool","buildings","cooling.solarcooling.non residential","2020",30950.98944
"IEA2","cool","buildings","cooling.solarcooling.non residential","2025",66635.92428
"IEA2","cool","buildings","cooling.solarcooling.non residential","2030",106979.522
"IEA2","cool","buildings","cooling.solarcooling.non residential","2035",151909.986
"IEA2","cool","buildings","cooling.solarcooling.non residential","2040",201310.668
"IEA2","cool","buildings","cooling.solarcooling.non residential","2045",254975.2841
"IEA2","cool","buildings","cooling.solarcooling.non residential","2050",312634.3643
"IEA2","heat","loss","heat.loss.urban","2011",16.9
"IEA2","heat","loss","heat.loss.urban","2015",16.8
"IEA2","heat","loss","heat.loss.urban","2020",15.94285714
"IEA2","heat","loss","heat.loss.urban","2025",15.08571429
"IEA2","heat","loss","heat.loss.urban","2030",14.22857143
"IEA2","heat","loss","heat.loss.urban","2035",13.37142857
"IEA2","heat","loss","heat.loss.urban","2040",12.51428571
"IEA2","heat","loss","heat.loss.urban","2045",11.65714286
"IEA2","heat","loss","heat.loss.urban","2050",10.8
"IEA2","heat","loss","heat.loss.rural","2011",18.7
"IEA2","heat","loss","heat.loss.rural","2015",18.5
"IEA2","heat","loss","heat.loss.rural","2020",17.4
"IEA2","heat","loss","heat.loss.rural","2025",16.3
"IEA2","heat","loss","heat.loss.rural","2030",15.2
"IEA2","heat","loss","heat.loss.rural","2035",14.1
"IEA2","heat","loss","heat.loss.rural","2040",13
"IEA2","heat","loss","heat.loss.rural","2045",11.9
"IEA2","heat","loss","heat.loss.rural","2050",10.8
"IEA2","heat","loss","heat.loss.non.residential","2011",14.8
"IEA2","heat","loss","heat.loss.non.residential","2015",14.7
"IEA2","heat","loss","heat.loss.non.residential","2020",14.14285714
"IEA2","heat","loss","heat.loss.non.residential","2025",13.58571429
"IEA2","heat","loss","heat.loss.non.residential","2030",13.02857143
"IEA2","heat","loss","heat.loss.non.residential","2035",12.47142857
"IEA2","heat","loss","heat.loss.non.residential","2040",11.91428571
"IEA2","heat","loss","heat.loss.non.residential","2045",11.35714286
"IEA2","heat","loss","heat.loss.non.residential","2050",10.8
"RCP8","households",,"households.urban","2011",1361198511
"RCP8","households",,"households.urban","2015",1492866424
"RCP8","households",,"households.urban","2020",1639888768
"RCP8","households",,"households.urban","2025",1800438183
"RCP8","households",,"households.urban","2030",1959757990
"RCP8","households",,"households.urban","2035",2124586109
"RCP8","households",,"households.urban","2040",2250006638
"RCP8","households",,"households.urban","2045",2377564790
"RCP8","households",,"households.urban","2050",2550636161
"RCP8","households",,"households.urban.no.elec","2011",91521351.35
"RCP8","households",,"households.urban.no.elec","2015",85128683.41
"RCP8","households",,"households.urban.no.elec","2020",90143802.34
"RCP8","households",,"households.urban.no.elec","2025",86917705.39
"RCP8","households",,"households.urban.no.elec","2030",88056001.64
"RCP8","households",,"households.urban.no.elec","2035",88524421.21
"RCP8","households",,"households.urban.no.elec","2040",93750276.59
"RCP8","households",,"households.urban.no.elec","2045",99065199.57
"RCP8","households",,"households.urban.no.elec","2050",106276506.7
"RCP8","households",,"households.rural","2011",566888809.4
"RCP8","households",,"households.rural","2015",611614370.3
"RCP8","households",,"households.rural","2020",653289254.3
"RCP8","households",,"households.rural","2025",700267277.7
"RCP8","households",,"households.rural","2030",746091224.2
"RCP8","households",,"households.rural","2035",787822657.9
"RCP8","households",,"households.rural","2040",848836659.1
"RCP8","households",,"households.rural","2045",912335488.3
"RCP8","households",,"households.rural","2050",943295614.6
"RCP8","households",,"households.rural.no.elec","2011",266771204.4
"RCP8","households",,"households.rural.no.elec","2015",263436310.1
"RCP8","households",,"households.rural.no.elec","2020",268887256.2
"RCP8","households",,"households.rural.no.elec","2025",266671550.5
"RCP8","households",,"households.rural.no.elec","2030",262140159.9
"RCP8","households",,"households.rural.no.elec","2035",259117751.3
"RCP8","households",,"households.rural.no.elec","2040",260753744.9
"RCP8","households",,"households.rural.no.elec","2045",261086361.6
"RCP8","households",,"households.rural.no.elec","2050",266057737.4
"RCP8","space","efficiency","heater.solid.boiler.urban.space","2011",0.55
"RCP8","space","efficiency","heater.solid.boiler.urban.space","2015",0.544871795
"RCP8","space","efficiency","heater.solid.boiler.urban.space","2020",0.538461538
"RCP8","space","efficiency","heater.solid.boiler.urban.space","2025",0.532051282
"RCP8","space","efficiency","heater.solid.boiler.urban.space","2030",0.525641026
"RCP8","space","efficiency","heater.solid.boiler.urban.space","2035",0.519230769
"RCP8","space","efficiency","heater.solid.boiler.urban.space","2040",0.512820513
"RCP8","space","efficiency","heater.solid.boiler.urban.space","2045",0.506410256
"RCP8","space","efficiency","heater.solid.boiler.urban.space","2050",0.5
"RCP8","space","efficiency","heater.liquid.boiler.urban.space","2011",0.6
"RCP8","space","efficiency","heater.liquid.boiler.urban.space","2015",0.615384615
"RCP8","space","efficiency","heater.liquid.boiler.urban.space","2020",0.634615385
"RCP8","space","efficiency","heater.liquid.boiler.urban.space","2025",0.653846154
"RCP8","space","efficiency","heater.liquid.boiler.urban.space","2030",0.673076923
"RCP8","space","efficiency","heater.liquid.boiler.urban.space","2035",0.692307692
"RCP8","space","efficiency","heater.liquid.boiler.urban.space","2040",0.711538462
"RCP8","space","efficiency","heater.liquid.boiler.urban.space","2045",0.730769231
"RCP8","space","efficiency","heater.liquid.boiler.urban.space","2050",0.75
"RCP8","space","efficiency","heater.gas.boiler.urban.space","2011",0.78
"RCP8","space","efficiency","heater.gas.boiler.urban.space","2015",0.782051282
"RCP8","space","efficiency","heater.gas.boiler.urban.space","2020",0.784615385
"RCP8","space","efficiency","heater.gas.boiler.urban.space","2025",0.787179487
"RCP8","space","efficiency","heater.gas.boiler.urban.space","2030",0.78974359
"RCP8","space","efficiency","heater.gas.boiler.urban.space","2035",0.792307692
"RCP8","space","efficiency","heater.gas.boiler.urban.space","2040",0.794871795
"RCP8","space","efficiency","heater.gas.boiler.urban.space","2045",0.797435897
"RCP8","space","efficiency","heater.gas.boiler.urban.space","2050",0.8
"RCP8","space","efficiency","heater.heatpump.urban.space","2011",2
"RCP8","space","efficiency","heater.heatpump.urban.space","2015",2
"RCP8","space","efficiency","heater.heatpump.urban.space","2020",2
"RCP8","space","efficiency","heater.heatpump.urban.space","2025",2
"RCP8","space","efficiency","heater.heatpump.urban.space","2030",2
"RCP8","space","efficiency","heater.heatpump.urban.space","2035",2
"RCP8","space","efficiency","heater.heatpump.urban.space","2040",2
"RCP8","space","efficiency","heater.heatpump.urban.space","2045",2
"RCP8","space","efficiency","heater.heatpump.urban.space","2050",2
"RCP8","space","efficiency","heater.electricity.urban.space","2011",1
"RCP8","space","efficiency","heater.electricity.urban.space","2015",1
"RCP8","space","efficiency","heater.electricity.urban.space","2020",1
"RCP8","space","efficiency","heater.electricity.urban.space","2025",1
"RCP8","space","efficiency","heater.electricity.urban.space","2030",1
"RCP8","space","efficiency","heater.electricity.urban.space","2035",1
"RCP8","space","efficiency","heater.electricity.urban.space","2040",1
"RCP8","space","efficiency","heater.electricity.urban.space","2045",1
"RCP8","space","efficiency","heater.electricity.urban.space","2050",1
"RCP8","space","efficiency","heater.solar.urban.space","2011",0.4
"RCP8","space","efficiency","heater.solar.urban.space","2015",0.41025641
"RCP8","space","efficiency","heater.solar.urban.space","2020",0.423076923
"RCP8","space","efficiency","heater.solar.urban.space","2025",0.435897436
"RCP8","space","efficiency","heater.solar.urban.space","2030",0.448717949
"RCP8","space","efficiency","heater.solar.urban.space","2035",0.461538462
"RCP8","space","efficiency","heater.solar.urban.space","2040",0.474358974
"RCP8","space","efficiency","heater.solar.urban.space","2045",0.487179487
"RCP8","space","efficiency","heater.solar.urban.space","2050",0.5
"RCP8","space","efficiency","heater.solid.boiler.rural.space","2011",0.55
"RCP8","space","efficiency","heater.solid.boiler.rural.space","2015",0.544871795
"RCP8","space","efficiency","heater.solid.boiler.rural.space","2020",0.538461538
"RCP8","space","efficiency","heater.solid.boiler.rural.space","2025",0.532051282
"RCP8","space","efficiency","heater.solid.boiler.rural.space","2030",0.525641026
"RCP8","space","efficiency","heater.solid.boiler.rural.space","2035",0.519230769
"RCP8","space","efficiency","heater.solid.boiler.rural.space","2040",0.512820513
"RCP8","space","efficiency","heater.solid.boiler.rural.space","2045",0.506410256
"RCP8","space","efficiency","heater.solid.boiler.rural.space","2050",0.5
"RCP8","space","efficiency","heater.liquid.boiler.rural.space","2011",0.6
"RCP8","space","efficiency","heater.liquid.boiler.rural.space","2015",0.615384615
"RCP8","space","efficiency","heater.liquid.boiler.rural.space","2020",0.634615385
"RCP8","space","efficiency","heater.liquid.boiler.rural.space","2025",0.653846154
"RCP8","space","efficiency","heater.liquid.boiler.rural.space","2030",0.673076923
"RCP8","space","efficiency","heater.liquid.boiler.rural.space","2035",0.692307692
"RCP8","space","efficiency","heater.liquid.boiler.rural.space","2040",0.711538462
"RCP8","space","efficiency","heater.liquid.boiler.rural.space","2045",0.730769231
"RCP8","space","efficiency","heater.liquid.boiler.rural.space","2050",0.75
"RCP8","space","efficiency","heater.gas.boiler.rural.space","2011",0.78
"RCP8","space","efficiency","heater.gas.boiler.rural.space","2015",0.782051282
"RCP8","space","efficiency","heater.gas.boiler.rural.space","2020",0.784615385
"RCP8","space","efficiency","heater.gas.boiler.rural.space","2025",0.787179487
"RCP8","space","efficiency","heater.gas.boiler.rural.space","2030",0.78974359
"RCP8","space","efficiency","heater.gas.boiler.rural.space","2035",0.792307692
"RCP8","space","efficiency","heater.gas.boiler.rural.space","2040",0.794871795
"RCP8","space","efficiency","heater.gas.boiler.rural.space","2045",0.797435897
"RCP8","space","efficiency","heater.gas.boiler.rural.space","2050",0.8
"RCP8","space","efficiency","heater.heatpump.rural.space","2011",2
"RCP8","space","efficiency","heater.heatpump.rural.space","2015",2
"RCP8","space","efficiency","heater.heatpump.rural.space","2020",2
"RCP8","space","efficiency","heater.heatpump.rural.space","2025",2
"RCP8","space","efficiency","heater.heatpump.rural.space","2030",2
"RCP8","space","efficiency","heater.heatpump.rural.space","2035",2
"RCP8","space","efficiency","heater.heatpump.rural.space","2040",2
"RCP8","space","efficiency","heater.heatpump.rural.space","2045",2
"RCP8","space","efficiency","heater.heatpump.rural.space","2050",2
"RCP8","space","efficiency","heater.electricity.rural.space","2011",1
"RCP8","space","efficiency","heater.electricity.rural.space","2015",1
"RCP8","space","efficiency","heater.electricity.rural.space","2020",1
"RCP8","space","efficiency","heater.electricity.rural.space","2025",1
"RCP8","space","efficiency","heater.electricity.rural.space","2030",1
"RCP8","space","efficiency","heater.electricity.rural.space","2035",1
"RCP8","space","efficiency","heater.electricity.rural.space","2040",1
"RCP8","space","efficiency","heater.electricity.rural.space","2045",1
"RCP8","space","efficiency","heater.electricity.rural.space","2050",1
"RCP8","space","efficiency","heater.solar.rural.space","2011",0.4
"RCP8","space","efficiency","heater.solar.rural.space","2015",0.41025641
"RCP8","space","efficiency","heater.solar.rural.space","2020",0.423076923
"RCP8","space","efficiency","heater.solar.rural.space","2025",0.435897436
"RCP8","space","efficiency","heater.solar.rural.space","2030",0.448717949
"RCP8","space","efficiency","heater.solar.rural.space","2035",0.461538462
"RCP8","space","efficiency","heater.solar.rural.space","2040",0.474358974
"RCP8","space","efficiency","heater.solar.rural.space","2045",0.487179487
"RCP8","space","efficiency","heater.solar.rural.space","2050",0.5
"RCP8","space","efficiency","heater.traditionalbiomass.boiler.urban.no.elec","2011",0.3
"RCP8","space","efficiency","heater.traditionalbiomass.boiler.urban.no.elec","2015",0.3
"RCP8","space","efficiency","heater.traditionalbiomass.boiler.urban.no.elec","2020",0.3
"RCP8","space","efficiency","heater.traditionalbiomass.boiler.urban.no.elec","2025",0.3
"RCP8","space","efficiency","heater.traditionalbiomass.boiler.urban.no.elec","2030",0.3
"RCP8","space","efficiency","heater.traditionalbiomass.boiler.urban.no.elec","2035",0.3
"RCP8","space","efficiency","heater.traditionalbiomass.boiler.urban.no.elec","2040",0.3
"RCP8","space","efficiency","heater.traditionalbiomass.boiler.urban.no.elec","2045",0.3
"RCP8","space","efficiency","heater.traditionalbiomass.boiler.urban.no.elec","2050",0.3
"RCP8","space","efficiency","heater.traditionalbiomass.boiler.rural.no.elec","2011",0.3
"RCP8","space","efficiency","heater.traditionalbiomass.boiler.rural.no.elec","2015",0.3
"RCP8","space","efficiency","heater.traditionalbiomass.boiler.rural.no.elec","2020",0.3
"RCP8","space","efficiency","heater.traditionalbiomass.boiler.rural.no.elec","2025",0.3
"RCP8","space","efficiency","heater.traditionalbiomass.boiler.rural.no.elec","2030",0.3
"RCP8","space","efficiency","heater.traditionalbiomass.boiler.rural.no.elec","2035",0.3
"RCP8","space","efficiency","heater.traditionalbiomass.boiler.rural.no.elec","2040",0.3
"RCP8","space","efficiency","heater.traditionalbiomass.boiler.rural.no.elec","2045",0.3
"RCP8","space","efficiency","heater.traditionalbiomass.boiler.rural.no.elec","2050",0.3
"RCP8","space","efficiency","heater.solid.boiler.non residential.space","2011",0.55
"RCP8","space","efficiency","heater.solid.boiler.non residential.space","2015",0.544871795
"RCP8","space","efficiency","heater.solid.boiler.non residential.space","2020",0.538461538
"RCP8","space","efficiency","heater.solid.boiler.non residential.space","2025",0.532051282
"RCP8","space","efficiency","heater.solid.boiler.non residential.space","2030",0.525641026
"RCP8","space","efficiency","heater.solid.boiler.non residential.space","2035",0.519230769
"RCP8","space","efficiency","heater.solid.boiler.non residential.space","2040",0.512820513
"RCP8","space","efficiency","heater.solid.boiler.non residential.space","2045",0.506410256
"RCP8","space","efficiency","heater.solid.boiler.non residential.space","2050",0.5
"RCP8","space","efficiency","heater.liquid.boiler.non residential.space","2011",0.6
"RCP8","space","efficiency","heater.liquid.boiler.non residential.space","2015",0.615384615
"RCP8","space","efficiency","heater.liquid.boiler.non residential.space","2020",0.634615385
"RCP8","space","efficiency","heater.liquid.boiler.non residential.space","2025",0.653846154
"RCP8","space","efficiency","heater.liquid.boiler.non residential.space","2030",0.673076923
"RCP8","space","efficiency","heater.liquid.boiler.non residential.space","2035",0.692307692
"RCP8","space","efficiency","heater.liquid.boiler.non residential.space","2040",0.711538462
"RCP8","space","efficiency","heater.liquid.boiler.non residential.space","2045",0.730769231
"RCP8","space","efficiency","heater.liquid.boiler.non residential.space","2050",0.75
"RCP8","space","efficiency","heater.gas.boiler.non residential.space","2011",0.78
"RCP8","space","efficiency","heater.gas.boiler.non residential.space","2015",0.782051282
"RCP8","space","efficiency","heater.gas.boiler.non residential.space","2020",0.784615385
"RCP8","space","efficiency","heater.gas.boiler.non residential.space","2025",0.787179487
"RCP8","space","efficiency","heater.gas.boiler.non residential.space","2030",0.78974359
"RCP8","space","efficiency","heater.gas.boiler.non residential.space","2035",0.792307692
"RCP8","space","efficiency","heater.gas.boiler.non residential.space","2040",0.794871795
"RCP8","space","efficiency","heater.gas.boiler.non residential.space","2045",0.797435897
"RCP8","space","efficiency","heater.gas.boiler.non residential.space","2050",0.8
"RCP8","space","efficiency","heater.heatpump.non residential.space","2011",2
"RCP8","space","efficiency","heater.heatpump.non residential.space","2015",2
"RCP8","space","efficiency","heater.heatpump.non residential.space","2020",2
"RCP8","space","efficiency","heater.heatpump.non residential.space","2025",2
"RCP8","space","efficiency","heater.heatpump.non residential.space","2030",2
"RCP8","space","efficiency","heater.heatpump.non residential.space","2035",2
"RCP8","space","efficiency","heater.heatpump.non residential.space","2040",2
"RCP8","space","efficiency","heater.heatpump.non residential.space","2045",2
"RCP8","space","efficiency","heater.heatpump.non residential.space","2050",2
"RCP8","space","efficiency","heater.electricity.non residential.space","2011",1
"RCP8","space","efficiency","heater.electricity.non residential.space","2015",1
"RCP8","space","efficiency","heater.electricity.non residential.space","2020",1
"RCP8","space","efficiency","heater.electricity.non residential.space","2025",1
"RCP8","space","efficiency","heater.electricity.non residential.space","2030",1
"RCP8","space","efficiency","heater.electricity.non residential.space","2035",1
"RCP8","space","efficiency","heater.electricity.non residential.space","2040",1
"RCP8","space","efficiency","heater.electricity.non residential.space","2045",1
"RCP8","space","efficiency","heater.electricity.non residential.space","2050",1
"RCP8","space","efficiency","heater.solar.non residential.space","2011",0.4
"RCP8","space","efficiency","heater.solar.non residential.space","2015",0.41025641
"RCP8","space","efficiency","heater.solar.non residential.space","2020",0.423076923
"RCP8","space","efficiency","heater.solar.non residential.space","2025",0.435897436
"RCP8","space","efficiency","heater.solar.non residential.space","2030",0.448717949
"RCP8","space","efficiency","heater.solar.non residential.space","2035",0.461538462
"RCP8","space","efficiency","heater.solar.non residential.space","2040",0.474358974
"RCP8","space","efficiency","heater.solar.non residential.space","2045",0.487179487
"RCP8","space","efficiency","heater.solar.non residential.space","2050",0.5
"RCP8","water","efficiency","heater.solid.boiler.urban.water","2011",0.55
"RCP8","water","efficiency","heater.solid.boiler.urban.water","2015",0.544871795
"RCP8","water","efficiency","heater.solid.boiler.urban.water","2020",0.538461538
"RCP8","water","efficiency","heater.solid.boiler.urban.water","2025",0.532051282
"RCP8","water","efficiency","heater.solid.boiler.urban.water","2030",0.525641026
"RCP8","water","efficiency","heater.solid.boiler.urban.water","2035",0.519230769
"RCP8","water","efficiency","heater.solid.boiler.urban.water","2040",0.512820513
"RCP8","water","efficiency","heater.solid.boiler.urban.water","2045",0.506410256
"RCP8","water","efficiency","heater.solid.boiler.urban.water","2050",0.5
"RCP8","water","efficiency","heater.liquid.boiler.urban.water","2011",0.6
"RCP8","water","efficiency","heater.liquid.boiler.urban.water","2015",0.615384615
"RCP8","water","efficiency","heater.liquid.boiler.urban.water","2020",0.634615385
"RCP8","water","efficiency","heater.liquid.boiler.urban.water","2025",0.653846154
"RCP8","water","efficiency","heater.liquid.boiler.urban.water","2030",0.673076923
"RCP8","water","efficiency","heater.liquid.boiler.urban.water","2035",0.692307692
"RCP8","water","efficiency","heater.liquid.boiler.urban.water","2040",0.711538462
"RCP8","water","efficiency","heater.liquid.boiler.urban.water","2045",0.730769231
"RCP8","water","efficiency","heater.liquid.boiler.urban.water","2050",0.75
"RCP8","water","efficiency","heater.gas.boiler.urban.water","2011",0.78
"RCP8","water","efficiency","heater.gas.boiler.urban.water","2015",0.782051282
"RCP8","water","efficiency","heater.gas.boiler.urban.water","2020",0.784615385
"RCP8","water","efficiency","heater.gas.boiler.urban.water","2025",0.787179487
"RCP8","water","efficiency","heater.gas.boiler.urban.water","2030",0.78974359
"RCP8","water","efficiency","heater.gas.boiler.urban.water","2035",0.792307692
"RCP8","water","efficiency","heater.gas.boiler.urban.water","2040",0.794871795
"RCP8","water","efficiency","heater.gas.boiler.urban.water","2045",0.797435897
"RCP8","water","efficiency","heater.gas.boiler.urban.water","2050",0.8
"RCP8","water","efficiency","heater.heatpump.urban.water","2011",2
"RCP8","water","efficiency","heater.heatpump.urban.water","2015",2
"RCP8","water","efficiency","heater.heatpump.urban.water","2020",2
"RCP8","water","efficiency","heater.heatpump.urban.water","2025",2
"RCP8","water","efficiency","heater.heatpump.urban.water","2030",2
"RCP8","water","efficiency","heater.heatpump.urban.water","2035",2
"RCP8","water","efficiency","heater.heatpump.urban.water","2040",2
"RCP8","water","efficiency","heater.heatpump.urban.water","2045",2
"RCP8","water","efficiency","heater.heatpump.urban.water","2050",2
"RCP8","water","efficiency","heater.electricity.urban.water","2011",1
"RCP8","water","efficiency","heater.electricity.urban.water","2015",1
"RCP8","water","efficiency","heater.electricity.urban.water","2020",1
"RCP8","water","efficiency","heater.electricity.urban.water","2025",1
"RCP8","water","efficiency","heater.electricity.urban.water","2030",1
"RCP8","water","efficiency","heater.electricity.urban.water","2035",1
"RCP8","water","efficiency","heater.electricity.urban.water","2040",1
"RCP8","water","efficiency","heater.electricity.urban.water","2045",1
"RCP8","water","efficiency","heater.electricity.urban.water","2050",1
"RCP8","water","efficiency","heater.solar.urban.water","2011",0.4
"RCP8","water","efficiency","heater.solar.urban.water","2015",0.41025641
"RCP8","water","efficiency","heater.solar.urban.water","2020",0.423076923
"RCP8","water","efficiency","heater.solar.urban.water","2025",0.435897436
"RCP8","water","efficiency","heater.solar.urban.water","2030",0.448717949
"RCP8","water","efficiency","heater.solar.urban.water","2035",0.461538462
"RCP8","water","efficiency","heater.solar.urban.water","2040",0.474358974
"RCP8","water","efficiency","heater.solar.urban.water","2045",0.487179487
"RCP8","water","efficiency","heater.solar.urban.water","2050",0.5
"RCP8","water","efficiency","heater.solid.boiler.rural.water","2011",0.55
"RCP8","water","efficiency","heater.solid.boiler.rural.water","2015",0.544871795
"RCP8","water","efficiency","heater.solid.boiler.rural.water","2020",0.538461538
"RCP8","water","efficiency","heater.solid.boiler.rural.water","2025",0.532051282
"RCP8","water","efficiency","heater.solid.boiler.rural.water","2030",0.525641026
"RCP8","water","efficiency","heater.solid.boiler.rural.water","2035",0.519230769
"RCP8","water","efficiency","heater.solid.boiler.rural.water","2040",0.512820513
"RCP8","water","efficiency","heater.solid.boiler.rural.water","2045",0.506410256
"RCP8","water","efficiency","heater.solid.boiler.rural.water","2050",0.5
"RCP8","water","efficiency","heater.liquid.boiler.rural.water","2011",0.6
"RCP8","water","efficiency","heater.liquid.boiler.rural.water","2015",0.615384615
"RCP8","water","efficiency","heater.liquid.boiler.rural.water","2020",0.634615385
"RCP8","water","efficiency","heater.liquid.boiler.rural.water","2025",0.653846154
"RCP8","water","efficiency","heater.liquid.boiler.rural.water","2030",0.673076923
"RCP8","water","efficiency","heater.liquid.boiler.rural.water","2035",0.692307692
"RCP8","water","efficiency","heater.liquid.boiler.rural.water","2040",0.711538462
"RCP8","water","efficiency","heater.liquid.boiler.rural.water","2045",0.730769231
"RCP8","water","efficiency","heater.liquid.boiler.rural.water","2050",0.75
"RCP8","water","efficiency","heater.gas.boiler.rural.water","2011",0.78
"RCP8","water","efficiency","heater.gas.boiler.rural.water","2015",0.782051282
"RCP8","water","efficiency","heater.gas.boiler.rural.water","2020",0.784615385
"RCP8","water","efficiency","heater.gas.boiler.rural.water","2025",0.787179487
"RCP8","water","efficiency","heater.gas.boiler.rural.water","2030",0.78974359
"RCP8","water","efficiency","heater.gas.boiler.rural.water","2035",0.792307692
"RCP8","water","efficiency","heater.gas.boiler.rural.water","2040",0.794871795
"RCP8","water","efficiency","heater.gas.boiler.rural.water","2045",0.797435897
"RCP8","water","efficiency","heater.gas.boiler.rural.water","2050",0.8
"RCP8","water","efficiency","heater.heatpump.rural.water","2011",2
"RCP8","water","efficiency","heater.heatpump.rural.water","2015",2
"RCP8","water","efficiency","heater.heatpump.rural.water","2020",2
"RCP8","water","efficiency","heater.heatpump.rural.water","2025",2
"RCP8","water","efficiency","heater.heatpump.rural.water","2030",2
"RCP8","water","efficiency","heater.heatpump.rural.water","2035",2
"RCP8","water","efficiency","heater.heatpump.rural.water","2040",2
"RCP8","water","efficiency","heater.heatpump.rural.water","2045",2
"RCP8","water","efficiency","heater.heatpump.rural.water","2050",2
"RCP8","water","efficiency","heater.electricity.rural.water","2011",1
"RCP8","water","efficiency","heater.electricity.rural.water","2015",1
"RCP8","water","efficiency","heater.electricity.rural.water","2020",1
"RCP8","water","efficiency","heater.electricity.rural.water","2025",1
"RCP8","water","efficiency","heater.electricity.rural.water","2030",1
"RCP8","water","efficiency","heater.electricity.rural.water","2035",1
"RCP8","water","efficiency","heater.electricity.rural.water","2040",1
"RCP8","water","efficiency","heater.electricity.rural.water","2045",1
"RCP8","water","efficiency","heater.electricity.rural.water","2050",1
"RCP8","water","efficiency","heater.solar.rural.water","2011",0.4
"RCP8","water","efficiency","heater.solar.rural.water","2015",0.41025641
"RCP8","water","efficiency","heater.solar.rural.water","2020",0.423076923
"RCP8","water","efficiency","heater.solar.rural.water","2025",0.435897436
"RCP8","water","efficiency","heater.solar.rural.water","2030",0.448717949
"RCP8","water","efficiency","heater.solar.rural.water","2035",0.461538462
"RCP8","water","efficiency","heater.solar.rural.water","2040",0.474358974
"RCP8","water","efficiency","heater.solar.rural.water","2045",0.487179487
"RCP8","water","efficiency","heater.solar.rural.water","2050",0.5
"RCP8","cool","efficiency","cooling.airconditioners.urban","2011",2
"RCP8","cool","efficiency","cooling.airconditioners.urban","2015",2
"RCP8","cool","efficiency","cooling.airconditioners.urban","2020",2
"RCP8","cool","efficiency","cooling.airconditioners.urban","2025",2
"RCP8","cool","efficiency","cooling.airconditioners.urban","2030",2
"RCP8","cool","efficiency","cooling.airconditioners.urban","2035",2
"RCP8","cool","efficiency","cooling.airconditioners.urban","2040",2
"RCP8","cool","efficiency","cooling.airconditioners.urban","2045",2
"RCP8","cool","efficiency","cooling.airconditioners.urban","2050",2
"RCP8","cool","efficiency","cooling.chillers.urban","2011",1.8
"RCP8","cool","efficiency","cooling.chillers.urban","2015",1.8
"RCP8","cool","efficiency","cooling.chillers.urban","2020",1.8
"RCP8","cool","efficiency","cooling.chillers.urban","2025",1.8
"RCP8","cool","efficiency","cooling.chillers.urban","2030",1.8
"RCP8","cool","efficiency","cooling.chillers.urban","2035",1.8
"RCP8","cool","efficiency","cooling.chillers.urban","2040",1.8
"RCP8","cool","efficiency","cooling.chillers.urban","2045",1.8
"RCP8","cool","efficiency","cooling.chillers.urban","2050",1.8
"RCP8","cool","efficiency","cooling.solarcooling.urban","2011",1
"RCP8","cool","efficiency","cooling.solarcooling.urban","2015",1
"RCP8","cool","efficiency","cooling.solarcooling.urban","2020",1
"RCP8","cool","efficiency","cooling.solarcooling.urban","2025",1
"RCP8","cool","efficiency","cooling.solarcooling.urban","2030",1
"RCP8","cool","efficiency","cooling.solarcooling.urban","2035",1
"RCP8","cool","efficiency","cooling.solarcooling.urban","2040",1
"RCP8","cool","efficiency","cooling.solarcooling.urban","2045",1
"RCP8","cool","efficiency","cooling.solarcooling.urban","2050",1
"RCP8","cool","efficiency","cooling.airconditioners.rural","2011",2
"RCP8","cool","efficiency","cooling.airconditioners.rural","2015",2
"RCP8","cool","efficiency","cooling.airconditioners.rural","2020",2
"RCP8","cool","efficiency","cooling.airconditioners.rural","2025",2
"RCP8","cool","efficiency","cooling.airconditioners.rural","2030",2
"RCP8","cool","efficiency","cooling.airconditioners.rural","2035",2
"RCP8","cool","efficiency","cooling.airconditioners.rural","2040",2
"RCP8","cool","efficiency","cooling.airconditioners.rural","2045",2
"RCP8","cool","efficiency","cooling.airconditioners.rural","2050",2
"RCP8","cool","efficiency","cooling.chillers.rural","2011",1.8
"RCP8","cool","efficiency","cooling.chillers.rural","2015",1.8
"RCP8","cool","efficiency","cooling.chillers.rural","2020",1.8
"RCP8","cool","efficiency","cooling.chillers.rural","2025",1.8
"RCP8","cool","efficiency","cooling.chillers.rural","2030",1.8
"RCP8","cool","efficiency","cooling.chillers.rural","2035",1.8
"RCP8","cool","efficiency","cooling.chillers.rural","2040",1.8
"RCP8","cool","efficiency","cooling.chillers.rural","2045",1.8
"RCP8","cool","efficiency","cooling.chillers.rural","2050",1.8
"RCP8","cool","efficiency","cooling.solarcooling.rural","2011",1
"RCP8","cool","efficiency","cooling.solarcooling.rural","2015",1
"RCP8","cool","efficiency","cooling.solarcooling.rural","2020",1
"RCP8","cool","efficiency","cooling.solarcooling.rural","2025",1
"RCP8","cool","efficiency","cooling.solarcooling.rural","2030",1
"RCP8","cool","efficiency","cooling.solarcooling.rural","2035",1
"RCP8","cool","efficiency","cooling.solarcooling.rural","2040",1
"RCP8","cool","efficiency","cooling.solarcooling.rural","2045",1
"RCP8","cool","efficiency","cooling.solarcooling.rural","2050",1
"RCP8","cool","efficiency","cooling.airconditioners.non residential","2011",2.5
"RCP8","cool","efficiency","cooling.airconditioners.non residential","2015",2.5
"RCP8","cool","efficiency","cooling.airconditioners.non residential","2020",2.5
"RCP8","cool","efficiency","cooling.airconditioners.non residential","2025",2.5
"RCP8","cool","efficiency","cooling.airconditioners.non residential","2030",2.5
"RCP8","cool","efficiency","cooling.airconditioners.non residential","2035",2.5
"RCP8","cool","efficiency","cooling.airconditioners.non residential","2040",2.5
"RCP8","cool","efficiency","cooling.airconditioners.non residential","2045",2.5
"RCP8","cool","efficiency","cooling.airconditioners.non residential","2050",2.5
"RCP8","cool","efficiency","cooling.chillers.non residential","2011",1.8
"RCP8","cool","efficiency","cooling.chillers.non residential","2015",1.8
"RCP8","cool","efficiency","cooling.chillers.non residential","2020",1.8
"RCP8","cool","efficiency","cooling.chillers.non residential","2025",1.8
"RCP8","cool","efficiency","cooling.chillers.non residential","2030",1.8
"RCP8","cool","efficiency","cooling.chillers.non residential","2035",1.8
"RCP8","cool","efficiency","cooling.chillers.non residential","2040",1.8
"RCP8","cool","efficiency","cooling.chillers.non residential","2045",1.8
"RCP8","cool","efficiency","cooling.chillers.non residential","2050",1.8
"RCP8","cool","efficiency","cooling.solarcooling.non residential","2011",1
"RCP8","cool","efficiency","cooling.solarcooling.non residential","2015",1
"RCP8","cool","efficiency","cooling.solarcooling.non residential","2020",1
"RCP8","cool","efficiency","cooling.solarcooling.non residential","2025",1
"RCP8","cool","efficiency","cooling.solarcooling.non residential","2030",1
"RCP8","cool","efficiency","cooling.solarcooling.non residential","2035",1
"RCP8","cool","efficiency","cooling.solarcooling.non residential","2040",1
"RCP8","cool","efficiency","cooling.solarcooling.non residential","2045",1
"RCP8","cool","efficiency","cooling.solarcooling.non residential","2050",1
"RCP8","cook","efficiency","cooker.traditionalbiomass.stoves.urban","2011",0.3
"RCP8","cook","efficiency","cooker.traditionalbiomass.stoves.urban","2015",0.335897436
"RCP8","cook","efficiency","cooker.traditionalbiomass.stoves.urban","2020",0.380769231
"RCP8","cook","efficiency","cooker.traditionalbiomass.stoves.urban","2025",0.425641026
"RCP8","cook","efficiency","cooker.traditionalbiomass.stoves.urban","2030",0.470512821
"RCP8","cook","efficiency","cooker.traditionalbiomass.stoves.urban","2035",0.515384615
"RCP8","cook","efficiency","cooker.traditionalbiomass.stoves.urban","2040",0.56025641
"RCP8","cook","efficiency","cooker.traditionalbiomass.stoves.urban","2045",0.605128205
"RCP8","cook","efficiency","cooker.traditionalbiomass.stoves.urban","2050",0.65
"RCP8","cook","efficiency","cooker.traditionalbiomass.stoves.urban.no.elec","2011",0.3
"RCP8","cook","efficiency","cooker.traditionalbiomass.stoves.urban.no.elec","2015",0.320512821
"RCP8","cook","efficiency","cooker.traditionalbiomass.stoves.urban.no.elec","2020",0.346153846
"RCP8","cook","efficiency","cooker.traditionalbiomass.stoves.urban.no.elec","2025",0.371794872
"RCP8","cook","efficiency","cooker.traditionalbiomass.stoves.urban.no.elec","2030",0.397435897
"RCP8","cook","efficiency","cooker.traditionalbiomass.stoves.urban.no.elec","2035",0.423076923
"RCP8","cook","efficiency","cooker.traditionalbiomass.stoves.urban.no.elec","2040",0.448717949
"RCP8","cook","efficiency","cooker.traditionalbiomass.stoves.urban.no.elec","2045",0.474358974
"RCP8","cook","efficiency","cooker.traditionalbiomass.stoves.urban.no.elec","2050",0.5
"RCP8","cook","efficiency","cooker.traditionalbiomass.stoves.rural","2011",0.3
"RCP8","cook","efficiency","cooker.traditionalbiomass.stoves.rural","2015",0.335897436
"RCP8","cook","efficiency","cooker.traditionalbiomass.stoves.rural","2020",0.380769231
"RCP8","cook","efficiency","cooker.traditionalbiomass.stoves.rural","2025",0.425641026
"RCP8","cook","efficiency","cooker.traditionalbiomass.stoves.rural","2030",0.470512821
"RCP8","cook","efficiency","cooker.traditionalbiomass.stoves.rural","2035",0.515384615
"RCP8","cook","efficiency","cooker.traditionalbiomass.stoves.rural","2040",0.56025641
"RCP8","cook","efficiency","cooker.traditionalbiomass.stoves.rural","2045",0.605128205
"RCP8","cook","efficiency","cooker.traditionalbiomass.stoves.rural","2050",0.65
"RCP8","cook","efficiency","cooker.traditionalbiomass.stoves.rural.no.elec","2011",0.3
"RCP8","cook","efficiency","cooker.traditionalbiomass.stoves.rural.no.elec","2015",0.320512821
"RCP8","cook","efficiency","cooker.traditionalbiomass.stoves.rural.no.elec","2020",0.346153846
"RCP8","cook","efficiency","cooker.traditionalbiomass.stoves.rural.no.elec","2025",0.371794872
"RCP8","cook","efficiency","cooker.traditionalbiomass.stoves.rural.no.elec","2030",0.397435897
"RCP8","cook","efficiency","cooker.traditionalbiomass.stoves.rural.no.elec","2035",0.423076923
"RCP8","cook","efficiency","cooker.traditionalbiomass.stoves.rural.no.elec","2040",0.448717949
"RCP8","cook","efficiency","cooker.traditionalbiomass.stoves.rural.no.elec","2045",0.474358974
"RCP8","cook","efficiency","cooker.traditionalbiomass.stoves.rural.no.elec","2050",0.5
"RCP8","space","heat_demand_TWh","heater.solid.boiler.urban.space","2011",211.7905988
"RCP8","space","heat_demand_TWh","heater.solid.boiler.urban.space","2015",215.8110686
"RCP8","space","heat_demand_TWh","heater.solid.boiler.urban.space","2020",211.6423034
"RCP8","space","heat_demand_TWh","heater.solid.boiler.urban.space","2025",204.4406729
"RCP8","space","heat_demand_TWh","heater.solid.boiler.urban.space","2030",192.3162781
"RCP8","space","heat_demand_TWh","heater.solid.boiler.urban.space","2035",176.1373323
"RCP8","space","heat_demand_TWh","heater.solid.boiler.urban.space","2040",152.9257322
"RCP8","space","heat_demand_TWh","heater.solid.boiler.urban.space","2045",127.0189752
"RCP8","space","heat_demand_TWh","heater.solid.boiler.urban.space","2050",100.4496634
"RCP8","space","heat_demand_TWh","heater.liquid.boiler.urban.space","2011",423.5811976
"RCP8","space","heat_demand_TWh","heater.liquid.boiler.urban.space","2015",465.7424643
"RCP8","space","heat_demand_TWh","heater.liquid.boiler.urban.space","2020",506.8276213
"RCP8","space","heat_demand_TWh","heater.liquid.boiler.urban.space","2025",549.8749132
"RCP8","space","heat_demand_TWh","heater.liquid.boiler.urban.space","2030",589.9139768
"RCP8","space","heat_demand_TWh","heater.liquid.boiler.urban.space","2035",628.568519
"RCP8","space","heat_demand_TWh","heater.liquid.boiler.urban.space","2040",652.3238265
"RCP8","space","heat_demand_TWh","heater.liquid.boiler.urban.space","2045",673.3238881
"RCP8","space","heat_demand_TWh","heater.liquid.boiler.urban.space","2050",703.1476438
"RCP8","space","heat_demand_TWh","heater.gas.boiler.urban.space","2011",1664.068991
"RCP8","space","heat_demand_TWh","heater.gas.boiler.urban.space","2015",1829.702538
"RCP8","space","heat_demand_TWh","heater.gas.boiler.urban.space","2020",1991.108512
"RCP8","space","heat_demand_TWh","heater.gas.boiler.urban.space","2025",2160.222873
"RCP8","space","heat_demand_TWh","heater.gas.boiler.urban.space","2030",2317.519195
"RCP8","space","heat_demand_TWh","heater.gas.boiler.urban.space","2035",2469.376325
"RCP8","space","heat_demand_TWh","heater.gas.boiler.urban.space","2040",2562.700747
"RCP8","space","heat_demand_TWh","heater.gas.boiler.urban.space","2045",2645.200989
"RCP8","space","heat_demand_TWh","heater.gas.boiler.urban.space","2050",2762.365744
"RCP8","space","heat_demand_TWh","heater.heatpump.urban.space","2011",60.51159966
"RCP8","space","heat_demand_TWh","heater.heatpump.urban.space","2015",66.53463776
"RCP8","space","heat_demand_TWh","heater.heatpump.urban.space","2020",72.4039459
"RCP8","space","heat_demand_TWh","heater.heatpump.urban.space","2025",78.55355903
"RCP8","space","heat_demand_TWh","heater.heatpump.urban.space","2030",84.27342526
"RCP8","space","heat_demand_TWh","heater.heatpump.urban.space","2035",89.79550272
"RCP8","space","heat_demand_TWh","heater.heatpump.urban.space","2040",93.18911807
"RCP8","space","heat_demand_TWh","heater.heatpump.urban.space","2045",96.18912687
"RCP8","space","heat_demand_TWh","heater.heatpump.urban.space","2050",100.4496634
"RCP8","space","heat_demand_TWh","heater.electricity.urban.space","2011",90.76739948
"RCP8","space","heat_demand_TWh","heater.electricity.urban.space","2015",116.8621202
"RCP8","space","heat_demand_TWh","heater.electricity.urban.space","2020",150.3774261
"RCP8","space","heat_demand_TWh","heater.electricity.urban.space","2025",188.3271223
"RCP8","space","heat_demand_TWh","heater.electricity.urban.space","2030",229.0508481
"RCP8","space","heat_demand_TWh","heater.electricity.urban.space","2035",272.8401813
"RCP8","space","heat_demand_TWh","heater.electricity.urban.space","2040",313.0198581
"RCP8","space","heat_demand_TWh","heater.electricity.urban.space","2045",353.9266591
"RCP8","space","heat_demand_TWh","heater.electricity.urban.space","2050",401.7986536
"RCP8","space","heat_demand_TWh","heater.solar.urban.space","2011",0
"RCP8","space","heat_demand_TWh","heater.solar.urban.space","2015",0
"RCP8","space","heat_demand_TWh","heater.solar.urban.space","2020",0
"RCP8","space","heat_demand_TWh","heater.solar.urban.space","2025",0
"RCP8","space","heat_demand_TWh","heater.solar.urban.space","2030",0
"RCP8","space","heat_demand_TWh","heater.solar.urban.space","2035",0
"RCP8","space","heat_demand_TWh","heater.solar.urban.space","2040",0
"RCP8","space","heat_demand_TWh","heater.solar.urban.space","2045",0
"RCP8","space","heat_demand_TWh","heater.solar.urban.space","2050",0
"RCP8","space","heat_demand_TWh","heater.microchp.urban.space","2011",60.51159966
"RCP8","space","heat_demand_TWh","heater.microchp.urban.space","2015",66.53463776
"RCP8","space","heat_demand_TWh","heater.microchp.urban.space","2020",72.4039459
"RCP8","space","heat_demand_TWh","heater.microchp.urban.space","2025",78.55355903
"RCP8","space","heat_demand_TWh","heater.microchp.urban.space","2030",84.27342526
"RCP8","space","heat_demand_TWh","heater.microchp.urban.space","2035",89.79550272
"RCP8","space","heat_demand_TWh","heater.microchp.urban.space","2040",93.18911807
"RCP8","space","heat_demand_TWh","heater.microchp.urban.space","2045",96.18912687
"RCP8","space","heat_demand_TWh","heater.microchp.urban.space","2050",100.4496634
"RCP8","space","heat_demand_TWh","heater.districtheating.urban.space","2011",514.3485971
"RCP8","space","heat_demand_TWh","heater.districtheating.urban.space","2015",565.544421
"RCP8","space","heat_demand_TWh","heater.districtheating.urban.space","2020",615.4335401
"RCP8","space","heat_demand_TWh","heater.districtheating.urban.space","2025",667.7052518
"RCP8","space","heat_demand_TWh","heater.districtheating.urban.space","2030",716.3241147
"RCP8","space","heat_demand_TWh","heater.districtheating.urban.space","2035",763.2617731
"RCP8","space","heat_demand_TWh","heater.districtheating.urban.space","2040",792.1075036
"RCP8","space","heat_demand_TWh","heater.districtheating.urban.space","2045",817.6075784
"RCP8","space","heat_demand_TWh","heater.districtheating.urban.space","2050",853.8221389
"RCP8","space","heat_demand_TWh","heater.solid.boiler.rural.space","2011",283.6595771
"RCP8","space","heat_demand_TWh","heater.solid.boiler.rural.space","2015",308.264425
"RCP8","space","heat_demand_TWh","heater.solid.boiler.rural.space","2020",326.1251617
"RCP8","space","heat_demand_TWh","heater.solid.boiler.rural.space","2025",344.0757338
"RCP8","space","heat_demand_TWh","heater.solid.boiler.rural.space","2030",358.4921629
"RCP8","space","heat_demand_TWh","heater.solid.boiler.rural.space","2035",367.6818116
"RCP8","space","heat_demand_TWh","heater.solid.boiler.rural.space","2040",382.0436513
"RCP8","space","heat_demand_TWh","heater.solid.boiler.rural.space","2045",392.9692405
"RCP8","space","heat_demand_TWh","heater.solid.boiler.rural.space","2050",385.6162994
"RCP8","space","heat_demand_TWh","heater.liquid.boiler.rural.space","2011",55.34821017
"RCP8","space","heat_demand_TWh","heater.liquid.boiler.rural.space","2015",61.58708682
"RCP8","space","heat_demand_TWh","heater.liquid.boiler.rural.space","2020",67.16240954
"RCP8","space","heat_demand_TWh","heater.liquid.boiler.rural.space","2025",73.11121155
"RCP8","space","heat_demand_TWh","heater.liquid.boiler.rural.space","2030",78.67495065
"RCP8","space","heat_demand_TWh","heater.liquid.boiler.rural.space","2035",83.43034561
"RCP8","space","heat_demand_TWh","heater.liquid.boiler.rural.space","2040",89.73471961
"RCP8","space","heat_demand_TWh","heater.liquid.boiler.rural.space","2045",95.66169288
"RCP8","space","heat_demand_TWh","heater.liquid.boiler.rural.space","2050",97.41885459
"RCP8","space","heat_demand_TWh","heater.gas.boiler.rural.space","2011",115.3087712
"RCP8","space","heat_demand_TWh","heater.gas.boiler.rural.space","2015",128.3064309
"RCP8","space","heat_demand_TWh","heater.gas.boiler.rural.space","2020",139.9216865
"RCP8","space","heat_demand_TWh","heater.gas.boiler.rural.space","2025",152.3150241
"RCP8","space","heat_demand_TWh","heater.gas.boiler.rural.space","2030",163.9061472
"RCP8","space","heat_demand_TWh","heater.gas.boiler.rural.space","2035",173.81322
"RCP8","space","heat_demand_TWh","heater.gas.boiler.rural.space","2040",186.9473325
"RCP8","space","heat_demand_TWh","heater.gas.boiler.rural.space","2045",199.2951935
"RCP8","space","heat_demand_TWh","heater.gas.boiler.rural.space","2050",202.9559471
"RCP8","space","heat_demand_TWh","heater.heatpump.rural.space","2011",2.306175424
"RCP8","space","heat_demand_TWh","heater.heatpump.rural.space","2015",2.566128618
"RCP8","space","heat_demand_TWh","heater.heatpump.rural.space","2020",2.798433731
"RCP8","space","heat_demand_TWh","heater.heatpump.rural.space","2025",3.046300481
"RCP8","space","heat_demand_TWh","heater.heatpump.rural.space","2030",3.278122944
"RCP8","space","heat_demand_TWh","heater.heatpump.rural.space","2035",3.4762644
"RCP8","space","heat_demand_TWh","heater.heatpump.rural.space","2040",3.73894665
"RCP8","space","heat_demand_TWh","heater.heatpump.rural.space","2045",3.98590387
"RCP8","space","heat_demand_TWh","heater.heatpump.rural.space","2050",4.059118941
"RCP8","space","heat_demand_TWh","heater.electricity.rural.space","2011",4.612350847
"RCP8","space","heat_demand_TWh","heater.electricity.rural.space","2015",12.50165224
"RCP8","space","heat_demand_TWh","heater.electricity.rural.space","2020",23.67905464
"RCP8","space","heat_demand_TWh","heater.electricity.rural.space","2025",36.71182631
"RCP8","space","heat_demand_TWh","heater.electricity.rural.space","2030",51.27320502
"RCP8","space","heat_demand_TWh","heater.electricity.rural.space","2035",66.85123847
"RCP8","space","heat_demand_TWh","heater.electricity.rural.space","2040",85.32467997
"RCP8","space","heat_demand_TWh","heater.electricity.rural.space","2045",105.2687432
"RCP8","space","heat_demand_TWh","heater.electricity.rural.space","2050",121.7735682
"RCP8","space","heat_demand_TWh","heater.solar.rural.space","2011",0
"RCP8","space","heat_demand_TWh","heater.solar.rural.space","2015",0
"RCP8","space","heat_demand_TWh","heater.solar.rural.space","2020",0
"RCP8","space","heat_demand_TWh","heater.solar.rural.space","2025",0
"RCP8","space","heat_demand_TWh","heater.solar.rural.space","2030",0
"RCP8","space","heat_demand_TWh","heater.solar.rural.space","2035",0
"RCP8","space","heat_demand_TWh","heater.solar.rural.space","2040",0
"RCP8","space","heat_demand_TWh","heater.solar.rural.space","2045",0
"RCP8","space","heat_demand_TWh","heater.solar.rural.space","2050",0
"RCP8","space","heat_demand_TWh","heater.microchp.rural.space","2011",0
"RCP8","space","heat_demand_TWh","heater.microchp.rural.space","2015",0
"RCP8","space","heat_demand_TWh","heater.microchp.rural.space","2020",0
"RCP8","space","heat_demand_TWh","heater.microchp.rural.space","2025",0
"RCP8","space","heat_demand_TWh","heater.microchp.rural.space","2030",0
"RCP8","space","heat_demand_TWh","heater.microchp.rural.space","2035",0
"RCP8","space","heat_demand_TWh","heater.microchp.rural.space","2040",0
"RCP8","space","heat_demand_TWh","heater.microchp.rural.space","2045",0
"RCP8","space","heat_demand_TWh","heater.microchp.rural.space","2050",0
"RCP8","space","heat_demand_TWh","heater.districtheating.rural.space","2011",0
"RCP8","space","heat_demand_TWh","heater.districtheating.rural.space","2015",0
"RCP8","space","heat_demand_TWh","heater.districtheating.rural.space","2020",0
"RCP8","space","heat_demand_TWh","heater.districtheating.rural.space","2025",0
"RCP8","space","heat_demand_TWh","heater.districtheating.rural.space","2030",0
"RCP8","space","heat_demand_TWh","heater.districtheating.rural.space","2035",0
"RCP8","space","heat_demand_TWh","heater.districtheating.rural.space","2040",0
"RCP8","space","heat_demand_TWh","heater.districtheating.rural.space","2045",0
"RCP8","space","heat_demand_TWh","heater.districtheating.rural.space","2050",0
"RCP8","space","energy_demand_TWh","heater.solid.boiler.urban.space","2011",-385.073816
"RCP8","space","energy_demand_TWh","heater.solid.boiler.urban.space","2015",-396.0767848
"RCP8","space","energy_demand_TWh","heater.solid.boiler.urban.space","2020",-393.049992
"RCP8","space","energy_demand_TWh","heater.solid.boiler.urban.space","2025",-384.2499394
"RCP8","space","energy_demand_TWh","heater.solid.boiler.urban.space","2030",-365.8699926
"RCP8","space","energy_demand_TWh","heater.solid.boiler.urban.space","2035",-339.2274547
"RCP8","space","energy_demand_TWh","heater.solid.boiler.urban.space","2040",-298.2051778
"RCP8","space","energy_demand_TWh","heater.solid.boiler.urban.space","2045",-250.8222802
"RCP8","space","energy_demand_TWh","heater.solid.boiler.urban.space","2050",-200.8993268
"RCP8","space","energy_demand_TWh","heater.liquid.boiler.urban.space","2011",-705.9686627
"RCP8","space","energy_demand_TWh","heater.liquid.boiler.urban.space","2015",-756.8315045
"RCP8","space","energy_demand_TWh","heater.liquid.boiler.urban.space","2020",-798.6374638
"RCP8","space","energy_demand_TWh","heater.liquid.boiler.urban.space","2025",-840.9851614
"RCP8","space","energy_demand_TWh","heater.liquid.boiler.urban.space","2030",-876.4436227
"RCP8","space","energy_demand_TWh","heater.liquid.boiler.urban.space","2035",-907.9323053
"RCP8","space","energy_demand_TWh","heater.liquid.boiler.urban.space","2040",-916.7794319
"RCP8","space","energy_demand_TWh","heater.liquid.boiler.urban.space","2045",-921.3905837
"RCP8","space","energy_demand_TWh","heater.liquid.boiler.urban.space","2050",-937.5301918
"RCP8","space","energy_demand_TWh","heater.gas.boiler.urban.space","2011",-2133.421783
"RCP8","space","energy_demand_TWh","heater.gas.boiler.urban.space","2015",-2339.619639
"RCP8","space","energy_demand_TWh","heater.gas.boiler.urban.space","2020",-2537.687319
"RCP8","space","energy_demand_TWh","heater.gas.boiler.urban.space","2025",-2744.25707
"RCP8","space","energy_demand_TWh","heater.gas.boiler.urban.space","2030",-2934.521058
"RCP8","space","energy_demand_TWh","heater.gas.boiler.urban.space","2035",-3116.688565
"RCP8","space","energy_demand_TWh","heater.gas.boiler.urban.space","2040",-3224.042875
"RCP8","space","energy_demand_TWh","heater.gas.boiler.urban.space","2045",-3317.133073
"RCP8","space","energy_demand_TWh","heater.gas.boiler.urban.space","2050",-3452.957179
"RCP8","space","energy_demand_TWh","heater.heatpump.urban.space","2011",-30.25579983
"RCP8","space","energy_demand_TWh","heater.heatpump.urban.space","2015",-33.26731888
"RCP8","space","energy_demand_TWh","heater.heatpump.urban.space","2020",-36.20197295
"RCP8","space","energy_demand_TWh","heater.heatpump.urban.space","2025",-39.27677952
"RCP8","space","energy_demand_TWh","heater.heatpump.urban.space","2030",-42.13671263
"RCP8","space","energy_demand_TWh","heater.heatpump.urban.space","2035",-44.89775136
"RCP8","space","energy_demand_TWh","heater.heatpump.urban.space","2040",-46.59455904
"RCP8","space","energy_demand_TWh","heater.heatpump.urban.space","2045",-48.09456343
"RCP8","space","energy_demand_TWh","heater.heatpump.urban.space","2050",-50.2248317
"RCP8","space","energy_demand_TWh","heater.electricity.urban.space","2011",-90.76739948
"RCP8","space","energy_demand_TWh","heater.electricity.urban.space","2015",-116.8621202
"RCP8","space","energy_demand_TWh","heater.electricity.urban.space","2020",-150.3774261
"RCP8","space","energy_demand_TWh","heater.electricity.urban.space","2025",-188.3271223
"RCP8","space","energy_demand_TWh","heater.electricity.urban.space","2030",-229.0508481
"RCP8","space","energy_demand_TWh","heater.electricity.urban.space","2035",-272.8401813
"RCP8","space","energy_demand_TWh","heater.electricity.urban.space","2040",-313.0198581
"RCP8","space","energy_demand_TWh","heater.electricity.urban.space","2045",-353.9266591
"RCP8","space","energy_demand_TWh","heater.electricity.urban.space","2050",-401.7986536
"RCP8","space","energy_demand_TWh","heater.solar.urban.space","2011",0
"RCP8","space","energy_demand_TWh","heater.solar.urban.space","2015",0
"RCP8","space","energy_demand_TWh","heater.solar.urban.space","2020",0
"RCP8","space","energy_demand_TWh","heater.solar.urban.space","2025",0
"RCP8","space","energy_demand_TWh","heater.solar.urban.space","2030",0
"RCP8","space","energy_demand_TWh","heater.solar.urban.space","2035",0
"RCP8","space","energy_demand_TWh","heater.solar.urban.space","2040",0
"RCP8","space","energy_demand_TWh","heater.solar.urban.space","2045",0
"RCP8","space","energy_demand_TWh","heater.solar.urban.space","2050",0
"RCP8","space","energy_demand_TWh","heater.microchp.urban.space","2011",-121.0231993
"RCP8","space","energy_demand_TWh","heater.microchp.urban.space","2015",-133.0692755
"RCP8","space","energy_demand_TWh","heater.microchp.urban.space","2020",-144.8078918
"RCP8","space","energy_demand_TWh","heater.microchp.urban.space","2025",-157.1071181
"RCP8","space","energy_demand_TWh","heater.microchp.urban.space","2030",-168.5468505
"RCP8","space","energy_demand_TWh","heater.microchp.urban.space","2035",-179.5910054
"RCP8","space","energy_demand_TWh","heater.microchp.urban.space","2040",-186.3782361
"RCP8","space","energy_demand_TWh","heater.microchp.urban.space","2045",-192.3782537
"RCP8","space","energy_demand_TWh","heater.microchp.urban.space","2050",-200.8993268
"RCP8","space","energy_demand_TWh","heater.districtheating.urban.space","2011",-514.3485971
"RCP8","space","energy_demand_TWh","heater.districtheating.urban.space","2015",-565.544421
"RCP8","space","energy_demand_TWh","heater.districtheating.urban.space","2020",-615.4335401
"RCP8","space","energy_demand_TWh","heater.districtheating.urban.space","2025",-667.7052518
"RCP8","space","energy_demand_TWh","heater.districtheating.urban.space","2030",-716.3241147
"RCP8","space","energy_demand_TWh","heater.districtheating.urban.space","2035",-763.2617731
"RCP8","space","energy_demand_TWh","heater.districtheating.urban.space","2040",-792.1075036
"RCP8","space","energy_demand_TWh","heater.districtheating.urban.space","2045",-817.6075784
"RCP8","space","energy_demand_TWh","heater.districtheating.urban.space","2050",-853.8221389
"RCP8","space","energy_demand_TWh","heater.solid.boiler.rural.space","2011",-515.7446856
"RCP8","space","energy_demand_TWh","heater.solid.boiler.rural.space","2015",-565.7558858
"RCP8","space","energy_demand_TWh","heater.solid.boiler.rural.space","2020",-605.6610146
"RCP8","space","energy_demand_TWh","heater.solid.boiler.rural.space","2025",-646.69656
"RCP8","space","energy_demand_TWh","heater.solid.boiler.rural.space","2030",-682.0094807
"RCP8","space","energy_demand_TWh","heater.solid.boiler.rural.space","2035",-708.1279334
"RCP8","space","energy_demand_TWh","heater.solid.boiler.rural.space","2040",-744.9851201
"RCP8","space","energy_demand_TWh","heater.solid.boiler.rural.space","2045",-775.9898926
"RCP8","space","energy_demand_TWh","heater.solid.boiler.rural.space","2050",-771.2325989
"RCP8","space","energy_demand_TWh","heater.liquid.boiler.rural.space","2011",-92.24701694
"RCP8","space","energy_demand_TWh","heater.liquid.boiler.rural.space","2015",-100.0790161
"RCP8","space","energy_demand_TWh","heater.liquid.boiler.rural.space","2020",-105.8316756
"RCP8","space","energy_demand_TWh","heater.liquid.boiler.rural.space","2025",-111.8171471
"RCP8","space","energy_demand_TWh","heater.liquid.boiler.rural.space","2030",-116.8884981
"RCP8","space","energy_demand_TWh","heater.liquid.boiler.rural.space","2035",-120.5104992
"RCP8","space","energy_demand_TWh","heater.liquid.boiler.rural.space","2040",-126.11366
"RCP8","space","energy_demand_TWh","heater.liquid.boiler.rural.space","2045",-130.9054745
"RCP8","space","energy_demand_TWh","heater.liquid.boiler.rural.space","2050",-129.8918061
"RCP8","space","energy_demand_TWh","heater.gas.boiler.rural.space","2011",-147.8317579
"RCP8","space","energy_demand_TWh","heater.gas.boiler.rural.space","2015",-164.0639608
"RCP8","space","energy_demand_TWh","heater.gas.boiler.rural.space","2020",-178.3315613
"RCP8","space","energy_demand_TWh","heater.gas.boiler.rural.space","2025",-193.494656
"RCP8","space","energy_demand_TWh","heater.gas.boiler.rural.space","2030",-207.5434981
"RCP8","space","energy_demand_TWh","heater.gas.boiler.rural.space","2035",-219.3759088
"RCP8","space","energy_demand_TWh","heater.gas.boiler.rural.space","2040",-235.1918054
"RCP8","space","energy_demand_TWh","heater.gas.boiler.rural.space","2045",-249.9200176
"RCP8","space","energy_demand_TWh","heater.gas.boiler.rural.space","2050",-253.6949338
"RCP8","space","energy_demand_TWh","heater.heatpump.rural.space","2011",-1.153087712
"RCP8","space","energy_demand_TWh","heater.heatpump.rural.space","2015",-1.283064309
"RCP8","space","energy_demand_TWh","heater.heatpump.rural.space","2020",-1.399216865
"RCP8","space","energy_demand_TWh","heater.heatpump.rural.space","2025",-1.523150241
"RCP8","space","energy_demand_TWh","heater.heatpump.rural.space","2030",-1.639061472
"RCP8","space","energy_demand_TWh","heater.heatpump.rural.space","2035",-1.7381322
"RCP8","space","energy_demand_TWh","heater.heatpump.rural.space","2040",-1.869473325
"RCP8","space","energy_demand_TWh","heater.heatpump.rural.space","2045",-1.992951935
"RCP8","space","energy_demand_TWh","heater.heatpump.rural.space","2050",-2.029559471
"RCP8","space","energy_demand_TWh","heater.electricity.rural.space","2011",-4.612350847
"RCP8","space","energy_demand_TWh","heater.electricity.rural.space","2015",-12.50165224
"RCP8","space","energy_demand_TWh","heater.electricity.rural.space","2020",-23.67905464
"RCP8","space","energy_demand_TWh","heater.electricity.rural.space","2025",-36.71182631
"RCP8","space","energy_demand_TWh","heater.electricity.rural.space","2030",-51.27320502
"RCP8","space","energy_demand_TWh","heater.electricity.rural.space","2035",-66.85123847
"RCP8","space","energy_demand_TWh","heater.electricity.rural.space","2040",-85.32467997
"RCP8","space","energy_demand_TWh","heater.electricity.rural.space","2045",-105.2687432
"RCP8","space","energy_demand_TWh","heater.electricity.rural.space","2050",-121.7735682
"RCP8","space","energy_demand_TWh","heater.solar.rural.space","2011",0
"RCP8","space","energy_demand_TWh","heater.solar.rural.space","2015",0
"RCP8","space","energy_demand_TWh","heater.solar.rural.space","2020",0
"RCP8","space","energy_demand_TWh","heater.solar.rural.space","2025",0
"RCP8","space","energy_demand_TWh","heater.solar.rural.space","2030",0
"RCP8","space","energy_demand_TWh","heater.solar.rural.space","2035",0
"RCP8","space","energy_demand_TWh","heater.solar.rural.space","2040",0
"RCP8","space","energy_demand_TWh","heater.solar.rural.space","2045",0
"RCP8","space","energy_demand_TWh","heater.solar.rural.space","2050",0
"RCP8","space","energy_demand_TWh","heater.microchp.rural.space","2011",0
"RCP8","space","energy_demand_TWh","heater.microchp.rural.space","2015",0
"RCP8","space","energy_demand_TWh","heater.microchp.rural.space","2020",0
"RCP8","space","energy_demand_TWh","heater.microchp.rural.space","2025",0
"RCP8","space","energy_demand_TWh","heater.microchp.rural.space","2030",0
"RCP8","space","energy_demand_TWh","heater.microchp.rural.space","2035",0
"RCP8","space","energy_demand_TWh","heater.microchp.rural.space","2040",0
"RCP8","space","energy_demand_TWh","heater.microchp.rural.space","2045",0
"RCP8","space","energy_demand_TWh","heater.microchp.rural.space","2050",0
"RCP8","space","energy_demand_TWh","heater.districtheating.rural.space","2011",0
"RCP8","space","energy_demand_TWh","heater.districtheating.rural.space","2015",0
"RCP8","space","energy_demand_TWh","heater.districtheating.rural.space","2020",0
"RCP8","space","energy_demand_TWh","heater.districtheating.rural.space","2025",0
"RCP8","space","energy_demand_TWh","heater.districtheating.rural.space","2030",0
"RCP8","space","energy_demand_TWh","heater.districtheating.rural.space","2035",0
"RCP8","space","energy_demand_TWh","heater.districtheating.rural.space","2040",0
"RCP8","space","energy_demand_TWh","heater.districtheating.rural.space","2045",0
"RCP8","space","energy_demand_TWh","heater.districtheating.rural.space","2050",0
"RCP8","space","households","heater.solid.boiler.urban.space","2011",95283895.79
"RCP8","space","households","heater.solid.boiler.urban.space","2015",96844924.4
"RCP8","space","households","heater.solid.boiler.urban.space","2020",95870420.28
"RCP8","space","households","heater.solid.boiler.urban.space","2025",93715115.68
"RCP8","space","households","heater.solid.boiler.urban.space","2030",89445364.67
"RCP8","space","households","heater.solid.boiler.urban.space","2035",83349147.36
"RCP8","space","households","heater.solid.boiler.urban.space","2040",73846371.72
"RCP8","space","households","heater.solid.boiler.urban.space","2045",62792095.73
"RCP8","space","households","heater.solid.boiler.urban.space","2050",51012723.21
"RCP8","space","households","heater.liquid.boiler.urban.space","2011",190567791.6
"RCP8","space","households","heater.liquid.boiler.urban.space","2015",209001299.3
"RCP8","space","households","heater.liquid.boiler.urban.space","2020",229584427.5
"RCP8","space","households","heater.liquid.boiler.urban.space","2025",252061345.6
"RCP8","space","households","heater.liquid.boiler.urban.space","2030",274366118.6
"RCP8","space","households","heater.liquid.boiler.urban.space","2035",297442055.3
"RCP8","space","households","heater.liquid.boiler.urban.space","2040",315000929.3
"RCP8","space","households","heater.liquid.boiler.urban.space","2045",332859070.6
"RCP8","space","households","heater.liquid.boiler.urban.space","2050",357089062.5
"RCP8","space","households","heater.gas.boiler.urban.space","2011",748659181.2
"RCP8","space","households","heater.gas.boiler.urban.space","2015",821076533
"RCP8","space","households","heater.gas.boiler.urban.space","2020",901938822.3
"RCP8","space","households","heater.gas.boiler.urban.space","2025",990241000.7
"RCP8","space","households","heater.gas.boiler.urban.space","2030",1077866894
"RCP8","space","households","heater.gas.boiler.urban.space","2035",1168522360
"RCP8","space","households","heater.gas.boiler.urban.space","2040",1237503651
"RCP8","space","households","heater.gas.boiler.urban.space","2045",1307660634
"RCP8","space","households","heater.gas.boiler.urban.space","2050",1402849888
"RCP8","space","households","heater.heatpump.urban.space","2011",27223970.23
"RCP8","space","households","heater.heatpump.urban.space","2015",29857328.47
"RCP8","space","households","heater.heatpump.urban.space","2020",32797775.36
"RCP8","space","households","heater.heatpump.urban.space","2025",36008763.66
"RCP8","space","households","heater.heatpump.urban.space","2030",39195159.8
"RCP8","space","households","heater.heatpump.urban.space","2035",42491722.18
"RCP8","space","households","heater.heatpump.urban.space","2040",45000132.76
"RCP8","space","households","heater.heatpump.urban.space","2045",47551295.79
"RCP8","space","households","heater.heatpump.urban.space","2050",51012723.21
"RCP8","space","households","heater.electricity.urban.space","2011",40835955.34
"RCP8","space","households","heater.electricity.urban.space","2015",52441717.96
"RCP8","space","households","heater.electricity.urban.space","2020",68118456.51
"RCP8","space","households","heater.electricity.urban.space","2025",86328702.62
"RCP8","space","households","heater.electricity.urban.space","2030",106530434.3
"RCP8","space","households","heater.electricity.urban.space","2035",129109463.6
"RCP8","space","households","heater.electricity.urban.space","2040",151154292.1
"RCP8","space","households","heater.electricity.urban.space","2045",174964383.2
"RCP8","space","households","heater.electricity.urban.space","2050",204050892.8
"RCP8","space","households","heater.solar.urban.space","2011",0
"RCP8","space","households","heater.solar.urban.space","2015",0
"RCP8","space","households","heater.solar.urban.space","2020",0
"RCP8","space","households","heater.solar.urban.space","2025",0
"RCP8","space","households","heater.solar.urban.space","2030",0
"RCP8","space","households","heater.solar.urban.space","2035",0
"RCP8","space","households","heater.solar.urban.space","2040",0
"RCP8","space","households","heater.solar.urban.space","2045",0
"RCP8","space","households","heater.solar.urban.space","2050",0
"RCP8","space","households","heater.microchp.urban.space","2011",27223970.23
"RCP8","space","households","heater.microchp.urban.space","2015",29857328.47
"RCP8","space","households","heater.microchp.urban.space","2020",32797775.36
"RCP8","space","households","heater.microchp.urban.space","2025",36008763.66
"RCP8","space","households","heater.microchp.urban.space","2030",39195159.8
"RCP8","space","households","heater.microchp.urban.space","2035",42491722.18
"RCP8","space","households","heater.microchp.urban.space","2040",45000132.76
"RCP8","space","households","heater.microchp.urban.space","2045",47551295.79
"RCP8","space","households","heater.microchp.urban.space","2050",51012723.21
"RCP8","space","households","heater.districtheating.urban.space","2011",231403746.9
"RCP8","space","households","heater.districtheating.urban.space","2015",253787292
"RCP8","space","households","heater.districtheating.urban.space","2020",278781090.5
"RCP8","space","households","heater.districtheating.urban.space","2025",306074491.1
"RCP8","space","households","heater.districtheating.urban.space","2030",333158858.3
"RCP8","space","households","heater.districtheating.urban.space","2035",361179638.5
"RCP8","space","households","heater.districtheating.urban.space","2040",382501128.5
"RCP8","space","households","heater.districtheating.urban.space","2045",404186014.3
"RCP8","space","households","heater.districtheating.urban.space","2050",433608147.3
"RCP8","space","households","heater.solid.boiler.rural.space","2011",348636617.8
"RCP8","space","households","heater.solid.boiler.rural.space","2015",367360682.7
"RCP8","space","households","heater.solid.boiler.rural.space","2020",380666623.2
"RCP8","space","households","heater.solid.boiler.rural.space","2025",395471456.2
"RCP8","space","households","heater.solid.boiler.rural.space","2030",407958855.3
"RCP8","space","households","heater.solid.boiler.rural.space","2035",416636982.5
"RCP8","space","households","heater.solid.boiler.rural.space","2040",433668472.6
"RCP8","space","households","heater.solid.boiler.rural.space","2045",449734609.3
"RCP8","space","households","heater.solid.boiler.rural.space","2050",448065416.9
"RCP8","space","households","heater.liquid.boiler.rural.space","2011",68026657.13
"RCP8","space","households","heater.liquid.boiler.rural.space","2015",73393724.44
"RCP8","space","households","heater.liquid.boiler.rural.space","2020",78394710.51
"RCP8","space","households","heater.liquid.boiler.rural.space","2025",84032073.33
"RCP8","space","households","heater.liquid.boiler.rural.space","2030",89530946.91
"RCP8","space","households","heater.liquid.boiler.rural.space","2035",94538718.94
"RCP8","space","households","heater.liquid.boiler.rural.space","2040",101860399.1
"RCP8","space","households","heater.liquid.boiler.rural.space","2045",109480258.6
"RCP8","space","households","heater.liquid.boiler.rural.space","2050",113195473.7
"RCP8","space","households","heater.gas.boiler.rural.space","2011",141722202.4
"RCP8","space","households","heater.gas.boiler.rural.space","2015",152903592.6
"RCP8","space","households","heater.gas.boiler.rural.space","2020",163322313.6
"RCP8","space","households","heater.gas.boiler.rural.space","2025",175066819.4
"RCP8","space","households","heater.gas.boiler.rural.space","2030",186522806.1
"RCP8","space","households","heater.gas.boiler.rural.space","2035",196955664.5
"RCP8","space","households","heater.gas.boiler.rural.space","2040",212209164.8
"RCP8","space","households","heater.gas.boiler.rural.space","2045",228083872.1
"RCP8","space","households","heater.gas.boiler.rural.space","2050",235823903.6
"RCP8","space","households","heater.heatpump.rural.space","2011",2834444.047
"RCP8","space","households","heater.heatpump.rural.space","2015",3058071.852
"RCP8","space","households","heater.heatpump.rural.space","2020",3266446.271
"RCP8","space","households","heater.heatpump.rural.space","2025",3501336.389
"RCP8","space","households","heater.heatpump.rural.space","2030",3730456.121
"RCP8","space","households","heater.heatpump.rural.space","2035",3939113.289
"RCP8","space","households","heater.heatpump.rural.space","2040",4244183.295
"RCP8","space","households","heater.heatpump.rural.space","2045",4561677.441
"RCP8","space","households","heater.heatpump.rural.space","2050",4716478.073
"RCP8","space","households","heater.electricity.rural.space","2011",5668888.094
"RCP8","space","households","heater.electricity.rural.space","2015",14898298.76
"RCP8","space","households","heater.electricity.rural.space","2020",27639160.76
"RCP8","space","households","heater.electricity.rural.space","2025",42195592.38
"RCP8","space","households","heater.electricity.rural.space","2030",58348159.84
"RCP8","space","households","heater.electricity.rural.space","2035",75752178.64
"RCP8","space","households","heater.electricity.rural.space","2040",96854439.3
"RCP8","space","households","heater.electricity.rural.space","2045",120475070.9
"RCP8","space","households","heater.electricity.rural.space","2050",141494342.2
"RCP8","space","households","heater.solar.rural.space","2011",0
"RCP8","space","households","heater.solar.rural.space","2015",0
"RCP8","space","households","heater.solar.rural.space","2020",0
"RCP8","space","households","heater.solar.rural.space","2025",0
"RCP8","space","households","heater.solar.rural.space","2030",0
"RCP8","space","households","heater.solar.rural.space","2035",0
"RCP8","space","households","heater.solar.rural.space","2040",0
"RCP8","space","households","heater.solar.rural.space","2045",0
"RCP8","space","households","heater.solar.rural.space","2050",0
"RCP8","space","households","heater.microchp.rural.space","2011",0
"RCP8","space","households","heater.microchp.rural.space","2015",0
"RCP8","space","households","heater.microchp.rural.space","2020",0
"RCP8","space","households","heater.microchp.rural.space","2025",0
"RCP8","space","households","heater.microchp.rural.space","2030",0
"RCP8","space","households","heater.microchp.rural.space","2035",0
"RCP8","space","households","heater.microchp.rural.space","2040",0
"RCP8","space","households","heater.microchp.rural.space","2045",0
"RCP8","space","households","heater.microchp.rural.space","2050",0
"RCP8","space","households","heater.districtheating.rural.space","2011",0
"RCP8","space","households","heater.districtheating.rural.space","2015",0
"RCP8","space","households","heater.districtheating.rural.space","2020",0
"RCP8","space","households","heater.districtheating.rural.space","2025",0
"RCP8","space","households","heater.districtheating.rural.space","2030",0
"RCP8","space","households","heater.districtheating.rural.space","2035",0
"RCP8","space","households","heater.districtheating.rural.space","2040",0
"RCP8","space","households","heater.districtheating.rural.space","2045",0
"RCP8","space","households","heater.districtheating.rural.space","2050",0
"RCP8","cool","demand_TWh","cooling.airconditioners.urban","2011",721.2556226
"RCP8","cool","demand_TWh","cooling.airconditioners.urban","2015",878.3831492
"RCP8","cool","demand_TWh","cooling.airconditioners.urban","2020",1094.837531
"RCP8","cool","demand_TWh","cooling.airconditioners.urban","2025",1336.323588
"RCP8","cool","demand_TWh","cooling.airconditioners.urban","2030",1590.462708
"RCP8","cool","demand_TWh","cooling.airconditioners.urban","2035",1859.120089
"RCP8","cool","demand_TWh","cooling.airconditioners.urban","2040",2097.231101
"RCP8","cool","demand_TWh","cooling.airconditioners.urban","2045",2335.068873
"RCP8","cool","demand_TWh","cooling.airconditioners.urban","2050",2613.266929
"RCP8","cool","demand_TWh","cooling.chillers.urban","2011",0
"RCP8","cool","demand_TWh","cooling.chillers.urban","2015",1.814841217
"RCP8","cool","demand_TWh","cooling.chillers.urban","2020",5.136063477
"RCP8","cool","demand_TWh","cooling.chillers.urban","2025",9.841415167
"RCP8","cool","demand_TWh","cooling.chillers.urban","2030",16.04395617
"RCP8","cool","demand_TWh","cooling.chillers.urban","2035",23.91151239
"RCP8","cool","demand_TWh","cooling.chillers.urban","2040",32.90219202
"RCP8","cool","demand_TWh","cooling.chillers.urban","2045",43.36009923
"RCP8","cool","demand_TWh","cooling.chillers.urban","2050",56.19928881
"RCP8","cool","demand_TWh","cooling.solarcooling.urban","2011",0
"RCP8","cool","demand_TWh","cooling.solarcooling.urban","2015",4.537103043
"RCP8","cool","demand_TWh","cooling.solarcooling.urban","2020",12.84015869
"RCP8","cool","demand_TWh","cooling.solarcooling.urban","2025",24.60353792
"RCP8","cool","demand_TWh","cooling.solarcooling.urban","2030",40.10989043
"RCP8","cool","demand_TWh","cooling.solarcooling.urban","2035",59.77878098
"RCP8","cool","demand_TWh","cooling.solarcooling.urban","2040",82.25548004
"RCP8","cool","demand_TWh","cooling.solarcooling.urban","2045",108.4002481
"RCP8","cool","demand_TWh","cooling.solarcooling.urban","2050",140.498222
"RCP8","cool","demand_TWh","cooling.airconditioners.rural","2011",28.31182396
"RCP8","cool","demand_TWh","cooling.airconditioners.rural","2015",51.60314731
"RCP8","cool","demand_TWh","cooling.airconditioners.rural","2020",89.39196424
"RCP8","cool","demand_TWh","cooling.airconditioners.rural","2025",134.1491964
"RCP8","cool","demand_TWh","cooling.airconditioners.rural","2030",184.6566461
"RCP8","cool","demand_TWh","cooling.airconditioners.rural","2035",239.0686578
"RCP8","cool","demand_TWh","cooling.airconditioners.rural","2040",304.0383542
"RCP8","cool","demand_TWh","cooling.airconditioners.rural","2045",374.3743392
"RCP8","cool","demand_TWh","cooling.airconditioners.rural","2050",432.5407332
"RCP8","cool","demand_TWh","cooling.chillers.rural","2011",0
"RCP8","cool","demand_TWh","cooling.chillers.rural","2015",0.106618073
"RCP8","cool","demand_TWh","cooling.chillers.rural","2020",0.419352451
"RCP8","cool","demand_TWh","cooling.chillers.rural","2025",0.98794779
"RCP8","cool","demand_TWh","cooling.chillers.rural","2030",1.862742913
"RCP8","cool","demand_TWh","cooling.chillers.rural","2035",3.074838043
"RCP8","cool","demand_TWh","cooling.chillers.rural","2040",4.769874099
"RCP8","cool","demand_TWh","cooling.chillers.rural","2045",6.951790024
"RCP8","cool","demand_TWh","cooling.chillers.rural","2050",9.301951251
"RCP8","cool","demand_TWh","cooling.solarcooling.rural","2011",0
"RCP8","cool","demand_TWh","cooling.solarcooling.rural","2015",0.266545182
"RCP8","cool","demand_TWh","cooling.solarcooling.rural","2020",1.048381129
"RCP8","cool","demand_TWh","cooling.solarcooling.rural","2025",2.469869476
"RCP8","cool","demand_TWh","cooling.solarcooling.rural","2030",4.656857283
"RCP8","cool","demand_TWh","cooling.solarcooling.rural","2035",7.687095107
"RCP8","cool","demand_TWh","cooling.solarcooling.rural","2040",11.92468525
"RCP8","cool","demand_TWh","cooling.solarcooling.rural","2045",17.37947506
"RCP8","cool","demand_TWh","cooling.solarcooling.rural","2050",23.25487813
"RCP8","cool","energy_demand_TWh","cooling.airconditioners.urban","2011",-360.6278113
"RCP8","cool","energy_demand_TWh","cooling.airconditioners.urban","2015",-439.1915746
"RCP8","cool","energy_demand_TWh","cooling.airconditioners.urban","2020",-547.4187656
"RCP8","cool","energy_demand_TWh","cooling.airconditioners.urban","2025",-668.161794
"RCP8","cool","energy_demand_TWh","cooling.airconditioners.urban","2030",-795.231354
"RCP8","cool","energy_demand_TWh","cooling.airconditioners.urban","2035",-929.5600443
"RCP8","cool","energy_demand_TWh","cooling.airconditioners.urban","2040",-1048.615551
"RCP8","cool","energy_demand_TWh","cooling.airconditioners.urban","2045",-1167.534436
"RCP8","cool","energy_demand_TWh","cooling.airconditioners.urban","2050",-1306.633465
"RCP8","cool","energy_demand_TWh","cooling.chillers.urban","2011",0
"RCP8","cool","energy_demand_TWh","cooling.chillers.urban","2015",-1.008245121
"RCP8","cool","energy_demand_TWh","cooling.chillers.urban","2020",-2.853368598
"RCP8","cool","energy_demand_TWh","cooling.chillers.urban","2025",-5.46745287
"RCP8","cool","energy_demand_TWh","cooling.chillers.urban","2030",-8.913308985
"RCP8","cool","energy_demand_TWh","cooling.chillers.urban","2035",-13.28417355
"RCP8","cool","energy_demand_TWh","cooling.chillers.urban","2040",-18.27899556
"RCP8","cool","energy_demand_TWh","cooling.chillers.urban","2045",-24.08894401
"RCP8","cool","energy_demand_TWh","cooling.chillers.urban","2050",-31.22182711
"RCP8","cool","energy_demand_TWh","cooling.solarcooling.urban","2011",0
"RCP8","cool","energy_demand_TWh","cooling.solarcooling.urban","2015",-4.537103043
"RCP8","cool","energy_demand_TWh","cooling.solarcooling.urban","2020",-12.84015869
"RCP8","cool","energy_demand_TWh","cooling.solarcooling.urban","2025",-24.60353792
"RCP8","cool","energy_demand_TWh","cooling.solarcooling.urban","2030",-40.10989043
"RCP8","cool","energy_demand_TWh","cooling.solarcooling.urban","2035",-59.77878098
"RCP8","cool","energy_demand_TWh","cooling.solarcooling.urban","2040",-82.25548004
"RCP8","cool","energy_demand_TWh","cooling.solarcooling.urban","2045",-108.4002481
"RCP8","cool","energy_demand_TWh","cooling.solarcooling.urban","2050",-140.498222
"RCP8","cool","energy_demand_TWh","cooling.airconditioners.rural","2011",-14.15591198
"RCP8","cool","energy_demand_TWh","cooling.airconditioners.rural","2015",-25.80157366
"RCP8","cool","energy_demand_TWh","cooling.airconditioners.rural","2020",-44.69598212
"RCP8","cool","energy_demand_TWh","cooling.airconditioners.rural","2025",-67.0745982
"RCP8","cool","energy_demand_TWh","cooling.airconditioners.rural","2030",-92.32832307
"RCP8","cool","energy_demand_TWh","cooling.airconditioners.rural","2035",-119.5343289
"RCP8","cool","energy_demand_TWh","cooling.airconditioners.rural","2040",-152.0191771
"RCP8","cool","energy_demand_TWh","cooling.airconditioners.rural","2045",-187.1871696
"RCP8","cool","energy_demand_TWh","cooling.airconditioners.rural","2050",-216.2703666
"RCP8","cool","energy_demand_TWh","cooling.chillers.rural","2011",0
"RCP8","cool","energy_demand_TWh","cooling.chillers.rural","2015",-0.059232263
"RCP8","cool","energy_demand_TWh","cooling.chillers.rural","2020",-0.232973584
"RCP8","cool","energy_demand_TWh","cooling.chillers.rural","2025",-0.548859884
"RCP8","cool","energy_demand_TWh","cooling.chillers.rural","2030",-1.034857174
"RCP8","cool","energy_demand_TWh","cooling.chillers.rural","2035",-1.708243357
"RCP8","cool","energy_demand_TWh","cooling.chillers.rural","2040",-2.649930055
"RCP8","cool","energy_demand_TWh","cooling.chillers.rural","2045",-3.862105569
"RCP8","cool","energy_demand_TWh","cooling.chillers.rural","2050",-5.167750695
"RCP8","cool","energy_demand_TWh","cooling.solarcooling.rural","2011",0
"RCP8","cool","energy_demand_TWh","cooling.solarcooling.rural","2015",-0.266545182
"RCP8","cool","energy_demand_TWh","cooling.solarcooling.rural","2020",-1.048381129
"RCP8","cool","energy_demand_TWh","cooling.solarcooling.rural","2025",-2.469869476
"RCP8","cool","energy_demand_TWh","cooling.solarcooling.rural","2030",-4.656857283
"RCP8","cool","energy_demand_TWh","cooling.solarcooling.rural","2035",-7.687095107
"RCP8","cool","energy_demand_TWh","cooling.solarcooling.rural","2040",-11.92468525
"RCP8","cool","energy_demand_TWh","cooling.solarcooling.rural","2045",-17.37947506
"RCP8","cool","energy_demand_TWh","cooling.solarcooling.rural","2050",-23.25487813
"RCP8","cool","households","cooling.airconditioners.urban","2011",1361198511
"RCP8","cool","households","cooling.airconditioners.urban","2015",1482148408
"RCP8","cool","households","cooling.airconditioners.urban","2020",1613398257
"RCP8","cool","households","cooling.airconditioners.urban","2025",1755196403
"RCP8","cool","households","cooling.airconditioners.urban","2030",1892925218
"RCP8","cool","households","cooling.airconditioners.urban","2035",2033065477
"RCP8","cool","households","cooling.airconditioners.urban","2040",2132890908
"RCP8","cool","households","cooling.airconditioners.urban","2045",2232472374
"RCP8","cool","households","cooling.airconditioners.urban","2050",2372091629
"RCP8","cool","households","cooling.chillers.urban","2011",0
"RCP8","cool","households","cooling.chillers.urban","2015",3062290.1
"RCP8","cool","households","cooling.chillers.urban","2020",7568717.39
"RCP8","cool","households","cooling.chillers.urban","2025",12926222.85
"RCP8","cool","households","cooling.chillers.urban","2030",19095077.85
"RCP8","cool","households","cooling.chillers.urban","2035",26148752.11
"RCP8","cool","households","cooling.chillers.urban","2040",33461637.18
"RCP8","cool","households","cooling.chillers.urban","2045",41454975.82
"RCP8","cool","households","cooling.chillers.urban","2050",51012723.21
"RCP8","cool","households","cooling.solarcooling.urban","2011",0
"RCP8","cool","households","cooling.solarcooling.urban","2015",7655725.249
"RCP8","cool","households","cooling.solarcooling.urban","2020",18921793.48
"RCP8","cool","households","cooling.solarcooling.urban","2025",32315557.13
"RCP8","cool","households","cooling.solarcooling.urban","2030",47737694.63
"RCP8","cool","households","cooling.solarcooling.urban","2035",65371880.28
"RCP8","cool","households","cooling.solarcooling.urban","2040",83654092.96
"RCP8","cool","households","cooling.solarcooling.urban","2045",103637439.6
"RCP8","cool","households","cooling.solarcooling.urban","2050",127531808
"RCP8","cool","households","cooling.airconditioners.rural","2011",566888809.4
"RCP8","cool","households","cooling.airconditioners.rural","2015",607223292.8
"RCP8","cool","households","cooling.airconditioners.rural","2020",642736120.2
"RCP8","cool","households","cooling.airconditioners.rural","2025",682670817.9
"RCP8","cool","households","cooling.airconditioners.rural","2030",720647600.4
"RCP8","cool","households","cooling.airconditioners.rural","2035",753885681.8
"RCP8","cool","households","cooling.airconditioners.rural","2040",804653622.7
"RCP8","cool","households","cooling.airconditioners.rural","2045",856659630.3
"RCP8","cool","households","cooling.airconditioners.rural","2050",877264921.5
"RCP8","cool","households","cooling.chillers.rural","2011",0
"RCP8","cool","households","cooling.chillers.rural","2015",1254593.58
"RCP8","cool","households","cooling.chillers.rural","2020",3015181.174
"RCP8","cool","households","cooling.chillers.rural","2025",5027559.943
"RCP8","cool","households","cooling.chillers.rural","2030",7269606.8
"RCP8","cool","households","cooling.chillers.rural","2035",9696278.866
"RCP8","cool","households","cooling.chillers.rural","2040",12623724.67
"RCP8","cool","households","cooling.chillers.rural","2045",15907388
"RCP8","cool","households","cooling.chillers.rural","2050",18865912.29
"RCP8","cool","households","cooling.solarcooling.rural","2011",0
"RCP8","cool","households","cooling.solarcooling.rural","2015",3136483.951
"RCP8","cool","households","cooling.solarcooling.rural","2020",7537952.934
"RCP8","cool","households","cooling.solarcooling.rural","2025",12568899.86
"RCP8","cool","households","cooling.solarcooling.rural","2030",18174017
"RCP8","cool","households","cooling.solarcooling.rural","2035",24240697.17
"RCP8","cool","households","cooling.solarcooling.rural","2040",31559311.68
"RCP8","cool","households","cooling.solarcooling.rural","2045",39768470
"RCP8","cool","households","cooling.solarcooling.rural","2050",47164780.73
"RCP8","water","heat_demand_TWh","heater.solid.boiler.urban.water","2011",213.164963
"RCP8","water","heat_demand_TWh","heater.solid.boiler.urban.water","2015",230.9069365
"RCP8","water","heat_demand_TWh","heater.solid.boiler.urban.water","2020",249.696509
"RCP8","water","heat_demand_TWh","heater.solid.boiler.urban.water","2025",269.8047557
"RCP8","water","heat_demand_TWh","heater.solid.boiler.urban.water","2030",288.9580959
"RCP8","water","heat_demand_TWh","heater.solid.boiler.urban.water","2035",308.1426619
"RCP8","water","heat_demand_TWh","heater.solid.boiler.urban.water","2040",320.9124064
"RCP8","water","heat_demand_TWh","heater.solid.boiler.urban.water","2045",333.3775466
"RCP8","water","heat_demand_TWh","heater.solid.boiler.urban.water","2050",351.5001723
"RCP8","water","heat_demand_TWh","heater.liquid.boiler.urban.water","2011",304.5213757
"RCP8","water","heat_demand_TWh","heater.liquid.boiler.urban.water","2015",329.8670521
"RCP8","water","heat_demand_TWh","heater.liquid.boiler.urban.water","2020",356.7092986
"RCP8","water","heat_demand_TWh","heater.liquid.boiler.urban.water","2025",385.4353652
"RCP8","water","heat_demand_TWh","heater.liquid.boiler.urban.water","2030",412.7972799
"RCP8","water","heat_demand_TWh","heater.liquid.boiler.urban.water","2035",440.2038027
"RCP8","water","heat_demand_TWh","heater.liquid.boiler.urban.water","2040",458.4462949
"RCP8","water","heat_demand_TWh","heater.liquid.boiler.urban.water","2045",476.253638
"RCP8","water","heat_demand_TWh","heater.liquid.boiler.urban.water","2050",502.1431033
"RCP8","water","heat_demand_TWh","heater.gas.boiler.urban.water","2011",1157.181228
"RCP8","water","heat_demand_TWh","heater.gas.boiler.urban.water","2015",1253.494798
"RCP8","water","heat_demand_TWh","heater.gas.boiler.urban.water","2020",1355.495335
"RCP8","water","heat_demand_TWh","heater.gas.boiler.urban.water","2025",1464.654388
"RCP8","water","heat_demand_TWh","heater.gas.boiler.urban.water","2030",1568.629664
"RCP8","water","heat_demand_TWh","heater.gas.boiler.urban.water","2035",1672.77445
"RCP8","water","heat_demand_TWh","heater.gas.boiler.urban.water","2040",1742.09592
"RCP8","water","heat_demand_TWh","heater.gas.boiler.urban.water","2045",1809.763824
"RCP8","water","heat_demand_TWh","heater.gas.boiler.urban.water","2050",1908.143792
"RCP8","water","heat_demand_TWh","heater.heatpump.urban.water","2011",609.0427514
"RCP8","water","heat_demand_TWh","heater.heatpump.urban.water","2015",659.7341043
"RCP8","water","heat_demand_TWh","heater.heatpump.urban.water","2020",713.4185972
"RCP8","water","heat_demand_TWh","heater.heatpump.urban.water","2025",770.8707305
"RCP8","water","heat_demand_TWh","heater.heatpump.urban.water","2030",825.5945598
"RCP8","water","heat_demand_TWh","heater.heatpump.urban.water","2035",880.4076055
"RCP8","water","heat_demand_TWh","heater.heatpump.urban.water","2040",916.8925897
"RCP8","water","heat_demand_TWh","heater.heatpump.urban.water","2045",952.5072759
"RCP8","water","heat_demand_TWh","heater.heatpump.urban.water","2050",1004.286207
"RCP8","water","heat_demand_TWh","heater.electricity.urban.water","2011",304.5213757
"RCP8","water","heat_demand_TWh","heater.electricity.urban.water","2015",329.8670521
"RCP8","water","heat_demand_TWh","heater.electricity.urban.water","2020",356.7092986
"RCP8","water","heat_demand_TWh","heater.electricity.urban.water","2025",385.4353652
"RCP8","water","heat_demand_TWh","heater.electricity.urban.water","2030",412.7972799
"RCP8","water","heat_demand_TWh","heater.electricity.urban.water","2035",440.2038027
"RCP8","water","heat_demand_TWh","heater.electricity.urban.water","2040",458.4462949
"RCP8","water","heat_demand_TWh","heater.electricity.urban.water","2045",476.253638
"RCP8","water","heat_demand_TWh","heater.electricity.urban.water","2050",502.1431033
"RCP8","water","heat_demand_TWh","heater.solar.urban.water","2011",91.35641271
"RCP8","water","heat_demand_TWh","heater.solar.urban.water","2015",98.96011564
"RCP8","water","heat_demand_TWh","heater.solar.urban.water","2020",107.0127896
"RCP8","water","heat_demand_TWh","heater.solar.urban.water","2025",115.6306096
"RCP8","water","heat_demand_TWh","heater.solar.urban.water","2030",123.839184
"RCP8","water","heat_demand_TWh","heater.solar.urban.water","2035",132.0611408
"RCP8","water","heat_demand_TWh","heater.solar.urban.water","2040",137.5338885
"RCP8","water","heat_demand_TWh","heater.solar.urban.water","2045",142.8760914
"RCP8","water","heat_demand_TWh","heater.solar.urban.water","2050",150.642931
"RCP8","water","heat_demand_TWh","heater.microchp.urban.water","2011",0
"RCP8","water","heat_demand_TWh","heater.microchp.urban.water","2015",0
"RCP8","water","heat_demand_TWh","heater.microchp.urban.water","2020",0
"RCP8","water","heat_demand_TWh","heater.microchp.urban.water","2025",0
"RCP8","water","heat_demand_TWh","heater.microchp.urban.water","2030",0
"RCP8","water","heat_demand_TWh","heater.microchp.urban.water","2035",0
"RCP8","water","heat_demand_TWh","heater.microchp.urban.water","2040",0
"RCP8","water","heat_demand_TWh","heater.microchp.urban.water","2045",0
"RCP8","water","heat_demand_TWh","heater.microchp.urban.water","2050",0
"RCP8","water","heat_demand_TWh","heater.districtheating.urban.water","2011",365.4256508
"RCP8","water","heat_demand_TWh","heater.districtheating.urban.water","2015",395.8404626
"RCP8","water","heat_demand_TWh","heater.districtheating.urban.water","2020",428.0511583
"RCP8","water","heat_demand_TWh","heater.districtheating.urban.water","2025",462.5224383
"RCP8","water","heat_demand_TWh","heater.districtheating.urban.water","2030",495.3567359
"RCP8","water","heat_demand_TWh","heater.districtheating.urban.water","2035",528.2445633
"RCP8","water","heat_demand_TWh","heater.districtheating.urban.water","2040",550.1355538
"RCP8","water","heat_demand_TWh","heater.districtheating.urban.water","2045",571.5043655
"RCP8","water","heat_demand_TWh","heater.districtheating.urban.water","2050",602.5717239
"RCP8","water","heat_demand_TWh","heater.solid.boiler.rural.water","2011",882.6803148
"RCP8","water","heat_demand_TWh","heater.solid.boiler.rural.water","2015",954.8717101
"RCP8","water","heat_demand_TWh","heater.solid.boiler.rural.water","2020",1022.497239
"RCP8","water","heat_demand_TWh","heater.solid.boiler.rural.water","2025",1097.779413
"RCP8","water","heat_demand_TWh","heater.solid.boiler.rural.water","2030",1170.44575
"RCP8","water","heat_demand_TWh","heater.solid.boiler.rural.water","2035",1235.709851
"RCP8","water","heat_demand_TWh","heater.solid.boiler.rural.water","2040",1330.048614
"RCP8","water","heat_demand_TWh","heater.solid.boiler.rural.water","2045",1426.872269
"RCP8","water","heat_demand_TWh","heater.solid.boiler.rural.water","2050",1471.300937
"RCP8","water","heat_demand_TWh","heater.liquid.boiler.rural.water","2011",50.72875372
"RCP8","water","heat_demand_TWh","heater.liquid.boiler.rural.water","2015",55.13769128
"RCP8","water","heat_demand_TWh","heater.liquid.boiler.rural.water","2020",59.39438834
"RCP8","water","heat_demand_TWh","heater.liquid.boiler.rural.water","2025",64.14953118
"RCP8","water","heat_demand_TWh","heater.liquid.boiler.rural.water","2030",68.80823676
"RCP8","water","heat_demand_TWh","heater.liquid.boiler.rural.water","2035",73.08566
"RCP8","water","heat_demand_TWh","heater.liquid.boiler.rural.water","2040",79.14540117
"RCP8","water","heat_demand_TWh","heater.liquid.boiler.rural.water","2045",85.42833664
"RCP8","water","heat_demand_TWh","heater.liquid.boiler.rural.water","2050",88.63258655
"RCP8","water","heat_demand_TWh","heater.gas.boiler.rural.water","2011",10.14575074
"RCP8","water","heat_demand_TWh","heater.gas.boiler.rural.water","2015",11.02753826
"RCP8","water","heat_demand_TWh","heater.gas.boiler.rural.water","2020",11.87887767
"RCP8","water","heat_demand_TWh","heater.gas.boiler.rural.water","2025",12.82990624
"RCP8","water","heat_demand_TWh","heater.gas.boiler.rural.water","2030",13.76164735
"RCP8","water","heat_demand_TWh","heater.gas.boiler.rural.water","2035",14.617132
"RCP8","water","heat_demand_TWh","heater.gas.boiler.rural.water","2040",15.82908023
"RCP8","water","heat_demand_TWh","heater.gas.boiler.rural.water","2045",17.08566733
"RCP8","water","heat_demand_TWh","heater.gas.boiler.rural.water","2050",17.72651731
"RCP8","water","heat_demand_TWh","heater.heatpump.rural.water","2011",0
"RCP8","water","heat_demand_TWh","heater.heatpump.rural.water","2015",0
"RCP8","water","heat_demand_TWh","heater.heatpump.rural.water","2020",0
"RCP8","water","heat_demand_TWh","heater.heatpump.rural.water","2025",0
"RCP8","water","heat_demand_TWh","heater.heatpump.rural.water","2030",0
"RCP8","water","heat_demand_TWh","heater.heatpump.rural.water","2035",0
"RCP8","water","heat_demand_TWh","heater.heatpump.rural.water","2040",0
"RCP8","water","heat_demand_TWh","heater.heatpump.rural.water","2045",0
"RCP8","water","heat_demand_TWh","heater.heatpump.rural.water","2050",0
"RCP8","water","heat_demand_TWh","heater.electricity.rural.water","2011",20.29150149
"RCP8","water","heat_demand_TWh","heater.electricity.rural.water","2015",26.57919477
"RCP8","water","heat_demand_TWh","heater.electricity.rural.water","2020",34.72287318
"RCP8","water","heat_demand_TWh","heater.electricity.rural.water","2025",44.08224194
"RCP8","water","heat_demand_TWh","heater.electricity.rural.water","2030",54.3408639
"RCP8","water","heat_demand_TWh","heater.electricity.rural.water","2035",65.21489661
"RCP8","water","heat_demand_TWh","heater.electricity.rural.water","2040",78.73952732
"RCP8","water","heat_demand_TWh","heater.electricity.rural.water","2045",93.75212328
"RCP8","water","heat_demand_TWh","heater.electricity.rural.water","2050",106.3591039
"RCP8","water","heat_demand_TWh","heater.solar.rural.water","2011",50.72875372
"RCP8","water","heat_demand_TWh","heater.solar.rural.water","2015",55.13769128
"RCP8","water","heat_demand_TWh","heater.solar.rural.water","2020",59.39438834
"RCP8","water","heat_demand_TWh","heater.solar.rural.water","2025",64.14953118
"RCP8","water","heat_demand_TWh","heater.solar.rural.water","2030",68.80823676
"RCP8","water","heat_demand_TWh","heater.solar.rural.water","2035",73.08566
"RCP8","water","heat_demand_TWh","heater.solar.rural.water","2040",79.14540117
"RCP8","water","heat_demand_TWh","heater.solar.rural.water","2045",85.42833664
"RCP8","water","heat_demand_TWh","heater.solar.rural.water","2050",88.63258655
"RCP8","water","heat_demand_TWh","heater.microchp.rural.water","2011",0
"RCP8","water","heat_demand_TWh","heater.microchp.rural.water","2015",0
"RCP8","water","heat_demand_TWh","heater.microchp.rural.water","2020",0
"RCP8","water","heat_demand_TWh","heater.microchp.rural.water","2025",0
"RCP8","water","heat_demand_TWh","heater.microchp.rural.water","2030",0
"RCP8","water","heat_demand_TWh","heater.microchp.rural.water","2035",0
"RCP8","water","heat_demand_TWh","heater.microchp.rural.water","2040",0
"RCP8","water","heat_demand_TWh","heater.microchp.rural.water","2045",0
"RCP8","water","heat_demand_TWh","heater.microchp.rural.water","2050",0
"RCP8","water","heat_demand_TWh","heater.districtheating.rural.water","2011",0
"RCP8","water","heat_demand_TWh","heater.districtheating.rural.water","2015",0
"RCP8","water","heat_demand_TWh","heater.districtheating.rural.water","2020",0
"RCP8","water","heat_demand_TWh","heater.districtheating.rural.water","2025",0
"RCP8","water","heat_demand_TWh","heater.districtheating.rural.water","2030",0
"RCP8","water","heat_demand_TWh","heater.districtheating.rural.water","2035",0
"RCP8","water","heat_demand_TWh","heater.districtheating.rural.water","2040",0
"RCP8","water","heat_demand_TWh","heater.districtheating.rural.water","2045",0
"RCP8","water","heat_demand_TWh","heater.districtheating.rural.water","2050",0
"RCP8","water","energy_demand_TWh","heater.solid.boiler.urban.water","2011",-387.57266
"RCP8","water","energy_demand_TWh","heater.solid.boiler.urban.water","2015",-423.7821423
"RCP8","water","energy_demand_TWh","heater.solid.boiler.urban.water","2020",-463.7220882
"RCP8","water","energy_demand_TWh","heater.solid.boiler.urban.water","2025",-507.1029143
"RCP8","water","energy_demand_TWh","heater.solid.boiler.urban.water","2030",-549.7251581
"RCP8","water","energy_demand_TWh","heater.solid.boiler.urban.water","2035",-593.4599415
"RCP8","water","energy_demand_TWh","heater.solid.boiler.urban.water","2040",-625.7791925
"RCP8","water","energy_demand_TWh","heater.solid.boiler.urban.water","2045",-658.3151553
"RCP8","water","energy_demand_TWh","heater.solid.boiler.urban.water","2050",-703.0003446
"RCP8","water","energy_demand_TWh","heater.liquid.boiler.urban.water","2011",-507.5356262
"RCP8","water","energy_demand_TWh","heater.liquid.boiler.urban.water","2015",-536.0339597
"RCP8","water","energy_demand_TWh","heater.liquid.boiler.urban.water","2020",-562.0873796
"RCP8","water","energy_demand_TWh","heater.liquid.boiler.urban.water","2025",-589.4893821
"RCP8","water","energy_demand_TWh","heater.liquid.boiler.urban.water","2030",-613.2988159
"RCP8","water","energy_demand_TWh","heater.liquid.boiler.urban.water","2035",-635.8499373
"RCP8","water","energy_demand_TWh","heater.liquid.boiler.urban.water","2040",-644.3029009
"RCP8","water","energy_demand_TWh","heater.liquid.boiler.urban.water","2045",-651.7155046
"RCP8","water","energy_demand_TWh","heater.liquid.boiler.urban.water","2050",-669.5241377
"RCP8","water","energy_demand_TWh","heater.gas.boiler.urban.water","2011",-1483.565676
"RCP8","water","energy_demand_TWh","heater.gas.boiler.urban.water","2015",-1602.829414
"RCP8","water","energy_demand_TWh","heater.gas.boiler.urban.water","2020",-1727.592093
"RCP8","water","energy_demand_TWh","heater.gas.boiler.urban.water","2025",-1860.635867
"RCP8","water","energy_demand_TWh","heater.gas.boiler.urban.water","2030",-1986.251847
"RCP8","water","energy_demand_TWh","heater.gas.boiler.urban.water","2035",-2111.268724
"RCP8","water","energy_demand_TWh","heater.gas.boiler.urban.water","2040",-2191.669061
"RCP8","water","energy_demand_TWh","heater.gas.boiler.urban.water","2045",-2269.478751
"RCP8","water","energy_demand_TWh","heater.gas.boiler.urban.water","2050",-2385.179741
"RCP8","water","energy_demand_TWh","heater.heatpump.urban.water","2011",-304.5213757
"RCP8","water","energy_demand_TWh","heater.heatpump.urban.water","2015",-329.8670521
"RCP8","water","energy_demand_TWh","heater.heatpump.urban.water","2020",-356.7092986
"RCP8","water","energy_demand_TWh","heater.heatpump.urban.water","2025",-385.4353652
"RCP8","water","energy_demand_TWh","heater.heatpump.urban.water","2030",-412.7972799
"RCP8","water","energy_demand_TWh","heater.heatpump.urban.water","2035",-440.2038027
"RCP8","water","energy_demand_TWh","heater.heatpump.urban.water","2040",-458.4462949
"RCP8","water","energy_demand_TWh","heater.heatpump.urban.water","2045",-476.253638
"RCP8","water","energy_demand_TWh","heater.heatpump.urban.water","2050",-502.1431033
"RCP8","water","energy_demand_TWh","heater.electricity.urban.water","2011",-304.5213757
"RCP8","water","energy_demand_TWh","heater.electricity.urban.water","2015",-329.8670521
"RCP8","water","energy_demand_TWh","heater.electricity.urban.water","2020",-356.7092986
"RCP8","water","energy_demand_TWh","heater.electricity.urban.water","2025",-385.4353652
"RCP8","water","energy_demand_TWh","heater.electricity.urban.water","2030",-412.7972799
"RCP8","water","energy_demand_TWh","heater.electricity.urban.water","2035",-440.2038027
"RCP8","water","energy_demand_TWh","heater.electricity.urban.water","2040",-458.4462949
"RCP8","water","energy_demand_TWh","heater.electricity.urban.water","2045",-476.253638
"RCP8","water","energy_demand_TWh","heater.electricity.urban.water","2050",-502.1431033
"RCP8","water","energy_demand_TWh","heater.solar.urban.water","2011",-228.3910318
"RCP8","water","energy_demand_TWh","heater.solar.urban.water","2015",-241.2152819
"RCP8","water","energy_demand_TWh","heater.solar.urban.water","2020",-252.9393208
"RCP8","water","energy_demand_TWh","heater.solar.urban.water","2025",-265.270222
"RCP8","water","energy_demand_TWh","heater.solar.urban.water","2030",-275.9844671
"RCP8","water","energy_demand_TWh","heater.solar.urban.water","2035",-286.1324718
"RCP8","water","energy_demand_TWh","heater.solar.urban.water","2040",-289.9363054
"RCP8","water","energy_demand_TWh","heater.solar.urban.water","2045",-293.2719771
"RCP8","water","energy_demand_TWh","heater.solar.urban.water","2050",-301.285862
"RCP8","water","energy_demand_TWh","heater.microchp.urban.water","2011",0
"RCP8","water","energy_demand_TWh","heater.microchp.urban.water","2015",0
"RCP8","water","energy_demand_TWh","heater.microchp.urban.water","2020",0
"RCP8","water","energy_demand_TWh","heater.microchp.urban.water","2025",0
"RCP8","water","energy_demand_TWh","heater.microchp.urban.water","2030",0
"RCP8","water","energy_demand_TWh","heater.microchp.urban.water","2035",0
"RCP8","water","energy_demand_TWh","heater.microchp.urban.water","2040",0
"RCP8","water","energy_demand_TWh","heater.microchp.urban.water","2045",0
"RCP8","water","energy_demand_TWh","heater.microchp.urban.water","2050",0
"RCP8","water","energy_demand_TWh","heater.districtheating.urban.water","2011",-365.4256508
"RCP8","water","energy_demand_TWh","heater.districtheating.urban.water","2015",-395.8404626
"RCP8","water","energy_demand_TWh","heater.districtheating.urban.water","2020",-428.0511583
"RCP8","water","energy_demand_TWh","heater.districtheating.urban.water","2025",-462.5224383
"RCP8","water","energy_demand_TWh","heater.districtheating.urban.water","2030",-495.3567359
"RCP8","water","energy_demand_TWh","heater.districtheating.urban.water","2035",-528.2445633
"RCP8","water","energy_demand_TWh","heater.districtheating.urban.water","2040",-550.1355538
"RCP8","water","energy_demand_TWh","heater.districtheating.urban.water","2045",-571.5043655
"RCP8","water","energy_demand_TWh","heater.districtheating.urban.water","2050",-602.5717239
"RCP8","water","energy_demand_TWh","heater.solid.boiler.rural.water","2011",-1604.8733
"RCP8","water","energy_demand_TWh","heater.solid.boiler.rural.water","2015",-1752.470433
"RCP8","water","energy_demand_TWh","heater.solid.boiler.rural.water","2020",-1898.923444
"RCP8","water","energy_demand_TWh","heater.solid.boiler.rural.water","2025",-2063.296246
"RCP8","water","energy_demand_TWh","heater.solid.boiler.rural.water","2030",-2226.701671
"RCP8","water","energy_demand_TWh","heater.solid.boiler.rural.water","2035",-2379.88564
"RCP8","water","energy_demand_TWh","heater.solid.boiler.rural.water","2040",-2593.594796
"RCP8","water","energy_demand_TWh","heater.solid.boiler.rural.water","2045",-2817.621189
"RCP8","water","energy_demand_TWh","heater.solid.boiler.rural.water","2050",-2942.601873
"RCP8","water","energy_demand_TWh","heater.liquid.boiler.rural.water","2011",-84.54792287
"RCP8","water","energy_demand_TWh","heater.liquid.boiler.rural.water","2015",-89.59874834
"RCP8","water","energy_demand_TWh","heater.liquid.boiler.rural.water","2020",-93.59115739
"RCP8","water","energy_demand_TWh","heater.liquid.boiler.rural.water","2025",-98.11104768
"RCP8","water","energy_demand_TWh","heater.liquid.boiler.rural.water","2030",-102.2293803
"RCP8","water","energy_demand_TWh","heater.liquid.boiler.rural.water","2035",-105.5681756
"RCP8","water","energy_demand_TWh","heater.liquid.boiler.rural.water","2040",-111.2313746
"RCP8","water","energy_demand_TWh","heater.liquid.boiler.rural.water","2045",-116.9019343
"RCP8","water","energy_demand_TWh","heater.liquid.boiler.rural.water","2050",-118.1767821
"RCP8","water","energy_demand_TWh","heater.gas.boiler.rural.water","2011",-13.00737275
"RCP8","water","energy_demand_TWh","heater.gas.boiler.rural.water","2015",-14.10078662
"RCP8","water","energy_demand_TWh","heater.gas.boiler.rural.water","2020",-15.13974605
"RCP8","water","energy_demand_TWh","heater.gas.boiler.rural.water","2025",-16.29857795
"RCP8","water","energy_demand_TWh","heater.gas.boiler.rural.water","2030",-17.42546256
"RCP8","water","energy_demand_TWh","heater.gas.boiler.rural.water","2035",-18.44880738
"RCP8","water","energy_demand_TWh","heater.gas.boiler.rural.water","2040",-19.91400417
"RCP8","water","energy_demand_TWh","heater.gas.boiler.rural.water","2045",-21.42575646
"RCP8","water","energy_demand_TWh","heater.gas.boiler.rural.water","2050",-22.15814664
"RCP8","water","energy_demand_TWh","heater.heatpump.rural.water","2011",0
"RCP8","water","energy_demand_TWh","heater.heatpump.rural.water","2015",0
"RCP8","water","energy_demand_TWh","heater.heatpump.rural.water","2020",0
"RCP8","water","energy_demand_TWh","heater.heatpump.rural.water","2025",0
"RCP8","water","energy_demand_TWh","heater.heatpump.rural.water","2030",0
"RCP8","water","energy_demand_TWh","heater.heatpump.rural.water","2035",0
"RCP8","water","energy_demand_TWh","heater.heatpump.rural.water","2040",0
"RCP8","water","energy_demand_TWh","heater.heatpump.rural.water","2045",0
"RCP8","water","energy_demand_TWh","heater.heatpump.rural.water","2050",0
"RCP8","water","energy_demand_TWh","heater.electricity.rural.water","2011",-20.29150149
"RCP8","water","energy_demand_TWh","heater.electricity.rural.water","2015",-26.57919477
"RCP8","water","energy_demand_TWh","heater.electricity.rural.water","2020",-34.72287318
"RCP8","water","energy_demand_TWh","heater.electricity.rural.water","2025",-44.08224194
"RCP8","water","energy_demand_TWh","heater.electricity.rural.water","2030",-54.3408639
"RCP8","water","energy_demand_TWh","heater.electricity.rural.water","2035",-65.21489661
"RCP8","water","energy_demand_TWh","heater.electricity.rural.water","2040",-78.73952732
"RCP8","water","energy_demand_TWh","heater.electricity.rural.water","2045",-93.75212328
"RCP8","water","energy_demand_TWh","heater.electricity.rural.water","2050",-106.3591039
"RCP8","water","energy_demand_TWh","heater.solar.rural.water","2011",-126.8218843
"RCP8","water","energy_demand_TWh","heater.solar.rural.water","2015",-134.3981225
"RCP8","water","energy_demand_TWh","heater.solar.rural.water","2020",-140.3867361
"RCP8","water","energy_demand_TWh","heater.solar.rural.water","2025",-147.1665715
"RCP8","water","energy_demand_TWh","heater.solar.rural.water","2030",-153.3440705
"RCP8","water","energy_demand_TWh","heater.solar.rural.water","2035",-158.3522633
"RCP8","water","energy_demand_TWh","heater.solar.rural.water","2040",-166.8470619
"RCP8","water","energy_demand_TWh","heater.solar.rural.water","2045",-175.3529015
"RCP8","water","energy_demand_TWh","heater.solar.rural.water","2050",-177.2651731
"RCP8","water","energy_demand_TWh","heater.microchp.rural.water","2011",0
"RCP8","water","energy_demand_TWh","heater.microchp.rural.water","2015",0
"RCP8","water","energy_demand_TWh","heater.microchp.rural.water","2020",0
"RCP8","water","energy_demand_TWh","heater.microchp.rural.water","2025",0
"RCP8","water","energy_demand_TWh","heater.microchp.rural.water","2030",0
"RCP8","water","energy_demand_TWh","heater.microchp.rural.water","2035",0
"RCP8","water","energy_demand_TWh","heater.microchp.rural.water","2040",0
"RCP8","water","energy_demand_TWh","heater.microchp.rural.water","2045",0
"RCP8","water","energy_demand_TWh","heater.microchp.rural.water","2050",0
"RCP8","water","energy_demand_TWh","heater.districtheating.rural.water","2011",0
"RCP8","water","energy_demand_TWh","heater.districtheating.rural.water","2015",0
"RCP8","water","energy_demand_TWh","heater.districtheating.rural.water","2020",0
"RCP8","water","energy_demand_TWh","heater.districtheating.rural.water","2025",0
"RCP8","water","energy_demand_TWh","heater.districtheating.rural.water","2030",0
"RCP8","water","energy_demand_TWh","heater.districtheating.rural.water","2035",0
"RCP8","water","energy_demand_TWh","heater.districtheating.rural.water","2040",0
"RCP8","water","energy_demand_TWh","heater.districtheating.rural.water","2045",0
"RCP8","water","energy_demand_TWh","heater.districtheating.rural.water","2050",0
"RCP8","water","households","heater.solid.boiler.urban.water","2011",95283895.79
"RCP8","water","households","heater.solid.boiler.urban.water","2015",104500649.7
"RCP8","water","households","heater.solid.boiler.urban.water","2020",114792213.8
"RCP8","water","households","heater.solid.boiler.urban.water","2025",126030672.8
"RCP8","water","households","heater.solid.boiler.urban.water","2030",137183059.3
"RCP8","water","households","heater.solid.boiler.urban.water","2035",148721027.6
"RCP8","water","households","heater.solid.boiler.urban.water","2040",157500464.7
"RCP8","water","households","heater.solid.boiler.urban.water","2045",166429535.3
"RCP8","water","households","heater.solid.boiler.urban.water","2050",178544531.2
"RCP8","water","households","heater.liquid.boiler.urban.water","2011",136119851.1
"RCP8","water","households","heater.liquid.boiler.urban.water","2015",149286642.4
"RCP8","water","households","heater.liquid.boiler.urban.water","2020",163988876.8
"RCP8","water","households","heater.liquid.boiler.urban.water","2025",180043818.3
"RCP8","water","households","heater.liquid.boiler.urban.water","2030",195975799
"RCP8","water","households","heater.liquid.boiler.urban.water","2035",212458610.9
"RCP8","water","households","heater.liquid.boiler.urban.water","2040",225000663.8
"RCP8","water","households","heater.liquid.boiler.urban.water","2045",237756479
"RCP8","water","households","heater.liquid.boiler.urban.water","2050",255063616.1
"RCP8","water","households","heater.gas.boiler.urban.water","2011",517255434.3
"RCP8","water","households","heater.gas.boiler.urban.water","2015",567289241
"RCP8","water","households","heater.gas.boiler.urban.water","2020",623157731.8
"RCP8","water","households","heater.gas.boiler.urban.water","2025",684166509.6
"RCP8","water","households","heater.gas.boiler.urban.water","2030",744708036.2
"RCP8","water","households","heater.gas.boiler.urban.water","2035",807342721.5
"RCP8","water","households","heater.gas.boiler.urban.water","2040",855002522.5
"RCP8","water","households","heater.gas.boiler.urban.water","2045",903474620.1
"RCP8","water","households","heater.gas.boiler.urban.water","2050",969241741
"RCP8","water","households","heater.heatpump.urban.water","2011",272239702.3
"RCP8","water","households","heater.heatpump.urban.water","2015",298573284.7
"RCP8","water","households","heater.heatpump.urban.water","2020",327977753.6
"RCP8","water","households","heater.heatpump.urban.water","2025",360087636.6
"RCP8","water","households","heater.heatpump.urban.water","2030",391951598
"RCP8","water","households","heater.heatpump.urban.water","2035",424917221.8
"RCP8","water","households","heater.heatpump.urban.water","2040",450001327.6
"RCP8","water","households","heater.heatpump.urban.water","2045",475512957.9
"RCP8","water","households","heater.heatpump.urban.water","2050",510127232.1
"RCP8","water","households","heater.electricity.urban.water","2011",136119851.1
"RCP8","water","households","heater.electricity.urban.water","2015",149286642.4
"RCP8","water","households","heater.electricity.urban.water","2020",163988876.8
"RCP8","water","households","heater.electricity.urban.water","2025",180043818.3
"RCP8","water","households","heater.electricity.urban.water","2030",195975799
"RCP8","water","households","heater.electricity.urban.water","2035",212458610.9
"RCP8","water","households","heater.electricity.urban.water","2040",225000663.8
"RCP8","water","households","heater.electricity.urban.water","2045",237756479
"RCP8","water","households","heater.electricity.urban.water","2050",255063616.1
"RCP8","water","households","heater.solar.urban.water","2011",40835955.34
"RCP8","water","households","heater.solar.urban.water","2015",44785992.71
"RCP8","water","households","heater.solar.urban.water","2020",49196663.04
"RCP8","water","households","heater.solar.urban.water","2025",54013145.49
"RCP8","water","households","heater.solar.urban.water","2030",58792739.7
"RCP8","water","households","heater.solar.urban.water","2035",63737583.27
"RCP8","water","households","heater.solar.urban.water","2040",67500199.15
"RCP8","water","households","heater.solar.urban.water","2045",71326943.69
"RCP8","water","households","heater.solar.urban.water","2050",76519084.82
"RCP8","water","households","heater.microchp.urban.water","2011",0
"RCP8","water","households","heater.microchp.urban.water","2015",0
"RCP8","water","households","heater.microchp.urban.water","2020",0
"RCP8","water","households","heater.microchp.urban.water","2025",0
"RCP8","water","households","heater.microchp.urban.water","2030",0
"RCP8","water","households","heater.microchp.urban.water","2035",0
"RCP8","water","households","heater.microchp.urban.water","2040",0
"RCP8","water","households","heater.microchp.urban.water","2045",0
"RCP8","water","households","heater.microchp.urban.water","2050",0
"RCP8","water","households","heater.districtheating.urban.water","2011",163343821.4
"RCP8","water","households","heater.districtheating.urban.water","2015",179143970.8
"RCP8","water","households","heater.districtheating.urban.water","2020",196786652.1
"RCP8","water","households","heater.districtheating.urban.water","2025",216052582
"RCP8","water","households","heater.districtheating.urban.water","2030",235170958.8
"RCP8","water","households","heater.districtheating.urban.water","2035",254950333.1
"RCP8","water","households","heater.districtheating.urban.water","2040",270000796.6
"RCP8","water","households","heater.districtheating.urban.water","2045",285307774.8
"RCP8","water","households","heater.districtheating.urban.water","2050",306076339.3
"RCP8","water","households","heater.solid.boiler.rural.water","2011",493193264.2
"RCP8","water","households","heater.solid.boiler.rural.water","2015",529595315
"RCP8","water","households","heater.solid.boiler.rural.water","2020",562331288.9
"RCP8","water","households","heater.solid.boiler.rural.water","2025",599177411.7
"RCP8","water","households","heater.solid.boiler.rural.water","2030",634560151.5
"RCP8","water","households","heater.solid.boiler.rural.water","2035",666013154.6
"RCP8","water","households","heater.solid.boiler.rural.water","2040",713240444
"RCP8","water","households","heater.solid.boiler.rural.water","2045",761917098.8
"RCP8","water","households","heater.solid.boiler.rural.water","2050",782935360.1
"RCP8","water","households","heater.liquid.boiler.rural.water","2011",28344440.47
"RCP8","water","households","heater.liquid.boiler.rural.water","2015",30580718.52
"RCP8","water","households","heater.liquid.boiler.rural.water","2020",32664462.71
"RCP8","water","households","heater.liquid.boiler.rural.water","2025",35013363.89
"RCP8","water","households","heater.liquid.boiler.rural.water","2030",37304561.21
"RCP8","water","households","heater.liquid.boiler.rural.water","2035",39391132.89
"RCP8","water","households","heater.liquid.boiler.rural.water","2040",42441832.95
"RCP8","water","households","heater.liquid.boiler.rural.water","2045",45616774.41
"RCP8","water","households","heater.liquid.boiler.rural.water","2050",47164780.73
"RCP8","water","households","heater.gas.boiler.rural.water","2011",5668888.094
"RCP8","water","households","heater.gas.boiler.rural.water","2015",6116143.703
"RCP8","water","households","heater.gas.boiler.rural.water","2020",6532892.543
"RCP8","water","households","heater.gas.boiler.rural.water","2025",7002672.777
"RCP8","water","households","heater.gas.boiler.rural.water","2030",7460912.242
"RCP8","water","households","heater.gas.boiler.rural.water","2035",7878226.579
"RCP8","water","households","heater.gas.boiler.rural.water","2040",8488366.591
"RCP8","water","households","heater.gas.boiler.rural.water","2045",9123354.883
"RCP8","water","households","heater.gas.boiler.rural.water","2050",9432956.146
"RCP8","water","households","heater.heatpump.rural.water","2011",0
"RCP8","water","households","heater.heatpump.rural.water","2015",0
"RCP8","water","households","heater.heatpump.rural.water","2020",0
"RCP8","water","households","heater.heatpump.rural.water","2025",0
"RCP8","water","households","heater.heatpump.rural.water","2030",0
"RCP8","water","households","heater.heatpump.rural.water","2035",0
"RCP8","water","households","heater.heatpump.rural.water","2040",0
"RCP8","water","households","heater.heatpump.rural.water","2045",0
"RCP8","water","households","heater.heatpump.rural.water","2050",0
"RCP8","water","households","heater.electricity.rural.water","2011",11337776.19
"RCP8","water","households","heater.electricity.rural.water","2015",14741474.57
"RCP8","water","households","heater.electricity.rural.water","2020",19096147.43
"RCP8","water","households","heater.electricity.rural.water","2025",24060465.44
"RCP8","water","households","heater.electricity.rural.water","2030",29461038.08
"RCP8","water","households","heater.electricity.rural.water","2035",35149010.89
"RCP8","water","households","heater.electricity.rural.water","2040",42224182.53
"RCP8","water","households","heater.electricity.rural.water","2045",50061485.77
"RCP8","water","households","heater.electricity.rural.water","2050",56597736.87
"RCP8","water","households","heater.solar.rural.water","2011",28344440.47
"RCP8","water","households","heater.solar.rural.water","2015",30580718.52
"RCP8","water","households","heater.solar.rural.water","2020",32664462.71
"RCP8","water","households","heater.solar.rural.water","2025",35013363.89
"RCP8","water","households","heater.solar.rural.water","2030",37304561.21
"RCP8","water","households","heater.solar.rural.water","2035",39391132.89
"RCP8","water","households","heater.solar.rural.water","2040",42441832.95
"RCP8","water","households","heater.solar.rural.water","2045",45616774.41
"RCP8","water","households","heater.solar.rural.water","2050",47164780.73
"RCP8","water","households","heater.microchp.rural.water","2011",0
"RCP8","water","households","heater.microchp.rural.water","2015",0
"RCP8","water","households","heater.microchp.rural.water","2020",0
"RCP8","water","households","heater.microchp.rural.water","2025",0
"RCP8","water","households","heater.microchp.rural.water","2030",0
"RCP8","water","households","heater.microchp.rural.water","2035",0
"RCP8","water","households","heater.microchp.rural.water","2040",0
"RCP8","water","households","heater.microchp.rural.water","2045",0
"RCP8","water","households","heater.microchp.rural.water","2050",0
"RCP8","water","households","heater.districtheating.rural.water","2011",0
"RCP8","water","households","heater.districtheating.rural.water","2015",0
"RCP8","water","households","heater.districtheating.rural.water","2020",0
"RCP8","water","households","heater.districtheating.rural.water","2025",0
"RCP8","water","households","heater.districtheating.rural.water","2030",0
"RCP8","water","households","heater.districtheating.rural.water","2035",0
"RCP8","water","households","heater.districtheating.rural.water","2040",0
"RCP8","water","households","heater.districtheating.rural.water","2045",0
"RCP8","water","households","heater.districtheating.rural.water","2050",0
"RCP8","cook","demand_TWh","cooker.traditionalbiomass.stoves.urban","2011",228.6813499
"RCP8","cook","demand_TWh","cooker.traditionalbiomass.stoves.urban","2015",245.289437
"RCP8","cook","demand_TWh","cooker.traditionalbiomass.stoves.urban","2020",261.8776217
"RCP8","cook","demand_TWh","cooker.traditionalbiomass.stoves.urban","2025",279.2064136
"RCP8","cook","demand_TWh","cooker.traditionalbiomass.stoves.urban","2030",294.8682022
"RCP8","cook","demand_TWh","cooker.traditionalbiomass.stoves.urban","2035",309.8627125
"RCP8","cook","demand_TWh","cooker.traditionalbiomass.stoves.urban","2040",317.7701683
"RCP8","cook","demand_TWh","cooker.traditionalbiomass.stoves.urban","2045",324.8119282
"RCP8","cook","demand_TWh","cooker.traditionalbiomass.stoves.urban","2050",336.6839732
"RCP8","cook","demand_TWh","cooker.traditionalbiomass.stoves.rural","2011",516.5774276
"RCP8","cook","demand_TWh","cooker.traditionalbiomass.stoves.rural","2015",547.2184342
"RCP8","cook","demand_TWh","cooker.traditionalbiomass.stoves.rural","2020",570.9999347
"RCP8","cook","demand_TWh","cooker.traditionalbiomass.stoves.rural","2025",597.5838548
"RCP8","cook","demand_TWh","cooker.traditionalbiomass.stoves.rural","2030",621.2644232
"RCP8","cook","demand_TWh","cooker.traditionalbiomass.stoves.rural","2035",639.7271486
"RCP8","cook","demand_TWh","cooker.traditionalbiomass.stoves.rural","2040",671.7236254
"RCP8","cook","demand_TWh","cooker.traditionalbiomass.stoves.rural","2045",703.112398
"RCP8","cook","demand_TWh","cooker.traditionalbiomass.stoves.rural","2050",707.4717109
"RCP8","cook","energy_demand_TWh","cooker.traditionalbiomass.stoves.urban","2011",-762.2711663
"RCP8","cook","energy_demand_TWh","cooker.traditionalbiomass.stoves.urban","2015",-730.2509956
"RCP8","cook","energy_demand_TWh","cooker.traditionalbiomass.stoves.urban","2020",-687.7594105
"RCP8","cook","energy_demand_TWh","cooker.traditionalbiomass.stoves.urban","2025",-655.9668754
"RCP8","cook","energy_demand_TWh","cooker.traditionalbiomass.stoves.urban","2030",-626.6953616
"RCP8","cook","energy_demand_TWh","cooker.traditionalbiomass.stoves.urban","2035",-601.2261586
"RCP8","cook","energy_demand_TWh","cooker.traditionalbiomass.stoves.urban","2040",-567.1870281
"RCP8","cook","energy_demand_TWh","cooker.traditionalbiomass.stoves.urban","2045",-536.7654746
"RCP8","cook","energy_demand_TWh","cooker.traditionalbiomass.stoves.urban","2050",-517.9753434
"RCP8","cook","energy_demand_TWh","cooker.traditionalbiomass.stoves.rural","2011",-1721.924759
"RCP8","cook","energy_demand_TWh","cooker.traditionalbiomass.stoves.rural","2015",-1629.123583
"RCP8","cook","energy_demand_TWh","cooker.traditionalbiomass.stoves.rural","2020",-1499.595788
"RCP8","cook","energy_demand_TWh","cooker.traditionalbiomass.stoves.rural","2025",-1403.962068
"RCP8","cook","energy_demand_TWh","cooker.traditionalbiomass.stoves.rural","2030",-1320.398502
"RCP8","cook","energy_demand_TWh","cooker.traditionalbiomass.stoves.rural","2035",-1241.261632
"RCP8","cook","energy_demand_TWh","cooker.traditionalbiomass.stoves.rural","2040",-1198.957501
"RCP8","cook","energy_demand_TWh","cooker.traditionalbiomass.stoves.rural","2045",-1161.923031
"RCP8","cook","energy_demand_TWh","cooker.traditionalbiomass.stoves.rural","2050",-1088.418017
"RCP8","cook","households","cooker.traditionalbiomass.stoves.urban","2011",163343821.4
"RCP8","cook","households","cooker.traditionalbiomass.stoves.urban","2015",179143970.8
"RCP8","cook","households","cooker.traditionalbiomass.stoves.urban","2020",196786652.1
"RCP8","cook","households","cooker.traditionalbiomass.stoves.urban","2025",216052582
"RCP8","cook","households","cooker.traditionalbiomass.stoves.urban","2030",235170958.8
"RCP8","cook","households","cooker.traditionalbiomass.stoves.urban","2035",254950333.1
"RCP8","cook","households","cooker.traditionalbiomass.stoves.urban","2040",270000796.6
"RCP8","cook","households","cooker.traditionalbiomass.stoves.urban","2045",285307774.8
"RCP8","cook","households","cooker.traditionalbiomass.stoves.urban","2050",306076339.3
"RCP8","cook","households","cooker.traditionalbiomass.stoves.rural","2011",425166607.1
"RCP8","cook","households","cooker.traditionalbiomass.stoves.rural","2015",458710777.8
"RCP8","cook","households","cooker.traditionalbiomass.stoves.rural","2020",489966940.7
"RCP8","cook","households","cooker.traditionalbiomass.stoves.rural","2025",525200458.3
"RCP8","cook","households","cooker.traditionalbiomass.stoves.rural","2030",559568418.2
"RCP8","cook","households","cooker.traditionalbiomass.stoves.rural","2035",590866993.4
"RCP8","cook","households","cooker.traditionalbiomass.stoves.rural","2040",636627494.3
"RCP8","cook","households","cooker.traditionalbiomass.stoves.rural","2045",684251616.2
"RCP8","cook","households","cooker.traditionalbiomass.stoves.rural","2050",707471710.9
"RCP8","space","heat_demand_TWh","heater.solid.boiler.urban.no.elec","2011",62.59306754
"RCP8","space","heat_demand_TWh","heater.solid.boiler.urban.no.elec","2015",58.36996144
"RCP8","space","heat_demand_TWh","heater.solid.boiler.urban.no.elec","2020",61.23086015
"RCP8","space","heat_demand_TWh","heater.solid.boiler.urban.no.elec","2025",58.34216586
"RCP8","space","heat_demand_TWh","heater.solid.boiler.urban.no.elec","2030",58.25508056
"RCP8","space","heat_demand_TWh","heater.solid.boiler.urban.no.elec","2035",57.56121969
"RCP8","space","heat_demand_TWh","heater.solid.boiler.urban.no.elec","2040",59.73661415
"RCP8","space","heat_demand_TWh","heater.solid.boiler.urban.no.elec","2045",61.65969671
"RCP8","space","heat_demand_TWh","heater.solid.boiler.urban.no.elec","2050",64.39080987
"RCP8","space","heat_demand_TWh","heater.traditionalbiomass.boiler.urban.no.elec","2011",250.3722701
"RCP8","space","heat_demand_TWh","heater.traditionalbiomass.boiler.urban.no.elec","2015",233.4798458
"RCP8","space","heat_demand_TWh","heater.traditionalbiomass.boiler.urban.no.elec","2020",244.9234406
"RCP8","space","heat_demand_TWh","heater.traditionalbiomass.boiler.urban.no.elec","2025",233.3686634
"RCP8","space","heat_demand_TWh","heater.traditionalbiomass.boiler.urban.no.elec","2030",233.0203222
"RCP8","space","heat_demand_TWh","heater.traditionalbiomass.boiler.urban.no.elec","2035",230.2448788
"RCP8","space","heat_demand_TWh","heater.traditionalbiomass.boiler.urban.no.elec","2040",238.9464566
"RCP8","space","heat_demand_TWh","heater.traditionalbiomass.boiler.urban.no.elec","2045",246.6387868
"RCP8","space","heat_demand_TWh","heater.traditionalbiomass.boiler.urban.no.elec","2050",257.5632395
"RCP8","space","heat_demand_TWh","heater.solid.boiler.rural.no.elec","2011",86.82072183
"RCP8","space","heat_demand_TWh","heater.solid.boiler.rural.no.elec","2015",88.42322706
"RCP8","space","heat_demand_TWh","heater.solid.boiler.rural.no.elec","2020",92.14456385
"RCP8","space","heat_demand_TWh","heater.solid.boiler.rural.no.elec","2025",92.80589838
"RCP8","space","heat_demand_TWh","heater.solid.boiler.rural.no.elec","2030",92.14183409
"RCP8","space","heat_demand_TWh","heater.solid.boiler.rural.no.elec","2035",91.46848522
"RCP8","space","heat_demand_TWh","heater.solid.boiler.rural.no.elec","2040",91.88522487
"RCP8","space","heat_demand_TWh","heater.solid.boiler.rural.no.elec","2045",91.25284744
"RCP8","space","heat_demand_TWh","heater.solid.boiler.rural.no.elec","2050",91.59037611
"RCP8","space","heat_demand_TWh","heater.traditionalbiomass.boiler.rural.no.elec","2011",347.2828873
"RCP8","space","heat_demand_TWh","heater.traditionalbiomass.boiler.rural.no.elec","2015",353.6929083
"RCP8","space","heat_demand_TWh","heater.traditionalbiomass.boiler.rural.no.elec","2020",368.5782554
"RCP8","space","heat_demand_TWh","heater.traditionalbiomass.boiler.rural.no.elec","2025",371.2235935
"RCP8","space","heat_demand_TWh","heater.traditionalbiomass.boiler.rural.no.elec","2030",368.5673364
"RCP8","space","heat_demand_TWh","heater.traditionalbiomass.boiler.rural.no.elec","2035",365.8739409
"RCP8","space","heat_demand_TWh","heater.traditionalbiomass.boiler.rural.no.elec","2040",367.5408995
"RCP8","space","heat_demand_TWh","heater.traditionalbiomass.boiler.rural.no.elec","2045",365.0113898
"RCP8","space","heat_demand_TWh","heater.traditionalbiomass.boiler.rural.no.elec","2050",366.3615045
"RCP8","space","energy_demand_TWh","heater.solid.boiler.urban.no.elec","2011",-113.8055773
"RCP8","space","energy_demand_TWh","heater.solid.boiler.urban.no.elec","2015",-107.1260469
"RCP8","space","energy_demand_TWh","heater.solid.boiler.urban.no.elec","2020",-113.7144546
"RCP8","space","energy_demand_TWh","heater.solid.boiler.urban.no.elec","2025",-109.6551551
"RCP8","space","energy_demand_TWh","heater.solid.boiler.urban.no.elec","2030",-110.8267386
"RCP8","space","energy_demand_TWh","heater.solid.boiler.urban.no.elec","2035",-110.8586453
"RCP8","space","energy_demand_TWh","heater.solid.boiler.urban.no.elec","2040",-116.4863976
"RCP8","space","energy_demand_TWh","heater.solid.boiler.urban.no.elec","2045",-121.7583884
"RCP8","space","energy_demand_TWh","heater.solid.boiler.urban.no.elec","2050",-128.7816197
"RCP8","space","energy_demand_TWh","heater.traditionalbiomass.boiler.urban.no.elec","2011",-834.5742338
"RCP8","space","energy_demand_TWh","heater.traditionalbiomass.boiler.urban.no.elec","2015",-778.2661526
"RCP8","space","energy_demand_TWh","heater.traditionalbiomass.boiler.urban.no.elec","2020",-816.4114687
"RCP8","space","energy_demand_TWh","heater.traditionalbiomass.boiler.urban.no.elec","2025",-777.8955448
"RCP8","space","energy_demand_TWh","heater.traditionalbiomass.boiler.urban.no.elec","2030",-776.7344074
"RCP8","space","energy_demand_TWh","heater.traditionalbiomass.boiler.urban.no.elec","2035",-767.4829292
"RCP8","space","energy_demand_TWh","heater.traditionalbiomass.boiler.urban.no.elec","2040",-796.4881887
"RCP8","space","energy_demand_TWh","heater.traditionalbiomass.boiler.urban.no.elec","2045",-822.1292895
"RCP8","space","energy_demand_TWh","heater.traditionalbiomass.boiler.urban.no.elec","2050",-858.5441317
"RCP8","space","energy_demand_TWh","heater.solid.boiler.rural.no.elec","2011",-157.8558579
"RCP8","space","energy_demand_TWh","heater.solid.boiler.rural.no.elec","2015",-162.2826285
"RCP8","space","energy_demand_TWh","heater.solid.boiler.rural.no.elec","2020",-171.1256186
"RCP8","space","energy_demand_TWh","heater.solid.boiler.rural.no.elec","2025",-174.4303632
"RCP8","space","energy_demand_TWh","heater.solid.boiler.rural.no.elec","2030",-175.294221
"RCP8","space","energy_demand_TWh","heater.solid.boiler.rural.no.elec","2035",-176.1615271
"RCP8","space","energy_demand_TWh","heater.solid.boiler.rural.no.elec","2040",-179.1761885
"RCP8","space","energy_demand_TWh","heater.solid.boiler.rural.no.elec","2045",-180.1954962
"RCP8","space","energy_demand_TWh","heater.solid.boiler.rural.no.elec","2050",-183.1807522
"RCP8","space","energy_demand_TWh","heater.traditionalbiomass.boiler.rural.no.elec","2011",-1157.609624
"RCP8","space","energy_demand_TWh","heater.traditionalbiomass.boiler.rural.no.elec","2015",-1178.976361
"RCP8","space","energy_demand_TWh","heater.traditionalbiomass.boiler.rural.no.elec","2020",-1228.594185
"RCP8","space","energy_demand_TWh","heater.traditionalbiomass.boiler.rural.no.elec","2025",-1237.411978
"RCP8","space","energy_demand_TWh","heater.traditionalbiomass.boiler.rural.no.elec","2030",-1228.557788
"RCP8","space","energy_demand_TWh","heater.traditionalbiomass.boiler.rural.no.elec","2035",-1219.579803
"RCP8","space","energy_demand_TWh","heater.traditionalbiomass.boiler.rural.no.elec","2040",-1225.136332
"RCP8","space","energy_demand_TWh","heater.traditionalbiomass.boiler.rural.no.elec","2045",-1216.704633
"RCP8","space","energy_demand_TWh","heater.traditionalbiomass.boiler.rural.no.elec","2050",-1221.205015
"RCP8","space","households","heater.solid.boiler.urban.no.elec","2011",18304270.27
"RCP8","space","households","heater.solid.boiler.urban.no.elec","2015",17025736.68
"RCP8","space","households","heater.solid.boiler.urban.no.elec","2020",18028760.47
"RCP8","space","households","heater.solid.boiler.urban.no.elec","2025",17383541.08
"RCP8","space","households","heater.solid.boiler.urban.no.elec","2030",17611200.33
"RCP8","space","households","heater.solid.boiler.urban.no.elec","2035",17704884.24
"RCP8","space","households","heater.solid.boiler.urban.no.elec","2040",18750055.32
"RCP8","space","households","heater.solid.boiler.urban.no.elec","2045",19813039.91
"RCP8","space","households","heater.solid.boiler.urban.no.elec","2050",21255301.34
"RCP8","space","households","heater.traditionalbiomass.boiler.urban.no.elec","2011",73217081.08
"RCP8","space","households","heater.traditionalbiomass.boiler.urban.no.elec","2015",68102946.72
"RCP8","space","households","heater.traditionalbiomass.boiler.urban.no.elec","2020",72115041.88
"RCP8","space","households","heater.traditionalbiomass.boiler.urban.no.elec","2025",69534164.31
"RCP8","space","households","heater.traditionalbiomass.boiler.urban.no.elec","2030",70444801.31
"RCP8","space","households","heater.traditionalbiomass.boiler.urban.no.elec","2035",70819536.97
"RCP8","space","households","heater.traditionalbiomass.boiler.urban.no.elec","2040",75000221.27
"RCP8","space","households","heater.traditionalbiomass.boiler.urban.no.elec","2045",79252159.66
"RCP8","space","households","heater.traditionalbiomass.boiler.urban.no.elec","2050",85021205.35
"RCP8","space","households","heater.solid.boiler.rural.no.elec","2011",53354240.89
"RCP8","space","households","heater.solid.boiler.rural.no.elec","2015",52687262.02
"RCP8","space","households","heater.solid.boiler.rural.no.elec","2020",53777451.24
"RCP8","space","households","heater.solid.boiler.rural.no.elec","2025",53334310.11
"RCP8","space","households","heater.solid.boiler.rural.no.elec","2030",52428031.97
"RCP8","space","households","heater.solid.boiler.rural.no.elec","2035",51823550.25
"RCP8","space","households","heater.solid.boiler.rural.no.elec","2040",52150748.99
"RCP8","space","households","heater.solid.boiler.rural.no.elec","2045",52217272.32
"RCP8","space","households","heater.solid.boiler.rural.no.elec","2050",53211547.49
"RCP8","space","households","heater.traditionalbiomass.boiler.rural.no.elec","2011",213416963.5
"RCP8","space","households","heater.traditionalbiomass.boiler.rural.no.elec","2015",210749048.1
"RCP8","space","households","heater.traditionalbiomass.boiler.rural.no.elec","2020",215109805
"RCP8","space","households","heater.traditionalbiomass.boiler.rural.no.elec","2025",213337240.4
"RCP8","space","households","heater.traditionalbiomass.boiler.rural.no.elec","2030",209712127.9
"RCP8","space","households","heater.traditionalbiomass.boiler.rural.no.elec","2035",207294201
"RCP8","space","households","heater.traditionalbiomass.boiler.rural.no.elec","2040",208602996
"RCP8","space","households","heater.traditionalbiomass.boiler.rural.no.elec","2045",208869089.3
"RCP8","space","households","heater.traditionalbiomass.boiler.rural.no.elec","2050",212846190
"RCP8","cook","demand_TWh","cooker.traditionalbiomass.stoves.urban.no.elec","2011",128.1298919
"RCP8","cook","demand_TWh","cooker.traditionalbiomass.stoves.urban.no.elec","2015",116.5608127
"RCP8","cook","demand_TWh","cooker.traditionalbiomass.stoves.urban.no.elec","2020",119.9605985
"RCP8","cook","demand_TWh","cooker.traditionalbiomass.stoves.urban.no.elec","2025",112.3244193
"RCP8","cook","demand_TWh","cooker.traditionalbiomass.stoves.urban.no.elec","2030",110.408679
"RCP8","cook","demand_TWh","cooker.traditionalbiomass.stoves.urban.no.elec","2035",107.5912196
"RCP8","cook","demand_TWh","cooker.traditionalbiomass.stoves.urban.no.elec","2040",110.336864
"RCP8","cook","demand_TWh","cooker.traditionalbiomass.stoves.urban.no.elec","2045",112.7819195
"RCP8","cook","demand_TWh","cooker.traditionalbiomass.stoves.urban.no.elec","2050",116.9041574
"RCP8","cook","demand_TWh","cooker.traditionalbiomass.stoves.rural.no.elec","2011",324.1270134
"RCP8","cook","demand_TWh","cooker.traditionalbiomass.stoves.rural.no.elec","2015",314.2660084
"RCP8","cook","demand_TWh","cooker.traditionalbiomass.stoves.rural.no.elec","2020",313.3570717
"RCP8","cook","demand_TWh","cooker.traditionalbiomass.stoves.rural.no.elec","2025",303.4243604
"RCP8","cook","demand_TWh","cooker.traditionalbiomass.stoves.rural.no.elec","2030",291.0427929
"RCP8","cook","demand_TWh","cooker.traditionalbiomass.stoves.rural.no.elec","2035",280.5447961
"RCP8","cook","demand_TWh","cooker.traditionalbiomass.stoves.rural.no.elec","2040",275.1286309
"RCP8","cook","demand_TWh","cooker.traditionalbiomass.stoves.rural.no.elec","2045",268.2829729
"RCP8","cook","demand_TWh","cooker.traditionalbiomass.stoves.rural.no.elec","2050",266.0577374
"RCP8","cook","energy_demand_TWh","cooker.traditionalbiomass.stoves.urban.no.elec","2011",-427.0996396
"RCP8","cook","energy_demand_TWh","cooker.traditionalbiomass.stoves.urban.no.elec","2015",-363.6697355
"RCP8","cook","energy_demand_TWh","cooker.traditionalbiomass.stoves.urban.no.elec","2020",-346.5528401
"RCP8","cook","energy_demand_TWh","cooker.traditionalbiomass.stoves.urban.no.elec","2025",-302.1139553
"RCP8","cook","energy_demand_TWh","cooker.traditionalbiomass.stoves.urban.no.elec","2030",-277.8024826
"RCP8","cook","energy_demand_TWh","cooker.traditionalbiomass.stoves.urban.no.elec","2035",-254.3065191
"RCP8","cook","energy_demand_TWh","cooker.traditionalbiomass.stoves.urban.no.elec","2040",-245.8935826
"RCP8","cook","energy_demand_TWh","cooker.traditionalbiomass.stoves.urban.no.elec","2045",-237.756479
"RCP8","cook","energy_demand_TWh","cooker.traditionalbiomass.stoves.urban.no.elec","2050",-233.8083147
"RCP8","cook","energy_demand_TWh","cooker.traditionalbiomass.stoves.rural.no.elec","2011",-1080.423378
"RCP8","cook","energy_demand_TWh","cooker.traditionalbiomass.stoves.rural.no.elec","2015",-980.5099463
"RCP8","cook","energy_demand_TWh","cooker.traditionalbiomass.stoves.rural.no.elec","2020",-905.2537626
"RCP8","cook","energy_demand_TWh","cooker.traditionalbiomass.stoves.rural.no.elec","2025",-816.1069003
"RCP8","cook","energy_demand_TWh","cooker.traditionalbiomass.stoves.rural.no.elec","2030",-732.3012208
"RCP8","cook","energy_demand_TWh","cooker.traditionalbiomass.stoves.rural.no.elec","2035",-663.1058816
"RCP8","cook","energy_demand_TWh","cooker.traditionalbiomass.stoves.rural.no.elec","2040",-613.143806
"RCP8","cook","energy_demand_TWh","cooker.traditionalbiomass.stoves.rural.no.elec","2045",-565.5695103
"RCP8","cook","energy_demand_TWh","cooker.traditionalbiomass.stoves.rural.no.elec","2050",-532.1154749
"RCP8","cook","households","cooker.traditionalbiomass.stoves.urban.no.elec","2011",91521351.35
"RCP8","cook","households","cooker.traditionalbiomass.stoves.urban.no.elec","2015",85128683.41
"RCP8","cook","households","cooker.traditionalbiomass.stoves.urban.no.elec","2020",90143802.34
"RCP8","cook","households","cooker.traditionalbiomass.stoves.urban.no.elec","2025",86917705.39
"RCP8","cook","households","cooker.traditionalbiomass.stoves.urban.no.elec","2030",88056001.64
"RCP8","cook","households","cooker.traditionalbiomass.stoves.urban.no.elec","2035",88524421.21
"RCP8","cook","households","cooker.traditionalbiomass.stoves.urban.no.elec","2040",93750276.59
"RCP8","cook","households","cooker.traditionalbiomass.stoves.urban.no.elec","2045",99065199.57
"RCP8","cook","households","cooker.traditionalbiomass.stoves.urban.no.elec","2050",106276506.7
"RCP8","cook","households","cooker.traditionalbiomass.stoves.rural.no.elec","2011",266771204.4
"RCP8","cook","households","cooker.traditionalbiomass.stoves.rural.no.elec","2015",263436310.1
"RCP8","cook","households","cooker.traditionalbiomass.stoves.rural.no.elec","2020",268887256.2
"RCP8","cook","households","cooker.traditionalbiomass.stoves.rural.no.elec","2025",266671550.5
"RCP8","cook","households","cooker.traditionalbiomass.stoves.rural.no.elec","2030",262140159.9
"RCP8","cook","households","cooker.traditionalbiomass.stoves.rural.no.elec","2035",259117751.3
"RCP8","cook","households","cooker.traditionalbiomass.stoves.rural.no.elec","2040",260753744.9
"RCP8","cook","households","cooker.traditionalbiomass.stoves.rural.no.elec","2045",261086361.6
"RCP8","cook","households","cooker.traditionalbiomass.stoves.rural.no.elec","2050",266057737.4
"RCP8","space","heat_demand_TWh","heater.solid.boiler.non residential.space","2011",56.02593903
"RCP8","space","heat_demand_TWh","heater.solid.boiler.non residential.space","2015",59.59655558
"RCP8","space","heat_demand_TWh","heater.solid.boiler.non residential.space","2020",71.33336883
"RCP8","space","heat_demand_TWh","heater.solid.boiler.non residential.space","2025",83.49473215
"RCP8","space","heat_demand_TWh","heater.solid.boiler.non residential.space","2030",95.86119044
"RCP8","space","heat_demand_TWh","heater.solid.boiler.non residential.space","2035",108.382777
"RCP8","space","heat_demand_TWh","heater.solid.boiler.non residential.space","2040",121.0227327
"RCP8","space","heat_demand_TWh","heater.solid.boiler.non residential.space","2045",133.6915694
"RCP8","space","heat_demand_TWh","heater.solid.boiler.non residential.space","2050",146.2486062
"RCP8","space","heat_demand_TWh","heater.liquid.boiler.non residential.space","2011",196.0907866
"RCP8","space","heat_demand_TWh","heater.liquid.boiler.non residential.space","2015",208.5879445
"RCP8","space","heat_demand_TWh","heater.liquid.boiler.non residential.space","2020",249.6667909
"RCP8","space","heat_demand_TWh","heater.liquid.boiler.non residential.space","2025",292.2315625
"RCP8","space","heat_demand_TWh","heater.liquid.boiler.non residential.space","2030",335.5141665
"RCP8","space","heat_demand_TWh","heater.liquid.boiler.non residential.space","2035",379.3397194
"RCP8","space","heat_demand_TWh","heater.liquid.boiler.non residential.space","2040",423.5795644
"RCP8","space","heat_demand_TWh","heater.liquid.boiler.non residential.space","2045",467.9204929
"RCP8","space","heat_demand_TWh","heater.liquid.boiler.non residential.space","2050",511.8701217
"RCP8","space","heat_demand_TWh","heater.gas.boiler.non residential.space","2011",597.6100163
"RCP8","space","heat_demand_TWh","heater.gas.boiler.non residential.space","2015",635.6965929
"RCP8","space","heat_demand_TWh","heater.gas.boiler.non residential.space","2020",760.8892675
"RCP8","space","heat_demand_TWh","heater.gas.boiler.non residential.space","2025",890.6104763
"RCP8","space","heat_demand_TWh","heater.gas.boiler.non residential.space","2030",1022.519365
"RCP8","space","heat_demand_TWh","heater.gas.boiler.non residential.space","2035",1156.082954
"RCP8","space","heat_demand_TWh","heater.gas.boiler.non residential.space","2040",1290.909149
"RCP8","space","heat_demand_TWh","heater.gas.boiler.non residential.space","2045",1426.043407
"RCP8","space","heat_demand_TWh","heater.gas.boiler.non residential.space","2050",1559.985133
"RCP8","space","heat_demand_TWh","heater.heatpump.non residential.space","2011",560.2593903
"RCP8","space","heat_demand_TWh","heater.heatpump.non residential.space","2015",644.8652937
"RCP8","space","heat_demand_TWh","heater.heatpump.non residential.space","2020",845.0260615
"RCP8","space","heat_demand_TWh","heater.heatpump.non residential.space","2025",1074.727065
"RCP8","space","heat_demand_TWh","heater.heatpump.non residential.space","2030",1332.224749
"RCP8","space","heat_demand_TWh","heater.heatpump.non residential.space","2035",1617.404518
"RCP8","space","heat_demand_TWh","heater.heatpump.non residential.space","2040",1930.157429
"RCP8","space","heat_demand_TWh","heater.heatpump.non residential.space","2045",2269.328691
"RCP8","space","heat_demand_TWh","heater.heatpump.non residential.space","2050",2632.474911
"RCP8","space","heat_demand_TWh","heater.electricity.non residential.space","2011",0
"RCP8","space","heat_demand_TWh","heater.electricity.non residential.space","2015",0
"RCP8","space","heat_demand_TWh","heater.electricity.non residential.space","2020",0
"RCP8","space","heat_demand_TWh","heater.electricity.non residential.space","2025",0
"RCP8","space","heat_demand_TWh","heater.electricity.non residential.space","2030",0
"RCP8","space","heat_demand_TWh","heater.electricity.non residential.space","2035",0
"RCP8","space","heat_demand_TWh","heater.electricity.non residential.space","2040",0
"RCP8","space","heat_demand_TWh","heater.electricity.non residential.space","2045",0
"RCP8","space","heat_demand_TWh","heater.electricity.non residential.space","2050",0
"RCP8","space","heat_demand_TWh","heater.solar.non residential.space","2011",0
"RCP8","space","heat_demand_TWh","heater.solar.non residential.space","2015",0
"RCP8","space","heat_demand_TWh","heater.solar.non residential.space","2020",0
"RCP8","space","heat_demand_TWh","heater.solar.non residential.space","2025",0
"RCP8","space","heat_demand_TWh","heater.solar.non residential.space","2030",0
"RCP8","space","heat_demand_TWh","heater.solar.non residential.space","2035",0
"RCP8","space","heat_demand_TWh","heater.solar.non residential.space","2040",0
"RCP8","space","heat_demand_TWh","heater.solar.non residential.space","2045",0
"RCP8","space","heat_demand_TWh","heater.solar.non residential.space","2050",0
"RCP8","space","heat_demand_TWh","heater.microchp.non residential.space","2011",0
"RCP8","space","heat_demand_TWh","heater.microchp.non residential.space","2015",0
"RCP8","space","heat_demand_TWh","heater.microchp.non residential.space","2020",0
"RCP8","space","heat_demand_TWh","heater.microchp.non residential.space","2025",0
"RCP8","space","heat_demand_TWh","heater.microchp.non residential.space","2030",0
"RCP8","space","heat_demand_TWh","heater.microchp.non residential.space","2035",0
"RCP8","space","heat_demand_TWh","heater.microchp.non residential.space","2040",0
"RCP8","space","heat_demand_TWh","heater.microchp.non residential.space","2045",0
"RCP8","space","heat_demand_TWh","heater.microchp.non residential.space","2050",0
"RCP8","space","heat_demand_TWh","heater.districtheating.non residential.space","2011",457.5451687
"RCP8","space","heat_demand_TWh","heater.districtheating.non residential.space","2015",437.805466
"RCP8","space","heat_demand_TWh","heater.districtheating.non residential.space","2020",450.8634722
"RCP8","space","heat_demand_TWh","heater.districtheating.non residential.space","2025",442.0939023
"RCP8","space","heat_demand_TWh","heater.districtheating.non residential.space","2030",409.2535438
"RCP8","space","heat_demand_TWh","heater.districtheating.non residential.space","2035",351.5492638
"RCP8","space","heat_demand_TWh","heater.districtheating.non residential.space","2040",268.4222148
"RCP8","space","heat_demand_TWh","heater.districtheating.non residential.space","2045",159.4014866
"RCP8","space","heat_demand_TWh","heater.districtheating.non residential.space","2050",24.3747677
"RCP8","space","energy_demand_TWh","heater.solid.boiler.non residential.space","2011",-101.8653437
"RCP8","space","energy_demand_TWh","heater.solid.boiler.non residential.space","2015",-109.3772079
"RCP8","space","energy_demand_TWh","heater.solid.boiler.non residential.space","2020",-132.4762564
"RCP8","space","energy_demand_TWh","heater.solid.boiler.non residential.space","2025",-156.929858
"RCP8","space","energy_demand_TWh","heater.solid.boiler.non residential.space","2030",-182.3700696
"RCP8","space","energy_demand_TWh","heater.solid.boiler.non residential.space","2035",-208.7372001
"RCP8","space","energy_demand_TWh","heater.solid.boiler.non residential.space","2040",-235.9943287
"RCP8","space","energy_demand_TWh","heater.solid.boiler.non residential.space","2045",-263.9985421
"RCP8","space","energy_demand_TWh","heater.solid.boiler.non residential.space","2050",-292.4972124
"RCP8","space","energy_demand_TWh","heater.liquid.boiler.non residential.space","2011",-326.8179776
"RCP8","space","energy_demand_TWh","heater.liquid.boiler.non residential.space","2015",-338.9554099
"RCP8","space","energy_demand_TWh","heater.liquid.boiler.non residential.space","2020",-393.4143372
"RCP8","space","energy_demand_TWh","heater.liquid.boiler.non residential.space","2025",-446.9423898
"RCP8","space","energy_demand_TWh","heater.liquid.boiler.non residential.space","2030",-498.4781903
"RCP8","space","energy_demand_TWh","heater.liquid.boiler.non residential.space","2035",-547.9351502
"RCP8","space","energy_demand_TWh","heater.liquid.boiler.non residential.space","2040",-595.3010094
"RCP8","space","energy_demand_TWh","heater.liquid.boiler.non residential.space","2045",-640.3122535
"RCP8","space","energy_demand_TWh","heater.liquid.boiler.non residential.space","2050",-682.4934956
"RCP8","space","energy_demand_TWh","heater.gas.boiler.non residential.space","2011",-766.1666875
"RCP8","space","energy_demand_TWh","heater.gas.boiler.non residential.space","2015",-812.8579384
"RCP8","space","energy_demand_TWh","heater.gas.boiler.non residential.space","2020",-969.7608311
"RCP8","space","energy_demand_TWh","heater.gas.boiler.non residential.space","2025",-1131.394416
"RCP8","space","energy_demand_TWh","heater.gas.boiler.non residential.space","2030",-1294.748546
"RCP8","space","energy_demand_TWh","heater.gas.boiler.non residential.space","2035",-1459.133826
"RCP8","space","energy_demand_TWh","heater.gas.boiler.non residential.space","2040",-1624.046993
"RCP8","space","energy_demand_TWh","heater.gas.boiler.non residential.space","2045",-1788.285945
"RCP8","space","energy_demand_TWh","heater.gas.boiler.non residential.space","2050",-1949.981416
"RCP8","space","energy_demand_TWh","heater.heatpump.non residential.space","2011",-280.1296951
"RCP8","space","energy_demand_TWh","heater.heatpump.non residential.space","2015",-322.4326469
"RCP8","space","energy_demand_TWh","heater.heatpump.non residential.space","2020",-422.5130307
"RCP8","space","energy_demand_TWh","heater.heatpump.non residential.space","2025",-537.3635326
"RCP8","space","energy_demand_TWh","heater.heatpump.non residential.space","2030",-666.1123746
"RCP8","space","energy_demand_TWh","heater.heatpump.non residential.space","2035",-808.7022589
"RCP8","space","energy_demand_TWh","heater.heatpump.non residential.space","2040",-965.0787144
"RCP8","space","energy_demand_TWh","heater.heatpump.non residential.space","2045",-1134.664346
"RCP8","space","energy_demand_TWh","heater.heatpump.non residential.space","2050",-1316.237456
"RCP8","space","energy_demand_TWh","heater.electricity.non residential.space","2011",0
"RCP8","space","energy_demand_TWh","heater.electricity.non residential.space","2015",0
"RCP8","space","energy_demand_TWh","heater.electricity.non residential.space","2020",0
"RCP8","space","energy_demand_TWh","heater.electricity.non residential.space","2025",0
"RCP8","space","energy_demand_TWh","heater.electricity.non residential.space","2030",0
"RCP8","space","energy_demand_TWh","heater.electricity.non residential.space","2035",0
"RCP8","space","energy_demand_TWh","heater.electricity.non residential.space","2040",0
"RCP8","space","energy_demand_TWh","heater.electricity.non residential.space","2045",0
"RCP8","space","energy_demand_TWh","heater.electricity.non residential.space","2050",0
"RCP8","space","energy_demand_TWh","heater.solar.non residential.space","2011",0
"RCP8","space","energy_demand_TWh","heater.solar.non residential.space","2015",0
"RCP8","space","energy_demand_TWh","heater.solar.non residential.space","2020",0
"RCP8","space","energy_demand_TWh","heater.solar.non residential.space","2025",0
"RCP8","space","energy_demand_TWh","heater.solar.non residential.space","2030",0
"RCP8","space","energy_demand_TWh","heater.solar.non residential.space","2035",0
"RCP8","space","energy_demand_TWh","heater.solar.non residential.space","2040",0
"RCP8","space","energy_demand_TWh","heater.solar.non residential.space","2045",0
"RCP8","space","energy_demand_TWh","heater.solar.non residential.space","2050",0
"RCP8","space","energy_demand_TWh","heater.microchp.non residential.space","2011",0
"RCP8","space","energy_demand_TWh","heater.microchp.non residential.space","2015",0
"RCP8","space","energy_demand_TWh","heater.microchp.non residential.space","2020",0
"RCP8","space","energy_demand_TWh","heater.microchp.non residential.space","2025",0
"RCP8","space","energy_demand_TWh","heater.microchp.non residential.space","2030",0
"RCP8","space","energy_demand_TWh","heater.microchp.non residential.space","2035",0
"RCP8","space","energy_demand_TWh","heater.microchp.non residential.space","2040",0
"RCP8","space","energy_demand_TWh","heater.microchp.non residential.space","2045",0
"RCP8","space","energy_demand_TWh","heater.microchp.non residential.space","2050",0
"RCP8","space","energy_demand_TWh","heater.districtheating.non residential.space","2011",-653.6359553
"RCP8","space","energy_demand_TWh","heater.districtheating.non residential.space","2015",-638.5345241
"RCP8","space","energy_demand_TWh","heater.districtheating.non residential.space","2020",-675.2563524
"RCP8","space","energy_demand_TWh","heater.districtheating.non residential.space","2025",-680.4128725
"RCP8","space","energy_demand_TWh","heater.districtheating.non residential.space","2030",-647.7633201
"RCP8","space","energy_demand_TWh","heater.districtheating.non residential.space","2035",-572.6993019
"RCP8","space","energy_demand_TWh","heater.districtheating.non residential.space","2040",-450.4503604
"RCP8","space","energy_demand_TWh","heater.districtheating.non residential.space","2045",-275.8055891
"RCP8","space","energy_demand_TWh","heater.districtheating.non residential.space","2050",-43.52637089
"RCP8","space","buildings","heater.solid.boiler.non residential.space","2011",55809.17618
"RCP8","space","buildings","heater.solid.boiler.non residential.space","2015",60210.93406
"RCP8","space","buildings","heater.solid.boiler.non residential.space","2020",73181.29993
"RCP8","space","buildings","heater.solid.boiler.non residential.space","2025",87054.18224
"RCP8","space","buildings","heater.solid.boiler.non residential.space","2030",101667.7186
"RCP8","space","buildings","heater.solid.boiler.non residential.space","2035",117034.7522
"RCP8","space","buildings","heater.solid.boiler.non residential.space","2040",133186.5243
"RCP8","space","buildings","heater.solid.boiler.non residential.space","2045",150100.5878
"RCP8","space","buildings","heater.solid.boiler.non residential.space","2050",167697.0602
"RCP8","space","buildings","heater.liquid.boiler.non residential.space","2011",195332.1166
"RCP8","space","buildings","heater.liquid.boiler.non residential.space","2015",210738.2692
"RCP8","space","buildings","heater.liquid.boiler.non residential.space","2020",256134.5498
"RCP8","space","buildings","heater.liquid.boiler.non residential.space","2025",304689.6378
"RCP8","space","buildings","heater.liquid.boiler.non residential.space","2030",355837.015
"RCP8","space","buildings","heater.liquid.boiler.non residential.space","2035",409621.6326
"RCP8","space","buildings","heater.liquid.boiler.non residential.space","2040",466152.8352
"RCP8","space","buildings","heater.liquid.boiler.non residential.space","2045",525352.0574
"RCP8","space","buildings","heater.liquid.boiler.non residential.space","2050",586939.7107
"RCP8","space","buildings","heater.gas.boiler.non residential.space","2011",595297.8793
"RCP8","space","buildings","heater.gas.boiler.non residential.space","2015",642249.9633
"RCP8","space","buildings","heater.gas.boiler.non residential.space","2020",780600.5326
"RCP8","space","buildings","heater.gas.boiler.non residential.space","2025",928577.9439
"RCP8","space","buildings","heater.gas.boiler.non residential.space","2030",1084455.665
"RCP8","space","buildings","heater.gas.boiler.non residential.space","2035",1248370.69
"RCP8","space","buildings","heater.gas.boiler.non residential.space","2040",1420656.26
"RCP8","space","buildings","heater.gas.boiler.non residential.space","2045",1601072.937
"RCP8","space","buildings","heater.gas.boiler.non residential.space","2050",1788768.642
"RCP8","space","buildings","heater.heatpump.non residential.space","2011",558091.7618
"RCP8","space","buildings","heater.heatpump.non residential.space","2015",651513.1839
"RCP8","space","buildings","heater.heatpump.non residential.space","2020",866916.9377
"RCP8","space","buildings","heater.heatpump.non residential.space","2025",1120543.577
"RCP8","space","buildings","heater.heatpump.non residential.space","2030",1412920.602
"RCP8","space","buildings","heater.heatpump.non residential.space","2035",1746518.609
"RCP8","space","buildings","heater.heatpump.non residential.space","2040",2124154.311
"RCP8","space","buildings","heater.heatpump.non residential.space","2045",2547861.26
"RCP8","space","buildings","heater.heatpump.non residential.space","2050",3018547.083
"RCP8","space","buildings","heater.electricity.non residential.space","2011",0
"RCP8","space","buildings","heater.electricity.non residential.space","2015",0
"RCP8","space","buildings","heater.electricity.non residential.space","2020",0
"RCP8","space","buildings","heater.electricity.non residential.space","2025",0
"RCP8","space","buildings","heater.electricity.non residential.space","2030",0
"RCP8","space","buildings","heater.electricity.non residential.space","2035",0
"RCP8","space","buildings","heater.electricity.non residential.space","2040",0
"RCP8","space","buildings","heater.electricity.non residential.space","2045",0
"RCP8","space","buildings","heater.electricity.non residential.space","2050",0
"RCP8","space","buildings","heater.solar.non residential.space","2011",0
"RCP8","space","buildings","heater.solar.non residential.space","2015",0
"RCP8","space","buildings","heater.solar.non residential.space","2020",0
"RCP8","space","buildings","heater.solar.non residential.space","2025",0
"RCP8","space","buildings","heater.solar.non residential.space","2030",0
"RCP8","space","buildings","heater.solar.non residential.space","2035",0
"RCP8","space","buildings","heater.solar.non residential.space","2040",0
"RCP8","space","buildings","heater.solar.non residential.space","2045",0
"RCP8","space","buildings","heater.solar.non residential.space","2050",0
"RCP8","space","buildings","heater.microchp.non residential.space","2011",0
"RCP8","space","buildings","heater.microchp.non residential.space","2015",0
"RCP8","space","buildings","heater.microchp.non residential.space","2020",0
"RCP8","space","buildings","heater.microchp.non residential.space","2025",0
"RCP8","space","buildings","heater.microchp.non residential.space","2030",0
"RCP8","space","buildings","heater.microchp.non residential.space","2035",0
"RCP8","space","buildings","heater.microchp.non residential.space","2040",0
"RCP8","space","buildings","heater.microchp.non residential.space","2045",0
"RCP8","space","buildings","heater.microchp.non residential.space","2050",0
"RCP8","space","buildings","heater.districtheating.non residential.space","2011",455774.9388
"RCP8","space","buildings","heater.districtheating.non residential.space","2015",442318.7848
"RCP8","space","buildings","heater.districtheating.non residential.space","2020",462543.3444
"RCP8","space","buildings","heater.districtheating.non residential.space","2025",460940.7342
"RCP8","space","buildings","heater.districtheating.non residential.space","2030",434042.9524
"RCP8","space","buildings","heater.districtheating.non residential.space","2035",379612.7218
"RCP8","space","buildings","heater.districtheating.non residential.space","2040",295400.8809
"RCP8","space","buildings","heater.districtheating.non residential.space","2045",178966.0855
"RCP8","space","buildings","heater.districtheating.non residential.space","2050",27949.51003
"RCP8","cool","demand_TWh","cooling.airconditioners.non residential","2011",471.8282177
"RCP8","cool","demand_TWh","cooling.airconditioners.non residential","2015",520.185652
"RCP8","cool","demand_TWh","cooling.airconditioners.non residential","2020",650.167797
"RCP8","cool","demand_TWh","cooling.airconditioners.non residential","2025",793.4686686
"RCP8","cool","demand_TWh","cooling.airconditioners.non residential","2030",948.5011124
"RCP8","cool","demand_TWh","cooling.airconditioners.non residential","2035",1115.078685
"RCP8","cool","demand_TWh","cooling.airconditioners.non residential","2040",1293.076187
"RCP8","cool","demand_TWh","cooling.airconditioners.non residential","2045",1481.724064
"RCP8","cool","demand_TWh","cooling.airconditioners.non residential","2050",1679.519597
"RCP8","cool","demand_TWh","cooling.chillers.non residential","2011",64.3402115
"RCP8","cool","demand_TWh","cooling.chillers.non residential","2015",62.78102697
"RCP8","cool","demand_TWh","cooling.chillers.non residential","2020",66.11875902
"RCP8","cool","demand_TWh","cooling.chillers.non residential","2025",66.12238905
"RCP8","cool","demand_TWh","cooling.chillers.non residential","2030",62.19679426
"RCP8","cool","demand_TWh","cooling.chillers.non residential","2035",53.95542024
"RCP8","cool","demand_TWh","cooling.chillers.non residential","2040",41.05003769
"RCP8","cool","demand_TWh","cooling.chillers.non residential","2045",23.1519385
"RCP8","cool","demand_TWh","cooling.chillers.non residential","2050",0
"RCP8","cool","demand_TWh","cooling.solarcooling.non residential","2011",0
"RCP8","cool","demand_TWh","cooling.solarcooling.non residential","2015",0
"RCP8","cool","demand_TWh","cooling.solarcooling.non residential","2020",0
"RCP8","cool","demand_TWh","cooling.solarcooling.non residential","2025",0
"RCP8","cool","demand_TWh","cooling.solarcooling.non residential","2030",0
"RCP8","cool","demand_TWh","cooling.solarcooling.non residential","2035",0
"RCP8","cool","demand_TWh","cooling.solarcooling.non residential","2040",0
"RCP8","cool","demand_TWh","cooling.solarcooling.non residential","2045",0
"RCP8","cool","demand_TWh","cooling.solarcooling.non residential","2050",0
"RCP8","cool","energy_demand_TWh","cooling.airconditioners.non residential","2011",-188.7312871
"RCP8","cool","energy_demand_TWh","cooling.airconditioners.non residential","2015",-208.0742608
"RCP8","cool","energy_demand_TWh","cooling.airconditioners.non residential","2020",-260.0671188
"RCP8","cool","energy_demand_TWh","cooling.airconditioners.non residential","2025",-317.3874675
"RCP8","cool","energy_demand_TWh","cooling.airconditioners.non residential","2030",-379.400445
"RCP8","cool","energy_demand_TWh","cooling.airconditioners.non residential","2035",-446.031474
"RCP8","cool","energy_demand_TWh","cooling.airconditioners.non residential","2040",-517.2304749
"RCP8","cool","energy_demand_TWh","cooling.airconditioners.non residential","2045",-592.6896255
"RCP8","cool","energy_demand_TWh","cooling.airconditioners.non residential","2050",-671.8078389
"RCP8","cool","energy_demand_TWh","cooling.chillers.non residential","2011",-35.74456195
"RCP8","cool","energy_demand_TWh","cooling.chillers.non residential","2015",-34.87834832
"RCP8","cool","energy_demand_TWh","cooling.chillers.non residential","2020",-36.7326439
"RCP8","cool","energy_demand_TWh","cooling.chillers.non residential","2025",-36.73466058
"RCP8","cool","energy_demand_TWh","cooling.chillers.non residential","2030",-34.55377459
"RCP8","cool","energy_demand_TWh","cooling.chillers.non residential","2035",-29.97523347
"RCP8","cool","energy_demand_TWh","cooling.chillers.non residential","2040",-22.8055765
"RCP8","cool","energy_demand_TWh","cooling.chillers.non residential","2045",-12.86218805
"RCP8","cool","energy_demand_TWh","cooling.chillers.non residential","2050",0
"RCP8","cool","energy_demand_TWh","cooling.solarcooling.non residential","2011",0
"RCP8","cool","energy_demand_TWh","cooling.solarcooling.non residential","2015",0
"RCP8","cool","energy_demand_TWh","cooling.solarcooling.non residential","2020",0
"RCP8","cool","energy_demand_TWh","cooling.solarcooling.non residential","2025",0
"RCP8","cool","energy_demand_TWh","cooling.solarcooling.non residential","2030",0
"RCP8","cool","energy_demand_TWh","cooling.solarcooling.non residential","2035",0
"RCP8","cool","energy_demand_TWh","cooling.solarcooling.non residential","2040",0
"RCP8","cool","energy_demand_TWh","cooling.solarcooling.non residential","2045",0
"RCP8","cool","energy_demand_TWh","cooling.solarcooling.non residential","2050",0
"RCP8","cool","buildings","cooling.airconditioners.non residential","2011",1637069.168
"RCP8","cool","buildings","cooling.airconditioners.non residential","2015",1790889.321
"RCP8","cool","buildings","cooling.airconditioners.non residential","2020",2214203.434
"RCP8","cool","buildings","cooling.airconditioners.non residential","2025",2678590.223
"RCP8","cool","buildings","cooling.airconditioners.non residential","2030",3180374.786
"RCP8","cool","buildings","cooling.airconditioners.non residential","2035",3721104.941
"RCP8","cool","buildings","cooling.airconditioners.non residential","2040",4302949.248
"RCP8","cool","buildings","cooling.airconditioners.non residential","2045",4926378.267
"RCP8","cool","buildings","cooling.airconditioners.non residential","2050",5589902.006
"RCP8","cool","buildings","cooling.chillers.non residential","2011",223236.7047
"RCP8","cool","buildings","cooling.chillers.non residential","2015",216141.8146
"RCP8","cool","buildings","cooling.chillers.non residential","2020",225173.2306
"RCP8","cool","buildings","cooling.chillers.non residential","2025",223215.8519
"RCP8","cool","buildings","cooling.chillers.non residential","2030",208549.1663
"RCP8","cool","buildings","cooling.chillers.non residential","2035",180053.4649
"RCP8","cool","buildings","cooling.chillers.non residential","2040",136601.5634
"RCP8","cool","buildings","cooling.chillers.non residential","2045",76974.66042
"RCP8","cool","buildings","cooling.chillers.non residential","2050",0
"RCP8","cool","buildings","cooling.solarcooling.non residential","2011",0
"RCP8","cool","buildings","cooling.solarcooling.non residential","2015",0
"RCP8","cool","buildings","cooling.solarcooling.non residential","2020",0
"RCP8","cool","buildings","cooling.solarcooling.non residential","2025",0
"RCP8","cool","buildings","cooling.solarcooling.non residential","2030",0
"RCP8","cool","buildings","cooling.solarcooling.non residential","2035",0
"RCP8","cool","buildings","cooling.solarcooling.non residential","2040",0
"RCP8","cool","buildings","cooling.solarcooling.non residential","2045",0
"RCP8","cool","buildings","cooling.solarcooling.non residential","2050",0
"RCP8","heat","loss","heat.loss.urban","2011",16.9
"RCP8","heat","loss","heat.loss.urban","2015",16.8
"RCP8","heat","loss","heat.loss.urban","2020",16.11428571
"RCP8","heat","loss","heat.loss.urban","2025",15.42857143
"RCP8","heat","loss","heat.loss.urban","2030",14.74285714
"RCP8","heat","loss","heat.loss.urban","2035",14.05714286
"RCP8","heat","loss","heat.loss.urban","2040",13.37142857
"RCP8","heat","loss","heat.loss.urban","2045",12.68571429
"RCP8","heat","loss","heat.loss.urban","2050",12
"RCP8","heat","loss","heat.loss.rural","2011",18.7
"RCP8","heat","loss","heat.loss.rural","2015",18.5
"RCP8","heat","loss","heat.loss.rural","2020",17.57142857
"RCP8","heat","loss","heat.loss.rural","2025",16.64285714
"RCP8","heat","loss","heat.loss.rural","2030",15.71428571
"RCP8","heat","loss","heat.loss.rural","2035",14.78571429
"RCP8","heat","loss","heat.loss.rural","2040",13.85714286
"RCP8","heat","loss","heat.loss.rural","2045",12.92857143
"RCP8","heat","loss","heat.loss.rural","2050",12
"RCP8","heat","loss","heat.loss.non.residential","2011",14.8
"RCP8","heat","loss","heat.loss.non.residential","2015",14.7
"RCP8","heat","loss","heat.loss.non.residential","2020",14.31428571
"RCP8","heat","loss","heat.loss.non.residential","2025",13.92857143
"RCP8","heat","loss","heat.loss.non.residential","2030",13.54285714
"RCP8","heat","loss","heat.loss.non.residential","2035",13.15714286
"RCP8","heat","loss","heat.loss.non.residential","2040",12.77142857
"RCP8","heat","loss","heat.loss.non.residential","2045",12.38571429
"RCP8","heat","loss","heat.loss.non.residential","2050",12
"RCP6","households",,"households.urban","2011",1361198511
"RCP6","households",,"households.urban","2015",1513371410
"RCP6","households",,"households.urban","2020",1695470585
"RCP6","households",,"households.urban","2025",1883409097
"RCP6","households",,"households.urban","2030",2074192123
"RCP6","households",,"households.urban","2035",2254193115
"RCP6","households",,"households.urban","2040",2438016199
"RCP6","households",,"households.urban","2045",2613260424
"RCP6","households",,"households.urban","2050",2793556883
"RCP6","households",,"households.urban.no.elec","2011",91521351.35
"RCP6","households",,"households.urban.no.elec","2015",86297952.45
"RCP6","households",,"households.urban.no.elec","2020",83420635.67
"RCP6","households",,"households.urban.no.elec","2025",74289510.3
"RCP6","households",,"households.urban.no.elec","2030",61948065.46
"RCP6","households",,"households.urban.no.elec","2035",55430978.24
"RCP6","households",,"households.urban.no.elec","2040",47219477.87
"RCP6","households",,"households.urban.no.elec","2045",49256564.29
"RCP6","households",,"households.urban.no.elec","2050",51205726.98
"RCP6","households",,"households.rural","2011",566888809.4
"RCP6","households",,"households.rural","2015",594963306.4
"RCP6","households",,"households.rural","2020",617143213.7
"RCP6","households",,"households.rural","2025",640280223.8
"RCP6","households",,"households.rural","2030",661768930.2
"RCP6","households",,"households.rural","2035",680127499.4
"RCP6","households",,"households.rural","2040",694735675.3
"RCP6","households",,"households.rural","2045",704757633.3
"RCP6","households",,"households.rural","2050",707743714.2
"RCP6","households",,"households.rural.no.elec","2011",266771204.4
"RCP6","households",,"households.rural.no.elec","2015",256264315.7
"RCP6","households",,"households.rural.no.elec","2020",247075614.5
"RCP6","households",,"households.rural.no.elec","2025",233163504.8
"RCP6","households",,"households.rural.no.elec","2030",218242945.1
"RCP6","households",,"households.rural.no.elec","2035",206609787.9
"RCP6","households",,"households.rural.no.elec","2040",193673116.6
"RCP6","households",,"households.rural.no.elec","2045",179505394.7
"RCP6","households",,"households.rural.no.elec","2050",163861845.2
"RCP6","space","efficiency","heater.solid.boiler.urban.space","2011",0.55
"RCP6","space","efficiency","heater.solid.boiler.urban.space","2015",0.544871795
"RCP6","space","efficiency","heater.solid.boiler.urban.space","2020",0.57489011
"RCP6","space","efficiency","heater.solid.boiler.urban.space","2025",0.604908425
"RCP6","space","efficiency","heater.solid.boiler.urban.space","2030",0.63492674
"RCP6","space","efficiency","heater.solid.boiler.urban.space","2035",0.664945055
"RCP6","space","efficiency","heater.solid.boiler.urban.space","2040",0.69496337
"RCP6","space","efficiency","heater.solid.boiler.urban.space","2045",0.724981685
"RCP6","space","efficiency","heater.solid.boiler.urban.space","2050",0.755
"RCP6","space","efficiency","heater.liquid.boiler.urban.space","2011",0.6
"RCP6","space","efficiency","heater.liquid.boiler.urban.space","2015",0.615384615
"RCP6","space","efficiency","heater.liquid.boiler.urban.space","2020",0.651758242
"RCP6","space","efficiency","heater.liquid.boiler.urban.space","2025",0.688131868
"RCP6","space","efficiency","heater.liquid.boiler.urban.space","2030",0.724505495
"RCP6","space","efficiency","heater.liquid.boiler.urban.space","2035",0.760879121
"RCP6","space","efficiency","heater.liquid.boiler.urban.space","2040",0.797252747
"RCP6","space","efficiency","heater.liquid.boiler.urban.space","2045",0.833626374
"RCP6","space","efficiency","heater.liquid.boiler.urban.space","2050",0.87
"RCP6","space","efficiency","heater.gas.boiler.urban.space","2011",0.78
"RCP6","space","efficiency","heater.gas.boiler.urban.space","2015",0.782051282
"RCP6","space","efficiency","heater.gas.boiler.urban.space","2020",0.833186813
"RCP6","space","efficiency","heater.gas.boiler.urban.space","2025",0.884322344
"RCP6","space","efficiency","heater.gas.boiler.urban.space","2030",0.935457875
"RCP6","space","efficiency","heater.gas.boiler.urban.space","2035",0.986593407
"RCP6","space","efficiency","heater.gas.boiler.urban.space","2040",1.037728938
"RCP6","space","efficiency","heater.gas.boiler.urban.space","2045",1.088864469
"RCP6","space","efficiency","heater.gas.boiler.urban.space","2050",1.14
"RCP6","space","efficiency","heater.heatpump.urban.space","2011",2
"RCP6","space","efficiency","heater.heatpump.urban.space","2015",2
"RCP6","space","efficiency","heater.heatpump.urban.space","2020",2.242857143
"RCP6","space","efficiency","heater.heatpump.urban.space","2025",2.485714286
"RCP6","space","efficiency","heater.heatpump.urban.space","2030",2.728571429
"RCP6","space","efficiency","heater.heatpump.urban.space","2035",2.971428571
"RCP6","space","efficiency","heater.heatpump.urban.space","2040",3.214285714
"RCP6","space","efficiency","heater.heatpump.urban.space","2045",3.457142857
"RCP6","space","efficiency","heater.heatpump.urban.space","2050",3.7
"RCP6","space","efficiency","heater.electricity.urban.space","2011",1
"RCP6","space","efficiency","heater.electricity.urban.space","2015",1
"RCP6","space","efficiency","heater.electricity.urban.space","2020",1
"RCP6","space","efficiency","heater.electricity.urban.space","2025",1
"RCP6","space","efficiency","heater.electricity.urban.space","2030",1
"RCP6","space","efficiency","heater.electricity.urban.space","2035",1
"RCP6","space","efficiency","heater.electricity.urban.space","2040",1
"RCP6","space","efficiency","heater.electricity.urban.space","2045",1
"RCP6","space","efficiency","heater.electricity.urban.space","2050",1
"RCP6","space","efficiency","heater.solar.urban.space","2011",0.4
"RCP6","space","efficiency","heater.solar.urban.space","2015",0.41025641
"RCP6","space","efficiency","heater.solar.urban.space","2020",0.447362637
"RCP6","space","efficiency","heater.solar.urban.space","2025",0.484468864
"RCP6","space","efficiency","heater.solar.urban.space","2030",0.521575092
"RCP6","space","efficiency","heater.solar.urban.space","2035",0.558681319
"RCP6","space","efficiency","heater.solar.urban.space","2040",0.595787546
"RCP6","space","efficiency","heater.solar.urban.space","2045",0.632893773
"RCP6","space","efficiency","heater.solar.urban.space","2050",0.67
"RCP6","space","efficiency","heater.solid.boiler.rural.space","2011",0.55
"RCP6","space","efficiency","heater.solid.boiler.rural.space","2015",0.544871795
"RCP6","space","efficiency","heater.solid.boiler.rural.space","2020",0.57489011
"RCP6","space","efficiency","heater.solid.boiler.rural.space","2025",0.604908425
"RCP6","space","efficiency","heater.solid.boiler.rural.space","2030",0.63492674
"RCP6","space","efficiency","heater.solid.boiler.rural.space","2035",0.664945055
"RCP6","space","efficiency","heater.solid.boiler.rural.space","2040",0.69496337
"RCP6","space","efficiency","heater.solid.boiler.rural.space","2045",0.724981685
"RCP6","space","efficiency","heater.solid.boiler.rural.space","2050",0.755
"RCP6","space","efficiency","heater.liquid.boiler.rural.space","2011",0.6
"RCP6","space","efficiency","heater.liquid.boiler.rural.space","2015",0.615384615
"RCP6","space","efficiency","heater.liquid.boiler.rural.space","2020",0.651758242
"RCP6","space","efficiency","heater.liquid.boiler.rural.space","2025",0.688131868
"RCP6","space","efficiency","heater.liquid.boiler.rural.space","2030",0.724505495
"RCP6","space","efficiency","heater.liquid.boiler.rural.space","2035",0.760879121
"RCP6","space","efficiency","heater.liquid.boiler.rural.space","2040",0.797252747
"RCP6","space","efficiency","heater.liquid.boiler.rural.space","2045",0.833626374
"RCP6","space","efficiency","heater.liquid.boiler.rural.space","2050",0.87
"RCP6","space","efficiency","heater.gas.boiler.rural.space","2011",0.78
"RCP6","space","efficiency","heater.gas.boiler.rural.space","2015",0.782051282
"RCP6","space","efficiency","heater.gas.boiler.rural.space","2020",0.833186813
"RCP6","space","efficiency","heater.gas.boiler.rural.space","2025",0.884322344
"RCP6","space","efficiency","heater.gas.boiler.rural.space","2030",0.935457875
"RCP6","space","efficiency","heater.gas.boiler.rural.space","2035",0.986593407
"RCP6","space","efficiency","heater.gas.boiler.rural.space","2040",1.037728938
"RCP6","space","efficiency","heater.gas.boiler.rural.space","2045",1.088864469
"RCP6","space","efficiency","heater.gas.boiler.rural.space","2050",1.14
"RCP6","space","efficiency","heater.heatpump.rural.space","2011",2
"RCP6","space","efficiency","heater.heatpump.rural.space","2015",2
"RCP6","space","efficiency","heater.heatpump.rural.space","2020",2.242857143
"RCP6","space","efficiency","heater.heatpump.rural.space","2025",2.485714286
"RCP6","space","efficiency","heater.heatpump.rural.space","2030",2.728571429
"RCP6","space","efficiency","heater.heatpump.rural.space","2035",2.971428571
"RCP6","space","efficiency","heater.heatpump.rural.space","2040",3.214285714
"RCP6","space","efficiency","heater.heatpump.rural.space","2045",3.457142857
"RCP6","space","efficiency","heater.heatpump.rural.space","2050",3.7
"RCP6","space","efficiency","heater.electricity.rural.space","2011",1
"RCP6","space","efficiency","heater.electricity.rural.space","2015",1
"RCP6","space","efficiency","heater.electricity.rural.space","2020",1
"RCP6","space","efficiency","heater.electricity.rural.space","2025",1
"RCP6","space","efficiency","heater.electricity.rural.space","2030",1
"RCP6","space","efficiency","heater.electricity.rural.space","2035",1
"RCP6","space","efficiency","heater.electricity.rural.space","2040",1
"RCP6","space","efficiency","heater.electricity.rural.space","2045",1
"RCP6","space","efficiency","heater.electricity.rural.space","2050",1
"RCP6","space","efficiency","heater.solar.rural.space","2011",0.4
"RCP6","space","efficiency","heater.solar.rural.space","2015",0.41025641
"RCP6","space","efficiency","heater.solar.rural.space","2020",0.447362637
"RCP6","space","efficiency","heater.solar.rural.space","2025",0.484468864
"RCP6","space","efficiency","heater.solar.rural.space","2030",0.521575092
"RCP6","space","efficiency","heater.solar.rural.space","2035",0.558681319
"RCP6","space","efficiency","heater.solar.rural.space","2040",0.595787546
"RCP6","space","efficiency","heater.solar.rural.space","2045",0.632893773
"RCP6","space","efficiency","heater.solar.rural.space","2050",0.67
"RCP6","space","efficiency","heater.traditionalbiomass.boiler.urban.no.elec","2011",0.3
"RCP6","space","efficiency","heater.traditionalbiomass.boiler.urban.no.elec","2015",0.3
"RCP6","space","efficiency","heater.traditionalbiomass.boiler.urban.no.elec","2020",0.324285714
"RCP6","space","efficiency","heater.traditionalbiomass.boiler.urban.no.elec","2025",0.348571429
"RCP6","space","efficiency","heater.traditionalbiomass.boiler.urban.no.elec","2030",0.372857143
"RCP6","space","efficiency","heater.traditionalbiomass.boiler.urban.no.elec","2035",0.397142857
"RCP6","space","efficiency","heater.traditionalbiomass.boiler.urban.no.elec","2040",0.421428571
"RCP6","space","efficiency","heater.traditionalbiomass.boiler.urban.no.elec","2045",0.445714286
"RCP6","space","efficiency","heater.traditionalbiomass.boiler.urban.no.elec","2050",0.47
"RCP6","space","efficiency","heater.traditionalbiomass.boiler.rural.no.elec","2011",0.3
"RCP6","space","efficiency","heater.traditionalbiomass.boiler.rural.no.elec","2015",0.3
"RCP6","space","efficiency","heater.traditionalbiomass.boiler.rural.no.elec","2020",0.324285714
"RCP6","space","efficiency","heater.traditionalbiomass.boiler.rural.no.elec","2025",0.348571429
"RCP6","space","efficiency","heater.traditionalbiomass.boiler.rural.no.elec","2030",0.372857143
"RCP6","space","efficiency","heater.traditionalbiomass.boiler.rural.no.elec","2035",0.397142857
"RCP6","space","efficiency","heater.traditionalbiomass.boiler.rural.no.elec","2040",0.421428571
"RCP6","space","efficiency","heater.traditionalbiomass.boiler.rural.no.elec","2045",0.445714286
"RCP6","space","efficiency","heater.traditionalbiomass.boiler.rural.no.elec","2050",0.47
"RCP6","space","efficiency","heater.solid.boiler.non residential.space","2011",0.55
"RCP6","space","efficiency","heater.solid.boiler.non residential.space","2015",0.544871795
"RCP6","space","efficiency","heater.solid.boiler.non residential.space","2020",0.57489011
"RCP6","space","efficiency","heater.solid.boiler.non residential.space","2025",0.604908425
"RCP6","space","efficiency","heater.solid.boiler.non residential.space","2030",0.63492674
"RCP6","space","efficiency","heater.solid.boiler.non residential.space","2035",0.664945055
"RCP6","space","efficiency","heater.solid.boiler.non residential.space","2040",0.69496337
"RCP6","space","efficiency","heater.solid.boiler.non residential.space","2045",0.724981685
"RCP6","space","efficiency","heater.solid.boiler.non residential.space","2050",0.755
"RCP6","space","efficiency","heater.liquid.boiler.non residential.space","2011",0.6
"RCP6","space","efficiency","heater.liquid.boiler.non residential.space","2015",0.615384615
"RCP6","space","efficiency","heater.liquid.boiler.non residential.space","2020",0.651758242
"RCP6","space","efficiency","heater.liquid.boiler.non residential.space","2025",0.688131868
"RCP6","space","efficiency","heater.liquid.boiler.non residential.space","2030",0.724505495
"RCP6","space","efficiency","heater.liquid.boiler.non residential.space","2035",0.760879121
"RCP6","space","efficiency","heater.liquid.boiler.non residential.space","2040",0.797252747
"RCP6","space","efficiency","heater.liquid.boiler.non residential.space","2045",0.833626374
"RCP6","space","efficiency","heater.liquid.boiler.non residential.space","2050",0.87
"RCP6","space","efficiency","heater.gas.boiler.non residential.space","2011",0.78
"RCP6","space","efficiency","heater.gas.boiler.non residential.space","2015",0.782051282
"RCP6","space","efficiency","heater.gas.boiler.non residential.space","2020",0.833186813
"RCP6","space","efficiency","heater.gas.boiler.non residential.space","2025",0.884322344
"RCP6","space","efficiency","heater.gas.boiler.non residential.space","2030",0.935457875
"RCP6","space","efficiency","heater.gas.boiler.non residential.space","2035",0.986593407
"RCP6","space","efficiency","heater.gas.boiler.non residential.space","2040",1.037728938
"RCP6","space","efficiency","heater.gas.boiler.non residential.space","2045",1.088864469
"RCP6","space","efficiency","heater.gas.boiler.non residential.space","2050",1.14
"RCP6","space","efficiency","heater.heatpump.non residential.space","2011",2
"RCP6","space","efficiency","heater.heatpump.non residential.space","2015",2
"RCP6","space","efficiency","heater.heatpump.non residential.space","2020",2.242857143
"RCP6","space","efficiency","heater.heatpump.non residential.space","2025",2.485714286
"RCP6","space","efficiency","heater.heatpump.non residential.space","2030",2.728571429
"RCP6","space","efficiency","heater.heatpump.non residential.space","2035",2.971428571
"RCP6","space","efficiency","heater.heatpump.non residential.space","2040",3.214285714
"RCP6","space","efficiency","heater.heatpump.non residential.space","2045",3.457142857
"RCP6","space","efficiency","heater.heatpump.non residential.space","2050",3.7
"RCP6","space","efficiency","heater.electricity.non residential.space","2011",1
"RCP6","space","efficiency","heater.electricity.non residential.space","2015",1
"RCP6","space","efficiency","heater.electricity.non residential.space","2020",1
"RCP6","space","efficiency","heater.electricity.non residential.space","2025",1
"RCP6","space","efficiency","heater.electricity.non residential.space","2030",1
"RCP6","space","efficiency","heater.electricity.non residential.space","2035",1
"RCP6","space","efficiency","heater.electricity.non residential.space","2040",1
"RCP6","space","efficiency","heater.electricity.non residential.space","2045",1
"RCP6","space","efficiency","heater.electricity.non residential.space","2050",1
"RCP6","space","efficiency","heater.solar.non residential.space","2011",0.4
"RCP6","space","efficiency","heater.solar.non residential.space","2015",0.41025641
"RCP6","space","efficiency","heater.solar.non residential.space","2020",0.447362637
"RCP6","space","efficiency","heater.solar.non residential.space","2025",0.484468864
"RCP6","space","efficiency","heater.solar.non residential.space","2030",0.521575092
"RCP6","space","efficiency","heater.solar.non residential.space","2035",0.558681319
"RCP6","space","efficiency","heater.solar.non residential.space","2040",0.595787546
"RCP6","space","efficiency","heater.solar.non residential.space","2045",0.632893773
"RCP6","space","efficiency","heater.solar.non residential.space","2050",0.67
"RCP6","water","efficiency","heater.solid.boiler.urban.water","2011",0.55
"RCP6","water","efficiency","heater.solid.boiler.urban.water","2015",0.544871795
"RCP6","water","efficiency","heater.solid.boiler.urban.water","2020",0.57489011
"RCP6","water","efficiency","heater.solid.boiler.urban.water","2025",0.604908425
"RCP6","water","efficiency","heater.solid.boiler.urban.water","2030",0.63492674
"RCP6","water","efficiency","heater.solid.boiler.urban.water","2035",0.664945055
"RCP6","water","efficiency","heater.solid.boiler.urban.water","2040",0.69496337
"RCP6","water","efficiency","heater.solid.boiler.urban.water","2045",0.724981685
"RCP6","water","efficiency","heater.solid.boiler.urban.water","2050",0.755
"RCP6","water","efficiency","heater.liquid.boiler.urban.water","2011",0.6
"RCP6","water","efficiency","heater.liquid.boiler.urban.water","2015",0.615384615
"RCP6","water","efficiency","heater.liquid.boiler.urban.water","2020",0.651758242
"RCP6","water","efficiency","heater.liquid.boiler.urban.water","2025",0.688131868
"RCP6","water","efficiency","heater.liquid.boiler.urban.water","2030",0.724505495
"RCP6","water","efficiency","heater.liquid.boiler.urban.water","2035",0.760879121
"RCP6","water","efficiency","heater.liquid.boiler.urban.water","2040",0.797252747
"RCP6","water","efficiency","heater.liquid.boiler.urban.water","2045",0.833626374
"RCP6","water","efficiency","heater.liquid.boiler.urban.water","2050",0.87
"RCP6","water","efficiency","heater.gas.boiler.urban.water","2011",0.78
"RCP6","water","efficiency","heater.gas.boiler.urban.water","2015",0.782051282
"RCP6","water","efficiency","heater.gas.boiler.urban.water","2020",0.833186813
"RCP6","water","efficiency","heater.gas.boiler.urban.water","2025",0.884322344
"RCP6","water","efficiency","heater.gas.boiler.urban.water","2030",0.935457875
"RCP6","water","efficiency","heater.gas.boiler.urban.water","2035",0.986593407
"RCP6","water","efficiency","heater.gas.boiler.urban.water","2040",1.037728938
"RCP6","water","efficiency","heater.gas.boiler.urban.water","2045",1.088864469
"RCP6","water","efficiency","heater.gas.boiler.urban.water","2050",1.14
"RCP6","water","efficiency","heater.heatpump.urban.water","2011",2
"RCP6","water","efficiency","heater.heatpump.urban.water","2015",2
"RCP6","water","efficiency","heater.heatpump.urban.water","2020",2.242857143
"RCP6","water","efficiency","heater.heatpump.urban.water","2025",2.485714286
"RCP6","water","efficiency","heater.heatpump.urban.water","2030",2.728571429
"RCP6","water","efficiency","heater.heatpump.urban.water","2035",2.971428571
"RCP6","water","efficiency","heater.heatpump.urban.water","2040",3.214285714
"RCP6","water","efficiency","heater.heatpump.urban.water","2045",3.457142857
"RCP6","water","efficiency","heater.heatpump.urban.water","2050",3.7
"RCP6","water","efficiency","heater.electricity.urban.water","2011",1
"RCP6","water","efficiency","heater.electricity.urban.water","2015",1
"RCP6","water","efficiency","heater.electricity.urban.water","2020",1
"RCP6","water","efficiency","heater.electricity.urban.water","2025",1
"RCP6","water","efficiency","heater.electricity.urban.water","2030",1
"RCP6","water","efficiency","heater.electricity.urban.water","2035",1
"RCP6","water","efficiency","heater.electricity.urban.water","2040",1
"RCP6","water","efficiency","heater.electricity.urban.water","2045",1
"RCP6","water","efficiency","heater.electricity.urban.water","2050",1
"RCP6","water","efficiency","heater.solar.urban.water","2011",0.4
"RCP6","water","efficiency","heater.solar.urban.water","2015",0.41025641
"RCP6","water","efficiency","heater.solar.urban.water","2020",0.447362637
"RCP6","water","efficiency","heater.solar.urban.water","2025",0.484468864
"RCP6","water","efficiency","heater.solar.urban.water","2030",0.521575092
"RCP6","water","efficiency","heater.solar.urban.water","2035",0.558681319
"RCP6","water","efficiency","heater.solar.urban.water","2040",0.595787546
"RCP6","water","efficiency","heater.solar.urban.water","2045",0.632893773
"RCP6","water","efficiency","heater.solar.urban.water","2050",0.67
"RCP6","water","efficiency","heater.solid.boiler.rural.water","2011",0.55
"RCP6","water","efficiency","heater.solid.boiler.rural.water","2015",0.544871795
"RCP6","water","efficiency","heater.solid.boiler.rural.water","2020",0.57489011
"RCP6","water","efficiency","heater.solid.boiler.rural.water","2025",0.604908425
"RCP6","water","efficiency","heater.solid.boiler.rural.water","2030",0.63492674
"RCP6","water","efficiency","heater.solid.boiler.rural.water","2035",0.664945055
"RCP6","water","efficiency","heater.solid.boiler.rural.water","2040",0.69496337
"RCP6","water","efficiency","heater.solid.boiler.rural.water","2045",0.724981685
"RCP6","water","efficiency","heater.solid.boiler.rural.water","2050",0.755
"RCP6","water","efficiency","heater.liquid.boiler.rural.water","2011",0.6
"RCP6","water","efficiency","heater.liquid.boiler.rural.water","2015",0.615384615
"RCP6","water","efficiency","heater.liquid.boiler.rural.water","2020",0.651758242
"RCP6","water","efficiency","heater.liquid.boiler.rural.water","2025",0.688131868
"RCP6","water","efficiency","heater.liquid.boiler.rural.water","2030",0.724505495
"RCP6","water","efficiency","heater.liquid.boiler.rural.water","2035",0.760879121
"RCP6","water","efficiency","heater.liquid.boiler.rural.water","2040",0.797252747
"RCP6","water","efficiency","heater.liquid.boiler.rural.water","2045",0.833626374
"RCP6","water","efficiency","heater.liquid.boiler.rural.water","2050",0.87
"RCP6","water","efficiency","heater.gas.boiler.rural.water","2011",0.78
"RCP6","water","efficiency","heater.gas.boiler.rural.water","2015",0.782051282
"RCP6","water","efficiency","heater.gas.boiler.rural.water","2020",0.833186813
"RCP6","water","efficiency","heater.gas.boiler.rural.water","2025",0.884322344
"RCP6","water","efficiency","heater.gas.boiler.rural.water","2030",0.935457875
"RCP6","water","efficiency","heater.gas.boiler.rural.water","2035",0.986593407
"RCP6","water","efficiency","heater.gas.boiler.rural.water","2040",1.037728938
"RCP6","water","efficiency","heater.gas.boiler.rural.water","2045",1.088864469
"RCP6","water","efficiency","heater.gas.boiler.rural.water","2050",1.14
"RCP6","water","efficiency","heater.heatpump.rural.water","2011",2
"RCP6","water","efficiency","heater.heatpump.rural.water","2015",2
"RCP6","water","efficiency","heater.heatpump.rural.water","2020",2.242857143
"RCP6","water","efficiency","heater.heatpump.rural.water","2025",2.485714286
"RCP6","water","efficiency","heater.heatpump.rural.water","2030",2.728571429
"RCP6","water","efficiency","heater.heatpump.rural.water","2035",2.971428571
"RCP6","water","efficiency","heater.heatpump.rural.water","2040",3.214285714
"RCP6","water","efficiency","heater.heatpump.rural.water","2045",3.457142857
"RCP6","water","efficiency","heater.heatpump.rural.water","2050",3.7
"RCP6","water","efficiency","heater.electricity.rural.water","2011",1
"RCP6","water","efficiency","heater.electricity.rural.water","2015",1
"RCP6","water","efficiency","heater.electricity.rural.water","2020",1
"RCP6","water","efficiency","heater.electricity.rural.water","2025",1
"RCP6","water","efficiency","heater.electricity.rural.water","2030",1
"RCP6","water","efficiency","heater.electricity.rural.water","2035",1
"RCP6","water","efficiency","heater.electricity.rural.water","2040",1
"RCP6","water","efficiency","heater.electricity.rural.water","2045",1
"RCP6","water","efficiency","heater.electricity.rural.water","2050",1
"RCP6","water","efficiency","heater.solar.rural.water","2011",0.4
"RCP6","water","efficiency","heater.solar.rural.water","2015",0.41025641
"RCP6","water","efficiency","heater.solar.rural.water","2020",0.447362637
"RCP6","water","efficiency","heater.solar.rural.water","2025",0.484468864
"RCP6","water","efficiency","heater.solar.rural.water","2030",0.521575092
"RCP6","water","efficiency","heater.solar.rural.water","2035",0.558681319
"RCP6","water","efficiency","heater.solar.rural.water","2040",0.595787546
"RCP6","water","efficiency","heater.solar.rural.water","2045",0.632893773
"RCP6","water","efficiency","heater.solar.rural.water","2050",0.67
"RCP6","cool","efficiency","cooling.airconditioners.urban","2011",2
"RCP6","cool","efficiency","cooling.airconditioners.urban","2015",2
"RCP6","cool","efficiency","cooling.airconditioners.urban","2020",2
"RCP6","cool","efficiency","cooling.airconditioners.urban","2025",2
"RCP6","cool","efficiency","cooling.airconditioners.urban","2030",2
"RCP6","cool","efficiency","cooling.airconditioners.urban","2035",2
"RCP6","cool","efficiency","cooling.airconditioners.urban","2040",2
"RCP6","cool","efficiency","cooling.airconditioners.urban","2045",2
"RCP6","cool","efficiency","cooling.airconditioners.urban","2050",2
"RCP6","cool","efficiency","cooling.chillers.urban","2011",1.8
"RCP6","cool","efficiency","cooling.chillers.urban","2015",1.8
"RCP6","cool","efficiency","cooling.chillers.urban","2020",1.8
"RCP6","cool","efficiency","cooling.chillers.urban","2025",1.8
"RCP6","cool","efficiency","cooling.chillers.urban","2030",1.8
"RCP6","cool","efficiency","cooling.chillers.urban","2035",1.8
"RCP6","cool","efficiency","cooling.chillers.urban","2040",1.8
"RCP6","cool","efficiency","cooling.chillers.urban","2045",1.8
"RCP6","cool","efficiency","cooling.chillers.urban","2050",1.8
"RCP6","cool","efficiency","cooling.solarcooling.urban","2011",1
"RCP6","cool","efficiency","cooling.solarcooling.urban","2015",1
"RCP6","cool","efficiency","cooling.solarcooling.urban","2020",1
"RCP6","cool","efficiency","cooling.solarcooling.urban","2025",1
"RCP6","cool","efficiency","cooling.solarcooling.urban","2030",1
"RCP6","cool","efficiency","cooling.solarcooling.urban","2035",1
"RCP6","cool","efficiency","cooling.solarcooling.urban","2040",1
"RCP6","cool","efficiency","cooling.solarcooling.urban","2045",1
"RCP6","cool","efficiency","cooling.solarcooling.urban","2050",1
"RCP6","cool","efficiency","cooling.airconditioners.rural","2011",2
"RCP6","cool","efficiency","cooling.airconditioners.rural","2015",2
"RCP6","cool","efficiency","cooling.airconditioners.rural","2020",2
"RCP6","cool","efficiency","cooling.airconditioners.rural","2025",2
"RCP6","cool","efficiency","cooling.airconditioners.rural","2030",2
"RCP6","cool","efficiency","cooling.airconditioners.rural","2035",2
"RCP6","cool","efficiency","cooling.airconditioners.rural","2040",2
"RCP6","cool","efficiency","cooling.airconditioners.rural","2045",2
"RCP6","cool","efficiency","cooling.airconditioners.rural","2050",2
"RCP6","cool","efficiency","cooling.chillers.rural","2011",1.8
"RCP6","cool","efficiency","cooling.chillers.rural","2015",1.8
"RCP6","cool","efficiency","cooling.chillers.rural","2020",1.8
"RCP6","cool","efficiency","cooling.chillers.rural","2025",1.8
"RCP6","cool","efficiency","cooling.chillers.rural","2030",1.8
"RCP6","cool","efficiency","cooling.chillers.rural","2035",1.8
"RCP6","cool","efficiency","cooling.chillers.rural","2040",1.8
"RCP6","cool","efficiency","cooling.chillers.rural","2045",1.8
"RCP6","cool","efficiency","cooling.chillers.rural","2050",1.8
"RCP6","cool","efficiency","cooling.solarcooling.rural","2011",1
"RCP6","cool","efficiency","cooling.solarcooling.rural","2015",1
"RCP6","cool","efficiency","cooling.solarcooling.rural","2020",1
"RCP6","cool","efficiency","cooling.solarcooling.rural","2025",1
"RCP6","cool","efficiency","cooling.solarcooling.rural","2030",1
"RCP6","cool","efficiency","cooling.solarcooling.rural","2035",1
"RCP6","cool","efficiency","cooling.solarcooling.rural","2040",1
"RCP6","cool","efficiency","cooling.solarcooling.rural","2045",1
"RCP6","cool","efficiency","cooling.solarcooling.rural","2050",1
"RCP6","cool","efficiency","cooling.airconditioners.non residential","2011",2.5
"RCP6","cool","efficiency","cooling.airconditioners.non residential","2015",2.5
"RCP6","cool","efficiency","cooling.airconditioners.non residential","2020",2.5
"RCP6","cool","efficiency","cooling.airconditioners.non residential","2025",2.5
"RCP6","cool","efficiency","cooling.airconditioners.non residential","2030",2.5
"RCP6","cool","efficiency","cooling.airconditioners.non residential","2035",2.5
"RCP6","cool","efficiency","cooling.airconditioners.non residential","2040",2.5
"RCP6","cool","efficiency","cooling.airconditioners.non residential","2045",2.5
"RCP6","cool","efficiency","cooling.airconditioners.non residential","2050",2.5
"RCP6","cool","efficiency","cooling.chillers.non residential","2011",1.8
"RCP6","cool","efficiency","cooling.chillers.non residential","2015",1.8
"RCP6","cool","efficiency","cooling.chillers.non residential","2020",1.8
"RCP6","cool","efficiency","cooling.chillers.non residential","2025",1.8
"RCP6","cool","efficiency","cooling.chillers.non residential","2030",1.8
"RCP6","cool","efficiency","cooling.chillers.non residential","2035",1.8
"RCP6","cool","efficiency","cooling.chillers.non residential","2040",1.8
"RCP6","cool","efficiency","cooling.chillers.non residential","2045",1.8
"RCP6","cool","efficiency","cooling.chillers.non residential","2050",1.8
"RCP6","cool","efficiency","cooling.solarcooling.non residential","2011",1
"RCP6","cool","efficiency","cooling.solarcooling.non residential","2015",1
"RCP6","cool","efficiency","cooling.solarcooling.non residential","2020",1
"RCP6","cool","efficiency","cooling.solarcooling.non residential","2025",1
"RCP6","cool","efficiency","cooling.solarcooling.non residential","2030",1
"RCP6","cool","efficiency","cooling.solarcooling.non residential","2035",1
"RCP6","cool","efficiency","cooling.solarcooling.non residential","2040",1
"RCP6","cool","efficiency","cooling.solarcooling.non residential","2045",1
"RCP6","cool","efficiency","cooling.solarcooling.non residential","2050",1
"RCP6","cook","efficiency","cooker.traditionalbiomass.stoves.urban","2011",0.3
"RCP6","cook","efficiency","cooker.traditionalbiomass.stoves.urban","2015",0.335897436
"RCP6","cook","efficiency","cooker.traditionalbiomass.stoves.urban","2020",0.380769231
"RCP6","cook","efficiency","cooker.traditionalbiomass.stoves.urban","2025",0.425641026
"RCP6","cook","efficiency","cooker.traditionalbiomass.stoves.urban","2030",0.470512821
"RCP6","cook","efficiency","cooker.traditionalbiomass.stoves.urban","2035",0.515384615
"RCP6","cook","efficiency","cooker.traditionalbiomass.stoves.urban","2040",0.56025641
"RCP6","cook","efficiency","cooker.traditionalbiomass.stoves.urban","2045",0.605128205
"RCP6","cook","efficiency","cooker.traditionalbiomass.stoves.urban","2050",0.65
"RCP6","cook","efficiency","cooker.traditionalbiomass.stoves.urban.no.elec","2011",0.3
"RCP6","cook","efficiency","cooker.traditionalbiomass.stoves.urban.no.elec","2015",0.320512821
"RCP6","cook","efficiency","cooker.traditionalbiomass.stoves.urban.no.elec","2020",0.346153846
"RCP6","cook","efficiency","cooker.traditionalbiomass.stoves.urban.no.elec","2025",0.371794872
"RCP6","cook","efficiency","cooker.traditionalbiomass.stoves.urban.no.elec","2030",0.397435897
"RCP6","cook","efficiency","cooker.traditionalbiomass.stoves.urban.no.elec","2035",0.423076923
"RCP6","cook","efficiency","cooker.traditionalbiomass.stoves.urban.no.elec","2040",0.448717949
"RCP6","cook","efficiency","cooker.traditionalbiomass.stoves.urban.no.elec","2045",0.474358974
"RCP6","cook","efficiency","cooker.traditionalbiomass.stoves.urban.no.elec","2050",0.5
"RCP6","cook","efficiency","cooker.traditionalbiomass.stoves.rural","2011",0.3
"RCP6","cook","efficiency","cooker.traditionalbiomass.stoves.rural","2015",0.335897436
"RCP6","cook","efficiency","cooker.traditionalbiomass.stoves.rural","2020",0.380769231
"RCP6","cook","efficiency","cooker.traditionalbiomass.stoves.rural","2025",0.425641026
"RCP6","cook","efficiency","cooker.traditionalbiomass.stoves.rural","2030",0.470512821
"RCP6","cook","efficiency","cooker.traditionalbiomass.stoves.rural","2035",0.515384615
"RCP6","cook","efficiency","cooker.traditionalbiomass.stoves.rural","2040",0.56025641
"RCP6","cook","efficiency","cooker.traditionalbiomass.stoves.rural","2045",0.605128205
"RCP6","cook","efficiency","cooker.traditionalbiomass.stoves.rural","2050",0.65
"RCP6","cook","efficiency","cooker.traditionalbiomass.stoves.rural.no.elec","2011",0.3
"RCP6","cook","efficiency","cooker.traditionalbiomass.stoves.rural.no.elec","2015",0.320512821
"RCP6","cook","efficiency","cooker.traditionalbiomass.stoves.rural.no.elec","2020",0.346153846
"RCP6","cook","efficiency","cooker.traditionalbiomass.stoves.rural.no.elec","2025",0.371794872
"RCP6","cook","efficiency","cooker.traditionalbiomass.stoves.rural.no.elec","2030",0.397435897
"RCP6","cook","efficiency","cooker.traditionalbiomass.stoves.rural.no.elec","2035",0.423076923
"RCP6","cook","efficiency","cooker.traditionalbiomass.stoves.rural.no.elec","2040",0.448717949
"RCP6","cook","efficiency","cooker.traditionalbiomass.stoves.rural.no.elec","2045",0.474358974
"RCP6","cook","efficiency","cooker.traditionalbiomass.stoves.rural.no.elec","2050",0.5
"RCP6","space","heat_demand_TWh","heater.solid.boiler.urban.space","2011",211.7905988
"RCP6","space","heat_demand_TWh","heater.solid.boiler.urban.space","2015",218.775301
"RCP6","space","heat_demand_TWh","heater.solid.boiler.urban.space","2020",198.4315886
"RCP6","space","heat_demand_TWh","heater.solid.boiler.urban.space","2025",173.4487845
"RCP6","space","heat_demand_TWh","heater.solid.boiler.urban.space","2030",144.8312344
"RCP6","space","heat_demand_TWh","heater.solid.boiler.urban.space","2035",113.436104
"RCP6","space","heat_demand_TWh","heater.solid.boiler.urban.space","2040",82.08228103
"RCP6","space","heat_demand_TWh","heater.solid.boiler.urban.space","2045",52.11006523
"RCP6","space","heat_demand_TWh","heater.solid.boiler.urban.space","2050",25.74384132
"RCP6","space","heat_demand_TWh","heater.liquid.boiler.urban.space","2011",423.5811976
"RCP6","space","heat_demand_TWh","heater.liquid.boiler.urban.space","2015",472.1395824
"RCP6","space","heat_demand_TWh","heater.liquid.boiler.urban.space","2020",419.4973777
"RCP6","space","heat_demand_TWh","heater.liquid.boiler.urban.space","2025",356.6096677
"RCP6","space","heat_demand_TWh","heater.liquid.boiler.urban.space","2030",286.1731777
"RCP6","space","heat_demand_TWh","heater.liquid.boiler.urban.space","2035",210.8051927
"RCP6","space","heat_demand_TWh","heater.liquid.boiler.urban.space","2040",136.9989569
"RCP6","space","heat_demand_TWh","heater.liquid.boiler.urban.space","2045",68.43859901
"RCP6","space","heat_demand_TWh","heater.liquid.boiler.urban.space","2050",10.29753653
"RCP6","space","heat_demand_TWh","heater.gas.boiler.urban.space","2011",1664.068991
"RCP6","space","heat_demand_TWh","heater.gas.boiler.urban.space","2015",1854.834074
"RCP6","space","heat_demand_TWh","heater.gas.boiler.urban.space","2020",1749.562523
"RCP6","space","heat_demand_TWh","heater.gas.boiler.urban.space","2025",1606.758248
"RCP6","space","heat_demand_TWh","heater.gas.boiler.urban.space","2030",1430.865889
"RCP6","space","heat_demand_TWh","heater.gas.boiler.urban.space","2035",1223.250315
"RCP6","space","heat_demand_TWh","heater.gas.boiler.urban.space","2040",1004.659017
"RCP6","space","heat_demand_TWh","heater.gas.boiler.urban.space","2045",780.3669522
"RCP6","space","heat_demand_TWh","heater.gas.boiler.urban.space","2050",566.364509
"RCP6","space","heat_demand_TWh","heater.heatpump.urban.space","2011",60.51159966
"RCP6","space","heat_demand_TWh","heater.heatpump.urban.space","2015",67.44851178
"RCP6","space","heat_demand_TWh","heater.heatpump.urban.space","2020",193.843575
"RCP6","space","heat_demand_TWh","heater.heatpump.urban.space","2025",322.3590216
"RCP6","space","heat_demand_TWh","heater.heatpump.urban.space","2030",445.2694548
"RCP6","space","heat_demand_TWh","heater.heatpump.urban.space","2035",551.1878891
"RCP6","space","heat_demand_TWh","heater.heatpump.urban.space","2040",634.7618338
"RCP6","space","heat_demand_TWh","heater.heatpump.urban.space","2045",684.3859901
"RCP6","space","heat_demand_TWh","heater.heatpump.urban.space","2050",695.0837156
"RCP6","space","heat_demand_TWh","heater.electricity.urban.space","2011",90.76739948
"RCP6","space","heat_demand_TWh","heater.electricity.urban.space","2015",118.4672579
"RCP6","space","heat_demand_TWh","heater.electricity.urban.space","2020",129.6113845
"RCP6","space","heat_demand_TWh","heater.electricity.urban.space","2025",138.8365177
"RCP6","space","heat_demand_TWh","heater.electricity.urban.space","2030",145.3443654
"RCP6","space","heat_demand_TWh","heater.electricity.urban.space","2035",147.6528961
"RCP6","space","heat_demand_TWh","heater.electricity.urban.space","2040",146.2493139
"RCP6","space","heat_demand_TWh","heater.electricity.urban.space","2045",139.8518588
"RCP6","space","heat_demand_TWh","heater.electricity.urban.space","2050",128.7192066
"RCP6","space","heat_demand_TWh","heater.solar.urban.space","2011",0
"RCP6","space","heat_demand_TWh","heater.solar.urban.space","2015",0
"RCP6","space","heat_demand_TWh","heater.solar.urban.space","2020",39.76278462
"RCP6","space","heat_demand_TWh","heater.solar.urban.space","2025",80.58975541
"RCP6","space","heat_demand_TWh","heater.solar.urban.space","2030",120.072662
"RCP6","space","heat_demand_TWh","heater.solar.urban.space","2035",154.7194075
"RCP6","space","heat_demand_TWh","heater.solar.urban.space","2040",182.6652759
"RCP6","space","heat_demand_TWh","heater.solar.urban.space","2045",200.3080947
"RCP6","space","heat_demand_TWh","heater.solar.urban.space","2050",205.9507305
"RCP6","space","heat_demand_TWh","heater.microchp.urban.space","2011",60.51159966
"RCP6","space","heat_demand_TWh","heater.microchp.urban.space","2015",67.44851178
"RCP6","space","heat_demand_TWh","heater.microchp.urban.space","2020",102.3891704
"RCP6","space","heat_demand_TWh","heater.microchp.urban.space","2025",137.0025842
"RCP6","space","heat_demand_TWh","heater.microchp.urban.space","2030",169.1023323
"RCP6","space","heat_demand_TWh","heater.microchp.urban.space","2035",195.3332519
"RCP6","space","heat_demand_TWh","heater.microchp.urban.space","2040",214.6316992
"RCP6","space","heat_demand_TWh","heater.microchp.urban.space","2045",223.6773724
"RCP6","space","heat_demand_TWh","heater.microchp.urban.space","2050",221.3970353
"RCP6","space","heat_demand_TWh","heater.districtheating.urban.space","2011",514.3485971
"RCP6","space","heat_demand_TWh","heater.districtheating.urban.space","2015",573.3123501
"RCP6","space","heat_demand_TWh","heater.districtheating.urban.space","2020",646.14525
"RCP6","space","heat_demand_TWh","heater.districtheating.urban.space","2025",710.1972195
"RCP6","space","heat_demand_TWh","heater.districtheating.urban.space","2030",760.4601925
"RCP6","space","heat_demand_TWh","heater.districtheating.urban.space","2035",788.1019818
"RCP6","space","heat_demand_TWh","heater.districtheating.urban.space","2040",794.5939502
"RCP6","space","heat_demand_TWh","heater.districtheating.urban.space","2045",772.0207815
"RCP6","space","heat_demand_TWh","heater.districtheating.urban.space","2050",720.8275569
"RCP6","space","heat_demand_TWh","heater.solid.boiler.rural.space","2011",283.6595771
"RCP6","space","heat_demand_TWh","heater.solid.boiler.rural.space","2015",299.8719952
"RCP6","space","heat_demand_TWh","heater.solid.boiler.rural.space","2020",264.3228654
"RCP6","space","heat_demand_TWh","heater.solid.boiler.rural.space","2025",227.6390181
"RCP6","space","heat_demand_TWh","heater.solid.boiler.rural.space","2030",189.6968608
"RCP6","space","heat_demand_TWh","heater.solid.boiler.rural.space","2035",151.4260231
"RCP6","space","heat_demand_TWh","heater.solid.boiler.rural.space","2040",114.3000039
"RCP6","space","heat_demand_TWh","heater.solid.boiler.rural.space","2045",79.87756185
"RCP6","space","heat_demand_TWh","heater.solid.boiler.rural.space","2050",49.67112573
"RCP6","space","heat_demand_TWh","heater.liquid.boiler.rural.space","2011",55.34821017
"RCP6","space","heat_demand_TWh","heater.liquid.boiler.rural.space","2015",59.9103922
"RCP6","space","heat_demand_TWh","heater.liquid.boiler.rural.space","2020",52.92257631
"RCP6","space","heat_demand_TWh","heater.liquid.boiler.rural.space","2025",45.70080241
"RCP6","space","heat_demand_TWh","heater.liquid.boiler.rural.space","2030",38.21518929
"RCP6","space","heat_demand_TWh","heater.liquid.boiler.rural.space","2035",30.64524946
"RCP6","space","heat_demand_TWh","heater.liquid.boiler.rural.space","2040",23.2792211
"RCP6","space","heat_demand_TWh","heater.liquid.boiler.rural.space","2045",16.42249662
"RCP6","space","heat_demand_TWh","heater.liquid.boiler.rural.space","2050",10.37089438
"RCP6","space","heat_demand_TWh","heater.gas.boiler.rural.space","2011",115.3087712
"RCP6","space","heat_demand_TWh","heater.gas.boiler.rural.space","2015",124.8133171
"RCP6","space","heat_demand_TWh","heater.gas.boiler.rural.space","2020",129.1645992
"RCP6","space","heat_demand_TWh","heater.gas.boiler.rural.space","2025",131.8292377
"RCP6","space","heat_demand_TWh","heater.gas.boiler.rural.space","2030",131.8874378
"RCP6","space","heat_demand_TWh","heater.gas.boiler.rural.space","2035",128.6861061
"RCP6","space","heat_demand_TWh","heater.gas.boiler.rural.space","2040",121.8098778
"RCP6","space","heat_demand_TWh","heater.gas.boiler.rural.space","2045",110.8990433
"RCP6","space","heat_demand_TWh","heater.gas.boiler.rural.space","2050",95.52139563
"RCP6","space","heat_demand_TWh","heater.heatpump.rural.space","2011",2.306175424
"RCP6","space","heat_demand_TWh","heater.heatpump.rural.space","2015",2.496266342
"RCP6","space","heat_demand_TWh","heater.heatpump.rural.space","2020",16.75648854
"RCP6","space","heat_demand_TWh","heater.heatpump.rural.space","2025",30.08410809
"RCP6","space","heat_demand_TWh","heater.heatpump.rural.space","2030",41.81796808
"RCP6","space","heat_demand_TWh","heater.heatpump.rural.space","2035",51.17517244
"RCP6","space","heat_demand_TWh","heater.heatpump.rural.space","2040",57.3859869
"RCP6","space","heat_demand_TWh","heater.heatpump.rural.space","2045",59.69671904
"RCP6","space","heat_demand_TWh","heater.heatpump.rural.space","2050",57.31283738
"RCP6","space","heat_demand_TWh","heater.electricity.rural.space","2011",4.612350847
"RCP6","space","heat_demand_TWh","heater.electricity.rural.space","2015",12.16129756
"RCP6","space","heat_demand_TWh","heater.electricity.rural.space","2020",15.78976805
"RCP6","space","heat_demand_TWh","heater.electricity.rural.space","2025",19.05066828
"RCP6","space","heat_demand_TWh","heater.electricity.rural.space","2030",21.70905167
"RCP6","space","heat_demand_TWh","heater.electricity.rural.space","2035",23.52722728
"RCP6","space","heat_demand_TWh","heater.electricity.rural.space","2040",24.29256823
"RCP6","space","heat_demand_TWh","heater.electricity.rural.space","2045",23.80124584
"RCP6","space","heat_demand_TWh","heater.electricity.rural.space","2050",21.83346186
"RCP6","space","heat_demand_TWh","heater.solar.rural.space","2011",0
"RCP6","space","heat_demand_TWh","heater.solar.rural.space","2015",0
"RCP6","space","heat_demand_TWh","heater.solar.rural.space","2020",5.58549618
"RCP6","space","heat_demand_TWh","heater.solar.rural.space","2025",10.81675797
"RCP6","space","heat_demand_TWh","heater.solar.rural.space","2030",15.44048052
"RCP6","space","heat_demand_TWh","heater.solar.rural.space","2035",19.15328091
"RCP6","space","heat_demand_TWh","heater.solar.rural.space","2040",21.65508939
"RCP6","space","heat_demand_TWh","heater.solar.rural.space","2045",22.65171948
"RCP6","space","heat_demand_TWh","heater.solar.rural.space","2050",21.83346186
"RCP6","space","heat_demand_TWh","heater.microchp.rural.space","2011",0
"RCP6","space","heat_demand_TWh","heater.microchp.rural.space","2015",0
"RCP6","space","heat_demand_TWh","heater.microchp.rural.space","2020",0
"RCP6","space","heat_demand_TWh","heater.microchp.rural.space","2025",0
"RCP6","space","heat_demand_TWh","heater.microchp.rural.space","2030",0
"RCP6","space","heat_demand_TWh","heater.microchp.rural.space","2035",0
"RCP6","space","heat_demand_TWh","heater.microchp.rural.space","2040",0
"RCP6","space","heat_demand_TWh","heater.microchp.rural.space","2045",0
"RCP6","space","heat_demand_TWh","heater.microchp.rural.space","2050",0
"RCP6","space","heat_demand_TWh","heater.districtheating.rural.space","2011",0
"RCP6","space","heat_demand_TWh","heater.districtheating.rural.space","2015",0
"RCP6","space","heat_demand_TWh","heater.districtheating.rural.space","2020",4.189122135
"RCP6","space","heat_demand_TWh","heater.districtheating.rural.space","2025",8.112568474
"RCP6","space","heat_demand_TWh","heater.districtheating.rural.space","2030",11.58036039
"RCP6","space","heat_demand_TWh","heater.districtheating.rural.space","2035",14.36496068
"RCP6","space","heat_demand_TWh","heater.districtheating.rural.space","2040",16.24131705
"RCP6","space","heat_demand_TWh","heater.districtheating.rural.space","2045",16.98878961
"RCP6","space","heat_demand_TWh","heater.districtheating.rural.space","2050",16.37509639
"RCP6","space","energy_demand_TWh","heater.solid.boiler.urban.space","2011",-385.073816
"RCP6","space","energy_demand_TWh","heater.solid.boiler.urban.space","2015",-401.5170231
"RCP6","space","energy_demand_TWh","heater.solid.boiler.urban.space","2020",-345.1643805
"RCP6","space","energy_demand_TWh","heater.solid.boiler.urban.space","2025",-286.7356071
"RCP6","space","energy_demand_TWh","heater.solid.boiler.urban.space","2030",-228.1070008
"RCP6","space","energy_demand_TWh","heater.solid.boiler.urban.space","2035",-170.5947028
"RCP6","space","energy_demand_TWh","heater.solid.boiler.urban.space","2040",-118.1102265
"RCP6","space","energy_demand_TWh","heater.solid.boiler.urban.space","2045",-71.87776782
"RCP6","space","energy_demand_TWh","heater.solid.boiler.urban.space","2050",-34.09780307
"RCP6","space","energy_demand_TWh","heater.liquid.boiler.urban.space","2011",-705.9686627
"RCP6","space","energy_demand_TWh","heater.liquid.boiler.urban.space","2015",-767.2268215
"RCP6","space","energy_demand_TWh","heater.liquid.boiler.urban.space","2020",-643.6395443
"RCP6","space","energy_demand_TWh","heater.liquid.boiler.urban.space","2025",-518.2286771
"RCP6","space","energy_demand_TWh","heater.liquid.boiler.urban.space","2030",-394.9910386
"RCP6","space","energy_demand_TWh","heater.liquid.boiler.urban.space","2035",-277.0547737
"RCP6","space","energy_demand_TWh","heater.liquid.boiler.urban.space","2040",-171.8388019
"RCP6","space","energy_demand_TWh","heater.liquid.boiler.urban.space","2045",-82.09744938
"RCP6","space","energy_demand_TWh","heater.liquid.boiler.urban.space","2050",-11.83624888
"RCP6","space","energy_demand_TWh","heater.gas.boiler.urban.space","2011",-2133.421783
"RCP6","space","energy_demand_TWh","heater.gas.boiler.urban.space","2015",-2371.755045
"RCP6","space","energy_demand_TWh","heater.gas.boiler.urban.space","2020",-2099.844231
"RCP6","space","energy_demand_TWh","heater.gas.boiler.urban.space","2025",-1816.937295
"RCP6","space","energy_demand_TWh","heater.gas.boiler.urban.space","2030",-1529.588799
"RCP6","space","energy_demand_TWh","heater.gas.boiler.urban.space","2035",-1239.872786
"RCP6","space","energy_demand_TWh","heater.gas.boiler.urban.space","2040",-968.1324101
"RCP6","space","energy_demand_TWh","heater.gas.boiler.urban.space","2045",-716.6796001
"RCP6","space","energy_demand_TWh","heater.gas.boiler.urban.space","2050",-496.8109728
"RCP6","space","energy_demand_TWh","heater.heatpump.urban.space","2011",-30.25579983
"RCP6","space","energy_demand_TWh","heater.heatpump.urban.space","2015",-33.72425589
"RCP6","space","energy_demand_TWh","heater.heatpump.urban.space","2020",-86.42707166
"RCP6","space","energy_demand_TWh","heater.heatpump.urban.space","2025",-129.6846639
"RCP6","space","energy_demand_TWh","heater.heatpump.urban.space","2030",-163.1877583
"RCP6","space","energy_demand_TWh","heater.heatpump.urban.space","2035",-185.4959242
"RCP6","space","energy_demand_TWh","heater.heatpump.urban.space","2040",-197.4814594
"RCP6","space","energy_demand_TWh","heater.heatpump.urban.space","2045",-197.9628897
"RCP6","space","energy_demand_TWh","heater.heatpump.urban.space","2050",-187.8604637
"RCP6","space","energy_demand_TWh","heater.electricity.urban.space","2011",-90.76739948
"RCP6","space","energy_demand_TWh","heater.electricity.urban.space","2015",-118.4672579
"RCP6","space","energy_demand_TWh","heater.electricity.urban.space","2020",-129.6113845
"RCP6","space","energy_demand_TWh","heater.electricity.urban.space","2025",-138.8365177
"RCP6","space","energy_demand_TWh","heater.electricity.urban.space","2030",-145.3443654
"RCP6","space","energy_demand_TWh","heater.electricity.urban.space","2035",-147.6528961
"RCP6","space","energy_demand_TWh","heater.electricity.urban.space","2040",-146.2493139
"RCP6","space","energy_demand_TWh","heater.electricity.urban.space","2045",-139.8518588
"RCP6","space","energy_demand_TWh","heater.electricity.urban.space","2050",-128.7192066
"RCP6","space","energy_demand_TWh","heater.solar.urban.space","2011",0
"RCP6","space","energy_demand_TWh","heater.solar.urban.space","2015",0
"RCP6","space","energy_demand_TWh","heater.solar.urban.space","2020",-88.88266765
"RCP6","space","energy_demand_TWh","heater.solar.urban.space","2025",-166.3466144
"RCP6","space","energy_demand_TWh","heater.solar.urban.space","2030",-230.2116491
"RCP6","space","energy_demand_TWh","heater.solar.urban.space","2035",-276.9367836
"RCP6","space","energy_demand_TWh","heater.solar.urban.space","2040",-306.5946531
"RCP6","space","energy_demand_TWh","heater.solar.urban.space","2045",-316.4956004
"RCP6","space","energy_demand_TWh","heater.solar.urban.space","2050",-307.3891501
"RCP6","space","energy_demand_TWh","heater.microchp.urban.space","2011",-121.0231993
"RCP6","space","energy_demand_TWh","heater.microchp.urban.space","2015",-134.8970236
"RCP6","space","energy_demand_TWh","heater.microchp.urban.space","2020",-197.1730929
"RCP6","space","energy_demand_TWh","heater.microchp.urban.space","2025",-254.3814561
"RCP6","space","energy_demand_TWh","heater.microchp.urban.space","2030",-303.1283805
"RCP6","space","energy_demand_TWh","heater.microchp.urban.space","2035",-338.4487038
"RCP6","space","energy_demand_TWh","heater.microchp.urban.space","2040",-359.8615316
"RCP6","space","energy_demand_TWh","heater.microchp.urban.space","2045",-363.2811152
"RCP6","space","energy_demand_TWh","heater.microchp.urban.space","2050",-348.6567485
"RCP6","space","energy_demand_TWh","heater.districtheating.urban.space","2011",-514.3485971
"RCP6","space","energy_demand_TWh","heater.districtheating.urban.space","2015",-573.3123501
"RCP6","space","energy_demand_TWh","heater.districtheating.urban.space","2020",-646.14525
"RCP6","space","energy_demand_TWh","heater.districtheating.urban.space","2025",-710.1972195
"RCP6","space","energy_demand_TWh","heater.districtheating.urban.space","2030",-760.4601925
"RCP6","space","energy_demand_TWh","heater.districtheating.urban.space","2035",-788.1019818
"RCP6","space","energy_demand_TWh","heater.districtheating.urban.space","2040",-794.5939502
"RCP6","space","energy_demand_TWh","heater.districtheating.urban.space","2045",-772.0207815
"RCP6","space","energy_demand_TWh","heater.districtheating.urban.space","2050",-720.8275569
"RCP6","space","energy_demand_TWh","heater.solid.boiler.rural.space","2011",-515.7446856
"RCP6","space","energy_demand_TWh","heater.solid.boiler.rural.space","2015",-550.3533088
"RCP6","space","energy_demand_TWh","heater.solid.boiler.rural.space","2020",-459.7798098
"RCP6","space","energy_demand_TWh","heater.solid.boiler.rural.space","2025",-376.319801
"RCP6","space","energy_demand_TWh","heater.solid.boiler.rural.space","2030",-298.769683
"RCP6","space","energy_demand_TWh","heater.solid.boiler.rural.space","2035",-227.7271211
"RCP6","space","energy_demand_TWh","heater.solid.boiler.rural.space","2040",-164.4691056
"RCP6","space","energy_demand_TWh","heater.solid.boiler.rural.space","2045",-110.1787307
"RCP6","space","energy_demand_TWh","heater.solid.boiler.rural.space","2050",-65.7895705
"RCP6","space","energy_demand_TWh","heater.liquid.boiler.rural.space","2011",-92.24701694
"RCP6","space","energy_demand_TWh","heater.liquid.boiler.rural.space","2015",-97.35438733
"RCP6","space","energy_demand_TWh","heater.liquid.boiler.rural.space","2020",-81.19970399
"RCP6","space","energy_demand_TWh","heater.liquid.boiler.rural.space","2025",-66.41285562
"RCP6","space","energy_demand_TWh","heater.liquid.boiler.rural.space","2030",-52.74658313
"RCP6","space","energy_demand_TWh","heater.liquid.boiler.rural.space","2035",-40.27610775
"RCP6","space","energy_demand_TWh","heater.liquid.boiler.rural.space","2040",-29.19929869
"RCP6","space","energy_demand_TWh","heater.liquid.boiler.rural.space","2045",-19.70006845
"RCP6","space","energy_demand_TWh","heater.liquid.boiler.rural.space","2050",-11.92056826
"RCP6","space","energy_demand_TWh","heater.gas.boiler.rural.space","2011",-147.8317579
"RCP6","space","energy_demand_TWh","heater.gas.boiler.rural.space","2015",-159.5973563
"RCP6","space","energy_demand_TWh","heater.gas.boiler.rural.space","2020",-155.0247761
"RCP6","space","energy_demand_TWh","heater.gas.boiler.rural.space","2025",-149.0737383
"RCP6","space","energy_demand_TWh","heater.gas.boiler.rural.space","2030",-140.9870409
"RCP6","space","energy_demand_TWh","heater.gas.boiler.rural.space","2035",-130.4347924
"RCP6","space","energy_demand_TWh","heater.gas.boiler.rural.space","2040",-117.3812095
"RCP6","space","energy_demand_TWh","heater.gas.boiler.rural.space","2045",-101.8483443
"RCP6","space","energy_demand_TWh","heater.gas.boiler.rural.space","2050",-83.79069792
"RCP6","space","energy_demand_TWh","heater.heatpump.rural.space","2011",-1.153087712
"RCP6","space","energy_demand_TWh","heater.heatpump.rural.space","2015",-1.248133171
"RCP6","space","energy_demand_TWh","heater.heatpump.rural.space","2020",-7.471045846
"RCP6","space","energy_demand_TWh","heater.heatpump.rural.space","2025",-12.10280211
"RCP6","space","energy_demand_TWh","heater.heatpump.rural.space","2030",-15.32595689
"RCP6","space","energy_demand_TWh","heater.heatpump.rural.space","2035",-17.2224138
"RCP6","space","energy_demand_TWh","heater.heatpump.rural.space","2040",-17.85341815
"RCP6","space","energy_demand_TWh","heater.heatpump.rural.space","2045",-17.267646
"RCP6","space","energy_demand_TWh","heater.heatpump.rural.space","2050",-15.48995605
"RCP6","space","energy_demand_TWh","heater.electricity.rural.space","2011",-4.612350847
"RCP6","space","energy_demand_TWh","heater.electricity.rural.space","2015",-12.16129756
"RCP6","space","energy_demand_TWh","heater.electricity.rural.space","2020",-15.78976805
"RCP6","space","energy_demand_TWh","heater.electricity.rural.space","2025",-19.05066828
"RCP6","space","energy_demand_TWh","heater.electricity.rural.space","2030",-21.70905167
"RCP6","space","energy_demand_TWh","heater.electricity.rural.space","2035",-23.52722728
"RCP6","space","energy_demand_TWh","heater.electricity.rural.space","2040",-24.29256823
"RCP6","space","energy_demand_TWh","heater.electricity.rural.space","2045",-23.80124584
"RCP6","space","energy_demand_TWh","heater.electricity.rural.space","2050",-21.83346186
"RCP6","space","energy_demand_TWh","heater.solar.rural.space","2011",0
"RCP6","space","energy_demand_TWh","heater.solar.rural.space","2015",0
"RCP6","space","energy_demand_TWh","heater.solar.rural.space","2020",-12.48538817
"RCP6","space","energy_demand_TWh","heater.solar.rural.space","2025",-22.32704464
"RCP6","space","energy_demand_TWh","heater.solar.rural.space","2030",-29.60356193
"RCP6","space","energy_demand_TWh","heater.solar.rural.space","2035",-34.28301658
"RCP6","space","energy_demand_TWh","heater.solar.rural.space","2040",-36.34699911
"RCP6","space","energy_demand_TWh","heater.solar.rural.space","2045",-35.79071315
"RCP6","space","energy_demand_TWh","heater.solar.rural.space","2050",-32.58725651
"RCP6","space","energy_demand_TWh","heater.microchp.rural.space","2011",0
"RCP6","space","energy_demand_TWh","heater.microchp.rural.space","2015",0
"RCP6","space","energy_demand_TWh","heater.microchp.rural.space","2020",0
"RCP6","space","energy_demand_TWh","heater.microchp.rural.space","2025",0
"RCP6","space","energy_demand_TWh","heater.microchp.rural.space","2030",0
"RCP6","space","energy_demand_TWh","heater.microchp.rural.space","2035",0
"RCP6","space","energy_demand_TWh","heater.microchp.rural.space","2040",0
"RCP6","space","energy_demand_TWh","heater.microchp.rural.space","2045",0
"RCP6","space","energy_demand_TWh","heater.microchp.rural.space","2050",0
"RCP6","space","energy_demand_TWh","heater.districtheating.rural.space","2011",0
"RCP6","space","energy_demand_TWh","heater.districtheating.rural.space","2015",0
"RCP6","space","energy_demand_TWh","heater.districtheating.rural.space","2020",-4.189122135
"RCP6","space","energy_demand_TWh","heater.districtheating.rural.space","2025",-8.112568474
"RCP6","space","energy_demand_TWh","heater.districtheating.rural.space","2030",-11.58036039
"RCP6","space","energy_demand_TWh","heater.districtheating.rural.space","2035",-14.36496068
"RCP6","space","energy_demand_TWh","heater.districtheating.rural.space","2040",-16.24131705
"RCP6","space","energy_demand_TWh","heater.districtheating.rural.space","2045",-16.98878961
"RCP6","space","energy_demand_TWh","heater.districtheating.rural.space","2050",-16.37509639
"RCP6","space","households","heater.solid.boiler.urban.space","2011",95283895.79
"RCP6","space","households","heater.solid.boiler.urban.space","2015",98175119.67
"RCP6","space","households","heater.solid.boiler.urban.space","2020",96697717.98
"RCP6","space","households","heater.solid.boiler.urban.space","2025",92652689.26
"RCP6","space","households","heater.solid.boiler.urban.space","2030",85778861.05
"RCP6","space","households","heater.solid.boiler.urban.space","2035",75552626.38
"RCP6","space","households","heater.solid.boiler.urban.space","2040",62602540.51
"RCP6","space","households","heater.solid.boiler.urban.space","2045",46617502.81
"RCP6","space","households","heater.solid.boiler.urban.space","2050",27935568.83
"RCP6","space","households","heater.liquid.boiler.urban.space","2011",190567791.6
"RCP6","space","households","heater.liquid.boiler.urban.space","2015",211871997.4
"RCP6","space","households","heater.liquid.boiler.urban.space","2020",204425310.5
"RCP6","space","households","heater.liquid.boiler.urban.space","2025",190493377.2
"RCP6","space","households","heater.liquid.boiler.urban.space","2030",169491127.7
"RCP6","space","households","heater.liquid.boiler.urban.space","2035",140404028.3
"RCP6","space","households","heater.liquid.boiler.urban.space","2040",104486408.5
"RCP6","space","households","heater.liquid.boiler.urban.space","2045",61224958.51
"RCP6","space","households","heater.liquid.boiler.urban.space","2050",11174227.53
"RCP6","space","households","heater.gas.boiler.urban.space","2011",748659181.2
"RCP6","space","households","heater.gas.boiler.urban.space","2015",832354275.5
"RCP6","space","households","heater.gas.boiler.urban.space","2020",852579494.2
"RCP6","space","households","heater.gas.boiler.urban.space","2025",858296431.2
"RCP6","space","households","heater.gas.boiler.urban.space","2030",847455638.7
"RCP6","space","households","heater.gas.boiler.urban.space","2035",814729797.3
"RCP6","space","households","heater.gas.boiler.urban.space","2040",766233662.7
"RCP6","space","households","heater.gas.boiler.urban.space","2045",698113856.2
"RCP6","space","households","heater.gas.boiler.urban.space","2050",614582514.3
"RCP6","space","households","heater.heatpump.urban.space","2011",27223970.23
"RCP6","space","households","heater.heatpump.urban.space","2015",30267428.2
"RCP6","space","households","heater.heatpump.urban.space","2020",94461932.6
"RCP6","space","households","heater.heatpump.urban.space","2025",172197403.1
"RCP6","space","households","heater.heatpump.urban.space","2030",263718712.8
"RCP6","space","households","heater.heatpump.urban.space","2035",367111450.2
"RCP6","space","households","heater.heatpump.urban.space","2040",484120359.6
"RCP6","space","households","heater.heatpump.urban.space","2045",612249585.1
"RCP6","space","households","heater.heatpump.urban.space","2050",754260358.5
"RCP6","space","households","heater.electricity.urban.space","2011",40835955.34
"RCP6","space","households","heater.electricity.urban.space","2015",53162021.32
"RCP6","space","households","heater.electricity.urban.space","2020",63160937.18
"RCP6","space","households","heater.electricity.urban.space","2025",74163545.02
"RCP6","space","households","heater.electricity.urban.space","2030",86082771.98
"RCP6","space","households","heater.electricity.urban.space","2035",98342271.06
"RCP6","space","households","heater.electricity.urban.space","2040",111541473.7
"RCP6","space","households","heater.electricity.urban.space","2045",125111039.4
"RCP6","space","households","heater.electricity.urban.space","2050",139677844.2
"RCP6","space","households","heater.solar.urban.space","2011",0
"RCP6","space","households","heater.solar.urban.space","2015",0
"RCP6","space","households","heater.solar.urban.space","2020",19376806.69
"RCP6","space","households","heater.solar.urban.space","2025",43049350.78
"RCP6","space","households","heater.solar.urban.space","2030",71115158.5
"RCP6","space","households","heater.solar.urban.space","2035",103048828.1
"RCP6","space","households","heater.solar.urban.space","2040",139315211.4
"RCP6","space","households","heater.solar.urban.space","2045",179195000.5
"RCP6","space","households","heater.solar.urban.space","2050",223484550.7
"RCP6","space","households","heater.microchp.urban.space","2011",27223970.23
"RCP6","space","households","heater.microchp.urban.space","2015",30267428.2
"RCP6","space","households","heater.microchp.urban.space","2020",49895277.22
"RCP6","space","households","heater.microchp.urban.space","2025",73183896.33
"RCP6","space","households","heater.microchp.urban.space","2030",100153848.2
"RCP6","space","households","heater.microchp.urban.space","2035",130099145.5
"RCP6","space","households","heater.microchp.urban.space","2040",163695373.4
"RCP6","space","households","heater.microchp.urban.space","2045",200101083.9
"RCP6","space","households","heater.microchp.urban.space","2050",240245892
"RCP6","space","households","heater.districtheating.urban.space","2011",231403746.9
"RCP6","space","households","heater.districtheating.urban.space","2015",257273139.7
"RCP6","space","households","heater.districtheating.urban.space","2020",314873108.7
"RCP6","space","households","heater.districtheating.urban.space","2025",379372403.8
"RCP6","space","households","heater.districtheating.urban.space","2030",450396003.8
"RCP6","space","households","heater.districtheating.urban.space","2035",524904968.2
"RCP6","space","households","heater.districtheating.urban.space","2040",606021169.6
"RCP6","space","households","heater.districtheating.urban.space","2045",690647397.9
"RCP6","space","households","heater.districtheating.urban.space","2050",782195927.3
"RCP6","space","households","heater.solid.boiler.rural.space","2011",348636617.8
"RCP6","space","households","heater.solid.boiler.rural.space","2015",357359370.6
"RCP6","space","households","heater.solid.boiler.rural.space","2020",333772751.7
"RCP6","space","households","heater.solid.boiler.rural.space","2025",307993550.4
"RCP6","space","households","heater.solid.boiler.rural.space","2030",278752587.4
"RCP6","space","households","heater.solid.boiler.rural.space","2035",245810036.6
"RCP6","space","households","heater.solid.boiler.rural.space","2040",209540423.1
"RCP6","space","households","heater.solid.boiler.rural.space","2045",170414526.2
"RCP6","space","households","heater.solid.boiler.rural.space","2050",128809356
"RCP6","space","households","heater.liquid.boiler.rural.space","2011",68026657.13
"RCP6","space","households","heater.liquid.boiler.rural.space","2015",71395596.77
"RCP6","space","households","heater.liquid.boiler.rural.space","2020",66827793.72
"RCP6","space","households","heater.liquid.boiler.rural.space","2025",61832775.9
"RCP6","space","households","heater.liquid.boiler.rural.space","2030",56155820.65
"RCP6","space","households","heater.liquid.boiler.rural.space","2035",49746468.53
"RCP6","space","households","heater.liquid.boiler.rural.space","2040",42676620.05
"RCP6","space","households","heater.liquid.boiler.rural.space","2045",35036522.34
"RCP6","space","households","heater.liquid.boiler.rural.space","2050",26894261.14
"RCP6","space","households","heater.gas.boiler.rural.space","2011",141722202.4
"RCP6","space","households","heater.gas.boiler.rural.space","2015",148740826.6
"RCP6","space","households","heater.gas.boiler.rural.space","2020",163102135.1
"RCP6","space","households","heater.gas.boiler.rural.space","2025",178363776.6
"RCP6","space","households","heater.gas.boiler.rural.space","2030",193803758.1
"RCP6","space","households","heater.gas.boiler.rural.space","2035",208896303.4
"RCP6","space","households","heater.gas.boiler.rural.space","2040",223307895.6
"RCP6","space","households","heater.gas.boiler.rural.space","2045",236597205.5
"RCP6","space","households","heater.gas.boiler.rural.space","2050",247710300
"RCP6","space","households","heater.heatpump.rural.space","2011",2834444.047
"RCP6","space","households","heater.heatpump.rural.space","2015",2974816.532
"RCP6","space","households","heater.heatpump.rural.space","2020",21159195.9
"RCP6","space","households","heater.heatpump.rural.space","2025",40703528.51
"RCP6","space","households","heater.heatpump.rural.space","2030",61449972.09
"RCP6","space","households","heater.heatpump.rural.space","2035",83072715.99
"RCP6","space","households","heater.heatpump.rural.space","2040",105202830.8
"RCP6","space","households","heater.heatpump.rural.space","2045",127359772.3
"RCP6","space","households","heater.heatpump.rural.space","2050",148626180
"RCP6","space","households","heater.electricity.rural.space","2011",5668888.094
"RCP6","space","households","heater.electricity.rural.space","2015",14492695.92
"RCP6","space","households","heater.electricity.rural.space","2020",19938473.06
"RCP6","space","households","heater.electricity.rural.space","2025",25775383.37
"RCP6","space","households","heater.electricity.rural.space","2030",31900656.12
"RCP6","space","households","heater.electricity.rural.space","2035",38191774.96
"RCP6","space","households","heater.electricity.rural.space","2040",44534338.16
"RCP6","space","households","heater.electricity.rural.space","2045",50778691.01
"RCP6","space","households","heater.electricity.rural.space","2050",56619497.13
"RCP6","space","households","heater.solar.rural.space","2011",0
"RCP6","space","households","heater.solar.rural.space","2015",0
"RCP6","space","households","heater.solar.rural.space","2020",7053065.3
"RCP6","space","households","heater.solar.rural.space","2025",14634976.54
"RCP6","space","households","heater.solar.rural.space","2030",22689220.46
"RCP6","space","households","heater.solar.rural.space","2035",31091542.83
"RCP6","space","households","heater.solar.rural.space","2040",39699181.44
"RCP6","space","households","heater.solar.rural.space","2045",48326237.71
"RCP6","space","households","heater.solar.rural.space","2050",56619497.13
"RCP6","space","households","heater.microchp.rural.space","2011",0
"RCP6","space","households","heater.microchp.rural.space","2015",0
"RCP6","space","households","heater.microchp.rural.space","2020",0
"RCP6","space","households","heater.microchp.rural.space","2025",0
"RCP6","space","households","heater.microchp.rural.space","2030",0
"RCP6","space","households","heater.microchp.rural.space","2035",0
"RCP6","space","households","heater.microchp.rural.space","2040",0
"RCP6","space","households","heater.microchp.rural.space","2045",0
"RCP6","space","households","heater.microchp.rural.space","2050",0
"RCP6","space","households","heater.districtheating.rural.space","2011",0
"RCP6","space","households","heater.districtheating.rural.space","2015",0
"RCP6","space","households","heater.districtheating.rural.space","2020",5289798.975
"RCP6","space","households","heater.districtheating.rural.space","2025",10976232.41
"RCP6","space","households","heater.districtheating.rural.space","2030",17016915.35
"RCP6","space","households","heater.districtheating.rural.space","2035",23318657.12
"RCP6","space","households","heater.districtheating.rural.space","2040",29774386.08
"RCP6","space","households","heater.districtheating.rural.space","2045",36244678.28
"RCP6","space","households","heater.districtheating.rural.space","2050",42464622.85
"RCP6","cool","demand_TWh","cooling.airconditioners.urban","2011",721.2556226
"RCP6","cool","demand_TWh","cooling.airconditioners.urban","2015",890.4480159
"RCP6","cool","demand_TWh","cooling.airconditioners.urban","2020",1006.075938
"RCP6","cool","demand_TWh","cooling.airconditioners.urban","2025",1104.784353
"RCP6","cool","demand_TWh","cooling.airconditioners.urban","2030",1178.463553
"RCP6","cool","demand_TWh","cooling.airconditioners.urban","2035",1213.556552
"RCP6","cool","demand_TWh","cooling.airconditioners.urban","2040",1212.99858
"RCP6","cool","demand_TWh","cooling.airconditioners.urban","2045",1165.863019
"RCP6","cool","demand_TWh","cooling.airconditioners.urban","2050",1074.630571
"RCP6","cool","demand_TWh","cooling.chillers.urban","2011",0
"RCP6","cool","demand_TWh","cooling.chillers.urban","2015",1.839768628
"RCP6","cool","demand_TWh","cooling.chillers.urban","2020",13.76457788
"RCP6","cool","demand_TWh","cooling.chillers.urban","2025",28.74292025
"RCP6","cool","demand_TWh","cooling.chillers.urban","2030",46.12642914
"RCP6","cool","demand_TWh","cooling.chillers.urban","2035",64.47969651
"RCP6","cool","demand_TWh","cooling.chillers.urban","2040",82.58178591
"RCP6","cool","demand_TWh","cooling.chillers.urban","2045",98.0330296
"RCP6","cool","demand_TWh","cooling.chillers.urban","2050",108.823349
"RCP6","cool","demand_TWh","cooling.solarcooling.urban","2011",0
"RCP6","cool","demand_TWh","cooling.solarcooling.urban","2015",4.59942157
"RCP6","cool","demand_TWh","cooling.solarcooling.urban","2020",23.97330648
"RCP6","cool","demand_TWh","cooling.solarcooling.urban","2025",48.22230897
"RCP6","cool","demand_TWh","cooling.solarcooling.urban","2030",76.28968291
"RCP6","cool","demand_TWh","cooling.solarcooling.urban","2035",105.8440301
"RCP6","cool","demand_TWh","cooling.solarcooling.urban","2040",134.9289967
"RCP6","cool","demand_TWh","cooling.solarcooling.urban","2045",159.6686897
"RCP6","cool","demand_TWh","cooling.solarcooling.urban","2050",176.8379421
"RCP6","cool","demand_TWh","cooling.airconditioners.rural","2011",28.31182396
"RCP6","cool","demand_TWh","cooling.airconditioners.rural","2015",50.19826321
"RCP6","cool","demand_TWh","cooling.airconditioners.rural","2020",72.96171748
"RCP6","cool","demand_TWh","cooling.airconditioners.rural","2025",94.14476691
"RCP6","cool","demand_TWh","cooling.airconditioners.rural","2030",112.1339385
"RCP6","cool","demand_TWh","cooling.airconditioners.rural","2035",125.2614194
"RCP6","cool","demand_TWh","cooling.airconditioners.rural","2040",132.0315412
"RCP6","cool","demand_TWh","cooling.airconditioners.rural","2045",131.0942562
"RCP6","cool","demand_TWh","cooling.airconditioners.rural","2050",121.1459302
"RCP6","cool","demand_TWh","cooling.chillers.rural","2011",0
"RCP6","cool","demand_TWh","cooling.chillers.rural","2015",0.10371542
"RCP6","cool","demand_TWh","cooling.chillers.rural","2020",0.998222107
"RCP6","cool","demand_TWh","cooling.chillers.rural","2025",2.449342733
"RCP6","cool","demand_TWh","cooling.chillers.rural","2030",4.389052303
"RCP6","cool","demand_TWh","cooling.chillers.rural","2035",6.655493962
"RCP6","cool","demand_TWh","cooling.chillers.rural","2040",8.988799037
"RCP6","cool","demand_TWh","cooling.chillers.rural","2045",11.02322219
"RCP6","cool","demand_TWh","cooling.chillers.rural","2050",12.2679423
"RCP6","cool","demand_TWh","cooling.solarcooling.rural","2011",0
"RCP6","cool","demand_TWh","cooling.solarcooling.rural","2015",0.25928855
"RCP6","cool","demand_TWh","cooling.solarcooling.rural","2020",1.738570169
"RCP6","cool","demand_TWh","cooling.solarcooling.rural","2025",4.109288862
"RCP6","cool","demand_TWh","cooling.solarcooling.rural","2030",7.259166051
"RCP6","cool","demand_TWh","cooling.solarcooling.rural","2035",10.92505613
"RCP6","cool","demand_TWh","cooling.solarcooling.rural","2040",14.68664817
"RCP6","cool","demand_TWh","cooling.solarcooling.rural","2045",17.95377997
"RCP6","cool","demand_TWh","cooling.solarcooling.rural","2050",19.93540624
"RCP6","cool","energy_demand_TWh","cooling.airconditioners.urban","2011",-360.6278113
"RCP6","cool","energy_demand_TWh","cooling.airconditioners.urban","2015",-445.224008
"RCP6","cool","energy_demand_TWh","cooling.airconditioners.urban","2020",-503.0379692
"RCP6","cool","energy_demand_TWh","cooling.airconditioners.urban","2025",-552.3921766
"RCP6","cool","energy_demand_TWh","cooling.airconditioners.urban","2030",-589.2317764
"RCP6","cool","energy_demand_TWh","cooling.airconditioners.urban","2035",-606.7782761
"RCP6","cool","energy_demand_TWh","cooling.airconditioners.urban","2040",-606.49929
"RCP6","cool","energy_demand_TWh","cooling.airconditioners.urban","2045",-582.9315095
"RCP6","cool","energy_demand_TWh","cooling.airconditioners.urban","2050",-537.3152856
"RCP6","cool","energy_demand_TWh","cooling.chillers.urban","2011",0
"RCP6","cool","energy_demand_TWh","cooling.chillers.urban","2015",-1.022093682
"RCP6","cool","energy_demand_TWh","cooling.chillers.urban","2020",-7.646987712
"RCP6","cool","energy_demand_TWh","cooling.chillers.urban","2025",-15.96828903
"RCP6","cool","energy_demand_TWh","cooling.chillers.urban","2030",-25.62579397
"RCP6","cool","energy_demand_TWh","cooling.chillers.urban","2035",-35.82205362
"RCP6","cool","energy_demand_TWh","cooling.chillers.urban","2040",-45.87876995
"RCP6","cool","energy_demand_TWh","cooling.chillers.urban","2045",-54.46279422
"RCP6","cool","energy_demand_TWh","cooling.chillers.urban","2050",-60.4574161
"RCP6","cool","energy_demand_TWh","cooling.solarcooling.urban","2011",0
"RCP6","cool","energy_demand_TWh","cooling.solarcooling.urban","2015",-4.59942157
"RCP6","cool","energy_demand_TWh","cooling.solarcooling.urban","2020",-23.97330648
"RCP6","cool","energy_demand_TWh","cooling.solarcooling.urban","2025",-48.22230897
"RCP6","cool","energy_demand_TWh","cooling.solarcooling.urban","2030",-76.28968291
"RCP6","cool","energy_demand_TWh","cooling.solarcooling.urban","2035",-105.8440301
"RCP6","cool","energy_demand_TWh","cooling.solarcooling.urban","2040",-134.9289967
"RCP6","cool","energy_demand_TWh","cooling.solarcooling.urban","2045",-159.6686897
"RCP6","cool","energy_demand_TWh","cooling.solarcooling.urban","2050",-176.8379421
"RCP6","cool","energy_demand_TWh","cooling.airconditioners.rural","2011",-14.15591198
"RCP6","cool","energy_demand_TWh","cooling.airconditioners.rural","2015",-25.0991316
"RCP6","cool","energy_demand_TWh","cooling.airconditioners.rural","2020",-36.48085874
"RCP6","cool","energy_demand_TWh","cooling.airconditioners.rural","2025",-47.07238346
"RCP6","cool","energy_demand_TWh","cooling.airconditioners.rural","2030",-56.06696927
"RCP6","cool","energy_demand_TWh","cooling.airconditioners.rural","2035",-62.63070969
"RCP6","cool","energy_demand_TWh","cooling.airconditioners.rural","2040",-66.01577059
"RCP6","cool","energy_demand_TWh","cooling.airconditioners.rural","2045",-65.54712812
"RCP6","cool","energy_demand_TWh","cooling.airconditioners.rural","2050",-60.57296512
"RCP6","cool","energy_demand_TWh","cooling.chillers.rural","2011",0
"RCP6","cool","energy_demand_TWh","cooling.chillers.rural","2015",-0.057619678
"RCP6","cool","energy_demand_TWh","cooling.chillers.rural","2020",-0.554567837
"RCP6","cool","energy_demand_TWh","cooling.chillers.rural","2025",-1.360745963
"RCP6","cool","energy_demand_TWh","cooling.chillers.rural","2030",-2.43836239
"RCP6","cool","energy_demand_TWh","cooling.chillers.rural","2035",-3.697496646
"RCP6","cool","energy_demand_TWh","cooling.chillers.rural","2040",-4.993777243
"RCP6","cool","energy_demand_TWh","cooling.chillers.rural","2045",-6.124012328
"RCP6","cool","energy_demand_TWh","cooling.chillers.rural","2050",-6.815523501
"RCP6","cool","energy_demand_TWh","cooling.solarcooling.rural","2011",0
"RCP6","cool","energy_demand_TWh","cooling.solarcooling.rural","2015",-0.25928855
"RCP6","cool","energy_demand_TWh","cooling.solarcooling.rural","2020",-1.738570169
"RCP6","cool","energy_demand_TWh","cooling.solarcooling.rural","2025",-4.109288862
"RCP6","cool","energy_demand_TWh","cooling.solarcooling.rural","2030",-7.259166051
"RCP6","cool","energy_demand_TWh","cooling.solarcooling.rural","2035",-10.92505613
"RCP6","cool","energy_demand_TWh","cooling.solarcooling.rural","2040",-14.68664817
"RCP6","cool","energy_demand_TWh","cooling.solarcooling.rural","2045",-17.95377997
"RCP6","cool","energy_demand_TWh","cooling.solarcooling.rural","2050",-19.93540624
"RCP6","cool","households","cooling.airconditioners.urban","2011",1361198511
"RCP6","cool","households","cooling.airconditioners.urban","2015",1502506179
"RCP6","cool","households","cooling.airconditioners.urban","2020",1634172802
"RCP6","cool","households","cooling.airconditioners.urban","2025",1760746043
"RCP6","cool","households","cooling.airconditioners.urban","2030",1879005326
"RCP6","cool","households","cooling.airconditioners.urban","2035",1976753962
"RCP6","cool","households","cooling.airconditioners.urban","2040",2067312711
"RCP6","cool","households","cooling.airconditioners.urban","2045",2140193281
"RCP6","cool","households","cooling.airconditioners.urban","2050",2206909938
"RCP6","cool","households","cooling.chillers.urban","2011",0
"RCP6","cool","households","cooling.chillers.urban","2015",3104351.61
"RCP6","cool","households","cooling.chillers.urban","2020",22357853.87
"RCP6","cool","households","cooling.chillers.urban","2025",45808924.55
"RCP6","cool","households","cooling.chillers.urban","2030",73546445.97
"RCP6","cool","households","cooling.chillers.urban","2035",105030536.4
"RCP6","cool","households","cooling.chillers.urban","2040",140744085.4
"RCP6","cool","households","cooling.chillers.urban","2045",179960791.1
"RCP6","cool","households","cooling.chillers.urban","2050",223484550.7
"RCP6","cool","households","cooling.solarcooling.urban","2011",0
"RCP6","cool","households","cooling.solarcooling.urban","2015",7760879.025
"RCP6","cool","households","cooling.solarcooling.urban","2020",38939928.82
"RCP6","cool","households","cooling.solarcooling.urban","2025",76854129.44
"RCP6","cool","households","cooling.solarcooling.urban","2030",121640351.2
"RCP6","cool","households","cooling.solarcooling.urban","2035",172408616.3
"RCP6","cool","households","cooling.solarcooling.urban","2040",229959403.4
"RCP6","cool","households","cooling.solarcooling.urban","2045",293106352.4
"RCP6","cool","households","cooling.solarcooling.urban","2050",363162394.8
"RCP6","cool","households","cooling.airconditioners.rural","2011",566888809.4
"RCP6","cool","households","cooling.airconditioners.rural","2015",590691774.9
"RCP6","cool","households","cooling.airconditioners.rural","2020",594831112.9
"RCP6","cool","households","cooling.airconditioners.rural","2025",598579922.1
"RCP6","cool","households","cooling.airconditioners.rural","2030",599494777
"RCP6","cool","households","cooling.airconditioners.rural","2035",596419499.4
"RCP6","cool","households","cooling.airconditioners.rural","2040",589100225.2
"RCP6","cool","households","cooling.airconditioners.rural","2045",577178431
"RCP6","cool","households","cooling.airconditioners.rural","2050",559117534.2
"RCP6","cool","households","cooling.chillers.rural","2011",0
"RCP6","cool","households","cooling.chillers.rural","2015",1220437.552
"RCP6","cool","households","cooling.chillers.rural","2020",8138152.269
"RCP6","cool","households","cooling.chillers.rural","2025",15573116.07
"RCP6","cool","households","cooling.chillers.rural","2030",23464920.31
"RCP6","cool","households","cooling.chillers.rural","2035",31689457.11
"RCP6","cool","households","cooling.chillers.rural","2040",40106352.54
"RCP6","cool","households","cooling.chillers.rural","2045",48532760.1
"RCP6","cool","households","cooling.chillers.rural","2050",56619497.13
"RCP6","cool","households","cooling.solarcooling.rural","2011",0
"RCP6","cool","households","cooling.solarcooling.rural","2015",3051093.879
"RCP6","cool","households","cooling.solarcooling.rural","2020",14173948.54
"RCP6","cool","households","cooling.solarcooling.rural","2025",26127185.69
"RCP6","cool","households","cooling.solarcooling.rural","2030",38809232.86
"RCP6","cool","households","cooling.solarcooling.rural","2035",52018542.81
"RCP6","cool","households","cooling.solarcooling.rural","2040",65529097.57
"RCP6","cool","households","cooling.solarcooling.rural","2045",79046442.24
"RCP6","cool","households","cooling.solarcooling.rural","2050",92006682.84
"RCP6","water","heat_demand_TWh","heater.solid.boiler.urban.water","2011",213.164963
"RCP6","water","heat_demand_TWh","heater.solid.boiler.urban.water","2015",234.0785154
"RCP6","water","heat_demand_TWh","heater.solid.boiler.urban.water","2020",214.0090691
"RCP6","water","heat_demand_TWh","heater.solid.boiler.urban.water","2025",188.3509097
"RCP6","water","heat_demand_TWh","heater.solid.boiler.urban.water","2030",157.5341356
"RCP6","water","heat_demand_TWh","heater.solid.boiler.urban.water","2035",121.7019019
"RCP6","water","heat_demand_TWh","heater.solid.boiler.urban.water","2040",83.02886027
"RCP6","water","heat_demand_TWh","heater.solid.boiler.urban.water","2045",42.02685704
"RCP6","water","heat_demand_TWh","heater.solid.boiler.urban.water","2050",0
"RCP6","water","heat_demand_TWh","heater.liquid.boiler.urban.water","2011",304.5213757
"RCP6","water","heat_demand_TWh","heater.liquid.boiler.urban.water","2015",334.3978791
"RCP6","water","heat_demand_TWh","heater.liquid.boiler.urban.water","2020",305.7272416
"RCP6","water","heat_demand_TWh","heater.liquid.boiler.urban.water","2025",269.0727281
"RCP6","water","heat_demand_TWh","heater.liquid.boiler.urban.water","2030",225.0487651
"RCP6","water","heat_demand_TWh","heater.liquid.boiler.urban.water","2035",173.8598599
"RCP6","water","heat_demand_TWh","heater.liquid.boiler.urban.water","2040",118.6126575
"RCP6","water","heat_demand_TWh","heater.liquid.boiler.urban.water","2045",60.0383672
"RCP6","water","heat_demand_TWh","heater.liquid.boiler.urban.water","2050",0
"RCP6","water","heat_demand_TWh","heater.gas.boiler.urban.water","2011",1157.181228
"RCP6","water","heat_demand_TWh","heater.gas.boiler.urban.water","2015",1270.71194
"RCP6","water","heat_demand_TWh","heater.gas.boiler.urban.water","2020",1268.768052
"RCP6","water","heat_demand_TWh","heater.gas.boiler.urban.water","2025",1248.497458
"RCP6","water","heat_demand_TWh","heater.gas.boiler.urban.water","2030",1209.637113
"RCP6","water","heat_demand_TWh","heater.gas.boiler.urban.water","2035",1147.475075
"RCP6","water","heat_demand_TWh","heater.gas.boiler.urban.water","2040",1073.444551
"RCP6","water","heat_demand_TWh","heater.gas.boiler.urban.water","2045",984.6292221
"RCP6","water","heat_demand_TWh","heater.gas.boiler.urban.water","2050",889.2963887
"RCP6","water","heat_demand_TWh","heater.heatpump.urban.water","2011",609.0427514
"RCP6","water","heat_demand_TWh","heater.heatpump.urban.water","2015",668.7957581
"RCP6","water","heat_demand_TWh","heater.heatpump.urban.water","2020",698.0772015
"RCP6","water","heat_demand_TWh","heater.heatpump.urban.water","2025",721.1149113
"RCP6","water","heat_demand_TWh","heater.heatpump.urban.water","2030",737.0347059
"RCP6","water","heat_demand_TWh","heater.heatpump.urban.water","2035",741.8020687
"RCP6","water","heat_demand_TWh","heater.heatpump.urban.water","2040",741.3291095
"RCP6","water","heat_demand_TWh","heater.heatpump.urban.water","2045",732.4680798
"RCP6","water","heat_demand_TWh","heater.heatpump.urban.water","2050",719.9066004
"RCP6","water","heat_demand_TWh","heater.electricity.urban.water","2011",304.5213757
"RCP6","water","heat_demand_TWh","heater.electricity.urban.water","2015",334.3978791
"RCP6","water","heat_demand_TWh","heater.electricity.urban.water","2020",428.0181382
"RCP6","water","heat_demand_TWh","heater.electricity.urban.water","2025",527.3825471
"RCP6","water","heat_demand_TWh","heater.electricity.urban.water","2030",630.1365424
"RCP6","water","heat_demand_TWh","heater.electricity.urban.water","2035",730.2114114
"RCP6","water","heat_demand_TWh","heater.electricity.urban.water","2040",830.2886027
"RCP6","water","heat_demand_TWh","heater.electricity.urban.water","2045",924.5908549
"RCP6","water","heat_demand_TWh","heater.electricity.urban.water","2050",1016.33873
"RCP6","water","heat_demand_TWh","heater.solar.urban.water","2011",91.35641271
"RCP6","water","heat_demand_TWh","heater.solar.urban.water","2015",100.3193637
"RCP6","water","heat_demand_TWh","heater.solar.urban.water","2020",275.1545174
"RCP6","water","heat_demand_TWh","heater.solar.urban.water","2025",468.1865469
"RCP6","water","heat_demand_TWh","heater.solar.urban.water","2030",675.1462954
"RCP6","water","heat_demand_TWh","heater.solar.urban.water","2035",886.6852853
"RCP6","water","heat_demand_TWh","heater.solar.urban.water","2040",1103.097715
"RCP6","water","heat_demand_TWh","heater.solar.urban.water","2045",1314.840242
"RCP6","water","heat_demand_TWh","heater.solar.urban.water","2050",1524.508095
"RCP6","water","heat_demand_TWh","heater.microchp.urban.water","2011",0
"RCP6","water","heat_demand_TWh","heater.microchp.urban.water","2015",0
"RCP6","water","heat_demand_TWh","heater.microchp.urban.water","2020",10.19090805
"RCP6","water","heat_demand_TWh","heater.microchp.urban.water","2025",21.52581825
"RCP6","water","heat_demand_TWh","heater.microchp.urban.water","2030",33.75731477
"RCP6","water","heat_demand_TWh","heater.microchp.urban.water","2035",46.3626293
"RCP6","water","heat_demand_TWh","heater.microchp.urban.water","2040",59.30632876
"RCP6","water","heat_demand_TWh","heater.microchp.urban.water","2045",72.04604064
"RCP6","water","heat_demand_TWh","heater.microchp.urban.water","2050",84.69489416
"RCP6","water","heat_demand_TWh","heater.districtheating.urban.water","2011",365.4256508
"RCP6","water","heat_demand_TWh","heater.districtheating.urban.water","2015",401.2774549
"RCP6","water","heat_demand_TWh","heater.districtheating.urban.water","2020",366.8726899
"RCP6","water","heat_demand_TWh","heater.districtheating.urban.water","2025",322.8872737
"RCP6","water","heat_demand_TWh","heater.districtheating.urban.water","2030",270.0585182
"RCP6","water","heat_demand_TWh","heater.districtheating.urban.water","2035",208.6318318
"RCP6","water","heat_demand_TWh","heater.districtheating.urban.water","2040",142.335189
"RCP6","water","heat_demand_TWh","heater.districtheating.urban.water","2045",72.04604064
"RCP6","water","heat_demand_TWh","heater.districtheating.urban.water","2050",0
"RCP6","water","heat_demand_TWh","heater.solid.boiler.rural.water","2011",882.6803148
"RCP6","water","heat_demand_TWh","heater.solid.boiler.rural.water","2015",928.8755421
"RCP6","water","heat_demand_TWh","heater.solid.boiler.rural.water","2020",853.9089714
"RCP6","water","heat_demand_TWh","heater.solid.boiler.rural.water","2025",773.7196865
"RCP6","water","heat_demand_TWh","heater.solid.boiler.rural.water","2030",685.3585598
"RCP6","water","heat_demand_TWh","heater.solid.boiler.rural.water","2035",588.6491144
"RCP6","water","heat_demand_TWh","heater.solid.boiler.rural.water","2040",484.9938806
"RCP6","water","heat_demand_TWh","heater.solid.boiler.rural.water","2045",376.0459826
"RCP6","water","heat_demand_TWh","heater.solid.boiler.rural.water","2050",263.3399901
"RCP6","water","heat_demand_TWh","heater.liquid.boiler.rural.water","2011",50.72875372
"RCP6","water","heat_demand_TWh","heater.liquid.boiler.rural.water","2015",53.63658001
"RCP6","water","heat_demand_TWh","heater.liquid.boiler.rural.water","2020",47.30461631
"RCP6","water","heat_demand_TWh","heater.liquid.boiler.rural.water","2025",40.55570638
"RCP6","water","heat_demand_TWh","heater.liquid.boiler.rural.water","2030",33.24087033
"RCP6","water","heat_demand_TWh","heater.liquid.boiler.rural.water","2035",25.38964329
"RCP6","water","heat_demand_TWh","heater.liquid.boiler.rural.water","2040",17.12673066
"RCP6","water","heat_demand_TWh","heater.liquid.boiler.rural.water","2045",8.601638311
"RCP6","water","heat_demand_TWh","heater.liquid.boiler.rural.water","2050",0
"RCP6","water","heat_demand_TWh","heater.gas.boiler.rural.water","2011",10.14575074
"RCP6","water","heat_demand_TWh","heater.gas.boiler.rural.water","2015",10.727316
"RCP6","water","heat_demand_TWh","heater.gas.boiler.rural.water","2020",9.460923263
"RCP6","water","heat_demand_TWh","heater.gas.boiler.rural.water","2025",8.111141275
"RCP6","water","heat_demand_TWh","heater.gas.boiler.rural.water","2030",6.648174066
"RCP6","water","heat_demand_TWh","heater.gas.boiler.rural.water","2035",5.077928657
"RCP6","water","heat_demand_TWh","heater.gas.boiler.rural.water","2040",3.425346133
"RCP6","water","heat_demand_TWh","heater.gas.boiler.rural.water","2045",1.720327662
"RCP6","water","heat_demand_TWh","heater.gas.boiler.rural.water","2050",0
"RCP6","water","heat_demand_TWh","heater.heatpump.rural.water","2011",0
"RCP6","water","heat_demand_TWh","heater.heatpump.rural.water","2015",0
"RCP6","water","heat_demand_TWh","heater.heatpump.rural.water","2020",23.65230816
"RCP6","water","heat_demand_TWh","heater.heatpump.rural.water","2025",48.66684765
"RCP6","water","heat_demand_TWh","heater.heatpump.rural.water","2030",74.79195824
"RCP6","water","heat_demand_TWh","heater.heatpump.rural.water","2035",101.5585731
"RCP6","water","heat_demand_TWh","heater.heatpump.rural.water","2040",128.45048
"RCP6","water","heat_demand_TWh","heater.heatpump.rural.water","2045",154.8294896
"RCP6","water","heat_demand_TWh","heater.heatpump.rural.water","2050",179.5499932
"RCP6","water","heat_demand_TWh","heater.electricity.rural.water","2011",20.29150149
"RCP6","water","heat_demand_TWh","heater.electricity.rural.water","2015",25.85558216
"RCP6","water","heat_demand_TWh","heater.electricity.rural.water","2020",55.91648236
"RCP6","water","heat_demand_TWh","heater.electricity.rural.water","2025",87.68351697
"RCP6","water","heat_demand_TWh","heater.electricity.rural.water","2030",120.7325457
"RCP6","water","heat_demand_TWh","heater.electricity.rural.water","2035",154.4211125
"RCP6","water","heat_demand_TWh","heater.electricity.rural.water","2040",188.0866344
"RCP6","water","heat_demand_TWh","heater.electricity.rural.water","2045",220.9077162
"RCP6","water","heat_demand_TWh","heater.electricity.rural.water","2050",251.3699905
"RCP6","water","heat_demand_TWh","heater.solar.rural.water","2011",50.72875372
"RCP6","water","heat_demand_TWh","heater.solar.rural.water","2015",53.63658001
"RCP6","water","heat_demand_TWh","heater.solar.rural.water","2020",113.5310792
"RCP6","water","heat_demand_TWh","heater.solar.rural.water","2025",176.8228798
"RCP6","water","heat_demand_TWh","heater.solar.rural.water","2030",242.6583534
"RCP6","water","heat_demand_TWh","heater.solar.rural.water","2035",309.7536481
"RCP6","water","heat_demand_TWh","heater.solar.rural.water","2040",376.7880746
"RCP6","water","heat_demand_TWh","heater.solar.rural.water","2045",442.1242092
"RCP6","water","heat_demand_TWh","heater.solar.rural.water","2050",502.739981
"RCP6","water","heat_demand_TWh","heater.microchp.rural.water","2011",0
"RCP6","water","heat_demand_TWh","heater.microchp.rural.water","2015",0
"RCP6","water","heat_demand_TWh","heater.microchp.rural.water","2020",0
"RCP6","water","heat_demand_TWh","heater.microchp.rural.water","2025",0
"RCP6","water","heat_demand_TWh","heater.microchp.rural.water","2030",0
"RCP6","water","heat_demand_TWh","heater.microchp.rural.water","2035",0
"RCP6","water","heat_demand_TWh","heater.microchp.rural.water","2040",0
"RCP6","water","heat_demand_TWh","heater.microchp.rural.water","2045",0
"RCP6","water","heat_demand_TWh","heater.microchp.rural.water","2050",0
"RCP6","water","heat_demand_TWh","heater.districtheating.rural.water","2011",0
"RCP6","water","heat_demand_TWh","heater.districtheating.rural.water","2015",0
"RCP6","water","heat_demand_TWh","heater.districtheating.rural.water","2020",0
"RCP6","water","heat_demand_TWh","heater.districtheating.rural.water","2025",0
"RCP6","water","heat_demand_TWh","heater.districtheating.rural.water","2030",0
"RCP6","water","heat_demand_TWh","heater.districtheating.rural.water","2035",0
"RCP6","water","heat_demand_TWh","heater.districtheating.rural.water","2040",0
"RCP6","water","heat_demand_TWh","heater.districtheating.rural.water","2045",0
"RCP6","water","heat_demand_TWh","heater.districtheating.rural.water","2050",0
"RCP6","water","energy_demand_TWh","heater.solid.boiler.urban.water","2011",-387.57266
"RCP6","water","energy_demand_TWh","heater.solid.boiler.urban.water","2015",-429.6029223
"RCP6","water","energy_demand_TWh","heater.solid.boiler.urban.water","2020",-372.2608293
"RCP6","water","energy_demand_TWh","heater.solid.boiler.urban.water","2025",-311.3709479
"RCP6","water","energy_demand_TWh","heater.solid.boiler.urban.water","2030",-248.1138779
"RCP6","water","energy_demand_TWh","heater.solid.boiler.urban.water","2035",-183.0255011
"RCP6","water","energy_demand_TWh","heater.solid.boiler.urban.water","2040",-119.4722828
"RCP6","water","energy_demand_TWh","heater.solid.boiler.urban.water","2045",-57.96954311
"RCP6","water","energy_demand_TWh","heater.solid.boiler.urban.water","2050",0
"RCP6","water","energy_demand_TWh","heater.liquid.boiler.urban.water","2011",-507.5356262
"RCP6","water","energy_demand_TWh","heater.liquid.boiler.urban.water","2015",-543.3965535
"RCP6","water","energy_demand_TWh","heater.liquid.boiler.urban.water","2020",-469.0807449
"RCP6","water","energy_demand_TWh","heater.liquid.boiler.urban.water","2025",-391.0191354
"RCP6","water","energy_demand_TWh","heater.liquid.boiler.urban.water","2030",-310.6239592
"RCP6","water","energy_demand_TWh","heater.liquid.boiler.urban.water","2035",-228.4986604
"RCP6","water","energy_demand_TWh","heater.liquid.boiler.urban.water","2040",-148.776731
"RCP6","water","energy_demand_TWh","heater.liquid.boiler.urban.water","2045",-72.02071467
"RCP6","water","energy_demand_TWh","heater.liquid.boiler.urban.water","2050",0
"RCP6","water","energy_demand_TWh","heater.gas.boiler.urban.water","2011",-1483.565676
"RCP6","water","energy_demand_TWh","heater.gas.boiler.urban.water","2015",-1624.844776
"RCP6","water","energy_demand_TWh","heater.gas.boiler.urban.water","2020",-1522.789406
"RCP6","water","energy_demand_TWh","heater.gas.boiler.urban.water","2025",-1411.812634
"RCP6","water","energy_demand_TWh","heater.gas.boiler.urban.water","2030",-1293.096295
"RCP6","water","energy_demand_TWh","heater.gas.boiler.urban.water","2035",-1163.067853
"RCP6","water","energy_demand_TWh","heater.gas.boiler.urban.water","2040",-1034.417093
"RCP6","water","energy_demand_TWh","heater.gas.boiler.urban.water","2045",-904.2716061
"RCP6","water","energy_demand_TWh","heater.gas.boiler.urban.water","2050",-780.0845515
"RCP6","water","energy_demand_TWh","heater.heatpump.urban.water","2011",-304.5213757
"RCP6","water","energy_demand_TWh","heater.heatpump.urban.water","2015",-334.3978791
"RCP6","water","energy_demand_TWh","heater.heatpump.urban.water","2020",-311.2446122
"RCP6","water","energy_demand_TWh","heater.heatpump.urban.water","2025",-290.1036999
"RCP6","water","energy_demand_TWh","heater.heatpump.urban.water","2030",-270.1174315
"RCP6","water","energy_demand_TWh","heater.heatpump.urban.water","2035",-249.644927
"RCP6","water","energy_demand_TWh","heater.heatpump.urban.water","2040",-230.635723
"RCP6","water","energy_demand_TWh","heater.heatpump.urban.water","2045",-211.8709322
"RCP6","water","energy_demand_TWh","heater.heatpump.urban.water","2050",-194.5693515
"RCP6","water","energy_demand_TWh","heater.electricity.urban.water","2011",-304.5213757
"RCP6","water","energy_demand_TWh","heater.electricity.urban.water","2015",-334.3978791
"RCP6","water","energy_demand_TWh","heater.electricity.urban.water","2020",-428.0181382
"RCP6","water","energy_demand_TWh","heater.electricity.urban.water","2025",-527.3825471
"RCP6","water","energy_demand_TWh","heater.electricity.urban.water","2030",-630.1365424
"RCP6","water","energy_demand_TWh","heater.electricity.urban.water","2035",-730.2114114
"RCP6","water","energy_demand_TWh","heater.electricity.urban.water","2040",-830.2886027
"RCP6","water","energy_demand_TWh","heater.electricity.urban.water","2045",-924.5908549
"RCP6","water","energy_demand_TWh","heater.electricity.urban.water","2050",-1016.33873
"RCP6","water","energy_demand_TWh","heater.solar.urban.water","2011",-228.3910318
"RCP6","water","energy_demand_TWh","heater.solar.urban.water","2015",-244.5284491
"RCP6","water","energy_demand_TWh","heater.solar.urban.water","2020",-615.0592258
"RCP6","water","energy_demand_TWh","heater.solar.urban.water","2025",-966.3914056
"RCP6","water","energy_demand_TWh","heater.solar.urban.water","2030",-1294.437381
"RCP6","water","energy_demand_TWh","heater.solar.urban.water","2035",-1587.103874
"RCP6","water","energy_demand_TWh","heater.solar.urban.water","2040",-1851.495089
"RCP6","water","energy_demand_TWh","heater.solar.urban.water","2045",-2077.505417
"RCP6","water","energy_demand_TWh","heater.solar.urban.water","2050",-2275.385216
"RCP6","water","energy_demand_TWh","heater.microchp.urban.water","2011",0
"RCP6","water","energy_demand_TWh","heater.microchp.urban.water","2015",0
"RCP6","water","energy_demand_TWh","heater.microchp.urban.water","2020",-19.62485732
"RCP6","water","energy_demand_TWh","heater.microchp.urban.water","2025",-39.96836279
"RCP6","water","energy_demand_TWh","heater.microchp.urban.water","2030",-60.51247206
"RCP6","water","energy_demand_TWh","heater.microchp.urban.water","2035",-80.33128838
"RCP6","water","energy_demand_TWh","heater.microchp.urban.water","2040",-99.4357608
"RCP6","water","energy_demand_TWh","heater.microchp.urban.water","2045",-117.012131
"RCP6","water","energy_demand_TWh","heater.microchp.urban.water","2050",-133.3777861
"RCP6","water","energy_demand_TWh","heater.districtheating.urban.water","2011",-365.4256508
"RCP6","water","energy_demand_TWh","heater.districtheating.urban.water","2015",-401.2774549
"RCP6","water","energy_demand_TWh","heater.districtheating.urban.water","2020",-366.8726899
"RCP6","water","energy_demand_TWh","heater.districtheating.urban.water","2025",-322.8872737
"RCP6","water","energy_demand_TWh","heater.districtheating.urban.water","2030",-270.0585182
"RCP6","water","energy_demand_TWh","heater.districtheating.urban.water","2035",-208.6318318
"RCP6","water","energy_demand_TWh","heater.districtheating.urban.water","2040",-142.335189
"RCP6","water","energy_demand_TWh","heater.districtheating.urban.water","2045",-72.04604064
"RCP6","water","energy_demand_TWh","heater.districtheating.urban.water","2050",0
"RCP6","water","energy_demand_TWh","heater.solid.boiler.rural.water","2011",-1604.8733
"RCP6","water","energy_demand_TWh","heater.solid.boiler.rural.water","2015",-1704.759818
"RCP6","water","energy_demand_TWh","heater.solid.boiler.rural.water","2020",-1485.342949
"RCP6","water","energy_demand_TWh","heater.solid.boiler.rural.water","2025",-1279.06912
"RCP6","water","energy_demand_TWh","heater.solid.boiler.rural.water","2030",-1079.429353
"RCP6","water","energy_demand_TWh","heater.solid.boiler.rural.water","2035",-885.259782
"RCP6","water","energy_demand_TWh","heater.solid.boiler.rural.water","2040",-697.8697031
"RCP6","water","energy_demand_TWh","heater.solid.boiler.rural.water","2045",-518.6972173
"RCP6","water","energy_demand_TWh","heater.solid.boiler.rural.water","2050",-348.7946888
"RCP6","water","energy_demand_TWh","heater.liquid.boiler.rural.water","2011",-84.54792287
"RCP6","water","energy_demand_TWh","heater.liquid.boiler.rural.water","2015",-87.15944252
"RCP6","water","energy_demand_TWh","heater.liquid.boiler.rural.water","2020",-72.5800048
"RCP6","water","energy_demand_TWh","heater.liquid.boiler.rural.water","2025",-58.93595146
"RCP6","water","energy_demand_TWh","heater.liquid.boiler.rural.water","2030",-45.88077051
"RCP6","water","energy_demand_TWh","heater.liquid.boiler.rural.water","2035",-33.36882639
"RCP6","water","energy_demand_TWh","heater.liquid.boiler.rural.water","2040",-21.48218457
"RCP6","water","energy_demand_TWh","heater.liquid.boiler.rural.water","2045",-10.31833755
"RCP6","water","energy_demand_TWh","heater.liquid.boiler.rural.water","2050",0
"RCP6","water","energy_demand_TWh","heater.gas.boiler.rural.water","2011",-13.00737275
"RCP6","water","energy_demand_TWh","heater.gas.boiler.rural.water","2015",-13.71689587
"RCP6","water","energy_demand_TWh","heater.gas.boiler.rural.water","2020",-11.35510442
"RCP6","water","energy_demand_TWh","heater.gas.boiler.rural.water","2025",-9.172154619
"RCP6","water","energy_demand_TWh","heater.gas.boiler.rural.water","2030",-7.106866317
"RCP6","water","energy_demand_TWh","heater.gas.boiler.rural.water","2035",-5.146931475
"RCP6","water","energy_demand_TWh","heater.gas.boiler.rural.water","2040",-3.300810075
"RCP6","water","energy_demand_TWh","heater.gas.boiler.rural.water","2045",-1.579928183
"RCP6","water","energy_demand_TWh","heater.gas.boiler.rural.water","2050",0
"RCP6","water","energy_demand_TWh","heater.heatpump.rural.water","2011",0
"RCP6","water","energy_demand_TWh","heater.heatpump.rural.water","2015",0
"RCP6","water","energy_demand_TWh","heater.heatpump.rural.water","2020",-10.5456151
"RCP6","water","energy_demand_TWh","heater.heatpump.rural.water","2025",-19.57861687
"RCP6","water","energy_demand_TWh","heater.heatpump.rural.water","2030",-27.41066532
"RCP6","water","energy_demand_TWh","heater.heatpump.rural.water","2035",-34.17836596
"RCP6","water","energy_demand_TWh","heater.heatpump.rural.water","2040",-39.96237155
"RCP6","water","energy_demand_TWh","heater.heatpump.rural.water","2045",-44.78538955
"RCP6","water","energy_demand_TWh","heater.heatpump.rural.water","2050",-48.5270252
"RCP6","water","energy_demand_TWh","heater.electricity.rural.water","2011",-20.29150149
"RCP6","water","energy_demand_TWh","heater.electricity.rural.water","2015",-25.85558216
"RCP6","water","energy_demand_TWh","heater.electricity.rural.water","2020",-55.91648236
"RCP6","water","energy_demand_TWh","heater.electricity.rural.water","2025",-87.68351697
"RCP6","water","energy_demand_TWh","heater.electricity.rural.water","2030",-120.7325457
"RCP6","water","energy_demand_TWh","heater.electricity.rural.water","2035",-154.4211125
"RCP6","water","energy_demand_TWh","heater.electricity.rural.water","2040",-188.0866344
"RCP6","water","energy_demand_TWh","heater.electricity.rural.water","2045",-220.9077162
"RCP6","water","energy_demand_TWh","heater.electricity.rural.water","2050",-251.3699905
"RCP6","water","energy_demand_TWh","heater.solar.rural.water","2011",-126.8218843
"RCP6","water","energy_demand_TWh","heater.solar.rural.water","2015",-130.7391638
"RCP6","water","energy_demand_TWh","heater.solar.rural.water","2020",-253.7786343
"RCP6","water","energy_demand_TWh","heater.solar.rural.water","2025",-364.9829592
"RCP6","water","energy_demand_TWh","heater.solar.rural.water","2030",-465.2414529
"RCP6","water","energy_demand_TWh","heater.solar.rural.water","2035",-554.4370963
"RCP6","water","energy_demand_TWh","heater.solar.rural.water","2040",-632.4201928
"RCP6","water","energy_demand_TWh","heater.solar.rural.water","2045",-698.575698
"RCP6","water","energy_demand_TWh","heater.solar.rural.water","2050",-750.3581806
"RCP6","water","energy_demand_TWh","heater.microchp.rural.water","2011",0
"RCP6","water","energy_demand_TWh","heater.microchp.rural.water","2015",0
"RCP6","water","energy_demand_TWh","heater.microchp.rural.water","2020",0
"RCP6","water","energy_demand_TWh","heater.microchp.rural.water","2025",0
"RCP6","water","energy_demand_TWh","heater.microchp.rural.water","2030",0
"RCP6","water","energy_demand_TWh","heater.microchp.rural.water","2035",0
"RCP6","water","energy_demand_TWh","heater.microchp.rural.water","2040",0
"RCP6","water","energy_demand_TWh","heater.microchp.rural.water","2045",0
"RCP6","water","energy_demand_TWh","heater.microchp.rural.water","2050",0
"RCP6","water","energy_demand_TWh","heater.districtheating.rural.water","2011",0
"RCP6","water","energy_demand_TWh","heater.districtheating.rural.water","2015",0
"RCP6","water","energy_demand_TWh","heater.districtheating.rural.water","2020",0
"RCP6","water","energy_demand_TWh","heater.districtheating.rural.water","2025",0
"RCP6","water","energy_demand_TWh","heater.districtheating.rural.water","2030",0
"RCP6","water","energy_demand_TWh","heater.districtheating.rural.water","2035",0
"RCP6","water","energy_demand_TWh","heater.districtheating.rural.water","2040",0
"RCP6","water","energy_demand_TWh","heater.districtheating.rural.water","2045",0
"RCP6","water","energy_demand_TWh","heater.districtheating.rural.water","2050",0
"RCP6","water","households","heater.solid.boiler.urban.water","2011",95283895.79
"RCP6","water","households","heater.solid.boiler.urban.water","2015",105935998.7
"RCP6","water","households","heater.solid.boiler.urban.water","2020",101728235.1
"RCP6","water","households","heater.solid.boiler.urban.water","2025",94170454.83
"RCP6","water","households","heater.solid.boiler.urban.water","2030",82967684.91
"RCP6","water","households","heater.solid.boiler.urban.water","2035",67625793.45
"RCP6","water","households","heater.solid.boiler.urban.water","2040",48760323.99
"RCP6","water","households","heater.solid.boiler.urban.water","2045",26132604.24
"RCP6","water","households","heater.solid.boiler.urban.water","2050",0
"RCP6","water","households","heater.liquid.boiler.urban.water","2011",136119851.1
"RCP6","water","households","heater.liquid.boiler.urban.water","2015",151337141
"RCP6","water","households","heater.liquid.boiler.urban.water","2020",145326050.1
"RCP6","water","households","heater.liquid.boiler.urban.water","2025",134529221.2
"RCP6","water","households","heater.liquid.boiler.urban.water","2030",118525264.2
"RCP6","water","households","heater.liquid.boiler.urban.water","2035",96608276.36
"RCP6","water","households","heater.liquid.boiler.urban.water","2040",69657605.7
"RCP6","water","households","heater.liquid.boiler.urban.water","2045",37332291.78
"RCP6","water","households","heater.liquid.boiler.urban.water","2050",0
"RCP6","water","households","heater.gas.boiler.urban.water","2011",517255434.3
"RCP6","water","households","heater.gas.boiler.urban.water","2015",575081135.8
"RCP6","water","households","heater.gas.boiler.urban.water","2020",603103108.1
"RCP6","water","households","heater.gas.boiler.urban.water","2025",624215586.3
"RCP6","water","households","heater.gas.boiler.urban.water","2030",637073294.9
"RCP6","water","households","heater.gas.boiler.urban.water","2035",637614624
"RCP6","water","households","heater.gas.boiler.urban.water","2040",630401331.6
"RCP6","water","households","heater.gas.boiler.urban.water","2045",612249585.1
"RCP6","water","households","heater.gas.boiler.urban.water","2050",586646945.5
"RCP6","water","households","heater.heatpump.urban.water","2011",272239702.3
"RCP6","water","households","heater.heatpump.urban.water","2015",302674282
"RCP6","water","households","heater.heatpump.urban.water","2020",331827814.5
"RCP6","water","households","heater.heatpump.urban.water","2025",360538312.8
"RCP6","water","households","heater.heatpump.urban.water","2030",388170240.1
"RCP6","water","households","heater.heatpump.urban.water","2035",412195312.5
"RCP6","water","households","heater.heatpump.urban.water","2040",435360035.6
"RCP6","water","households","heater.heatpump.urban.water","2045",455453959.7
"RCP6","water","households","heater.heatpump.urban.water","2050",474904670.1
"RCP6","water","households","heater.electricity.urban.water","2011",136119851.1
"RCP6","water","households","heater.electricity.urban.water","2015",151337141
"RCP6","water","households","heater.electricity.urban.water","2020",203456470.2
"RCP6","water","households","heater.electricity.urban.water","2025",263677273.5
"RCP6","water","households","heater.electricity.urban.water","2030",331870739.6
"RCP6","water","households","heater.electricity.urban.water","2035",405754760.7
"RCP6","water","households","heater.electricity.urban.water","2040",487603239.9
"RCP6","water","households","heater.electricity.urban.water","2045",574917293.4
"RCP6","water","households","heater.electricity.urban.water","2050",670453652
"RCP6","water","households","heater.solar.urban.water","2011",40835955.34
"RCP6","water","households","heater.solar.urban.water","2015",45401142.3
"RCP6","water","households","heater.solar.urban.water","2020",130793445.1
"RCP6","water","households","heater.solar.urban.water","2025",234080844.9
"RCP6","water","households","heater.solar.urban.water","2030",355575792.5
"RCP6","water","households","heater.solar.urban.water","2035",492702209.4
"RCP6","water","households","heater.solar.urban.water","2040",647815733
"RCP6","water","households","heater.solar.urban.water","2045",817577189.9
"RCP6","water","households","heater.solar.urban.water","2050",1005680478
"RCP6","water","households","heater.microchp.urban.water","2011",0
"RCP6","water","households","heater.microchp.urban.water","2015",0
"RCP6","water","households","heater.microchp.urban.water","2020",4844201.672
"RCP6","water","households","heater.microchp.urban.water","2025",10762337.7
"RCP6","water","households","heater.microchp.urban.water","2030",17778789.62
"RCP6","water","households","heater.microchp.urban.water","2035",25762207.03
"RCP6","water","households","heater.microchp.urban.water","2040",34828802.85
"RCP6","water","households","heater.microchp.urban.water","2045",44798750.13
"RCP6","water","households","heater.microchp.urban.water","2050",55871137.66
"RCP6","water","households","heater.districtheating.urban.water","2011",163343821.4
"RCP6","water","households","heater.districtheating.urban.water","2015",181604569.2
"RCP6","water","households","heater.districtheating.urban.water","2020",174391260.2
"RCP6","water","households","heater.districtheating.urban.water","2025",161435065.4
"RCP6","water","households","heater.districtheating.urban.water","2030",142230317
"RCP6","water","households","heater.districtheating.urban.water","2035",115929931.6
"RCP6","water","households","heater.districtheating.urban.water","2040",83589126.84
"RCP6","water","households","heater.districtheating.urban.water","2045",44798750.13
"RCP6","water","households","heater.districtheating.urban.water","2050",0
"RCP6","water","households","heater.solid.boiler.rural.water","2011",493193264.2
"RCP6","water","households","heater.solid.boiler.rural.water","2015",515177201.4
"RCP6","water","households","heater.solid.boiler.rural.water","2020",477438266.5
"RCP6","water","households","heater.solid.boiler.rural.water","2025",436258331.3
"RCP6","water","households","heater.solid.boiler.rural.water","2030",389837653.3
"RCP6","water","households","heater.solid.boiler.rural.water","2035",337896310.4
"RCP6","water","households","heater.solid.boiler.rural.water","2040",281049846.1
"RCP6","water","households","heater.solid.boiler.rural.water","2045",220075414.8
"RCP6","water","households","heater.solid.boiler.rural.water","2050",155703617.1
"RCP6","water","households","heater.liquid.boiler.rural.water","2011",28344440.47
"RCP6","water","households","heater.liquid.boiler.rural.water","2015",29748165.32
"RCP6","water","households","heater.liquid.boiler.rural.water","2020",26448994.87
"RCP6","water","households","heater.liquid.boiler.rural.water","2025",22867150.85
"RCP6","water","households","heater.liquid.boiler.rural.water","2030",18907683.72
"RCP6","water","households","heater.liquid.boiler.rural.water","2035",14574160.7
"RCP6","water","households","heater.liquid.boiler.rural.water","2040",9924795.361
"RCP6","water","households","heater.liquid.boiler.rural.water","2045",5033983.095
"RCP6","water","households","heater.liquid.boiler.rural.water","2050",0
"RCP6","water","households","heater.gas.boiler.rural.water","2011",5668888.094
"RCP6","water","households","heater.gas.boiler.rural.water","2015",5949633.064
"RCP6","water","households","heater.gas.boiler.rural.water","2020",5289798.975
"RCP6","water","households","heater.gas.boiler.rural.water","2025",4573430.17
"RCP6","water","households","heater.gas.boiler.rural.water","2030",3781536.744
"RCP6","water","households","heater.gas.boiler.rural.water","2035",2914832.14
"RCP6","water","households","heater.gas.boiler.rural.water","2040",1984959.072
"RCP6","water","households","heater.gas.boiler.rural.water","2045",1006796.619
"RCP6","water","households","heater.gas.boiler.rural.water","2050",0
"RCP6","water","households","heater.heatpump.rural.water","2011",0
"RCP6","water","households","heater.heatpump.rural.water","2015",0
"RCP6","water","households","heater.heatpump.rural.water","2020",13224497.44
"RCP6","water","households","heater.heatpump.rural.water","2025",27440581.02
"RCP6","water","households","heater.heatpump.rural.water","2030",42542288.37
"RCP6","water","households","heater.heatpump.rural.water","2035",58296642.8
"RCP6","water","households","heater.heatpump.rural.water","2040",74435965.21
"RCP6","water","households","heater.heatpump.rural.water","2045",90611695.71
"RCP6","water","households","heater.heatpump.rural.water","2050",106161557.1
"RCP6","water","households","heater.electricity.rural.water","2011",11337776.19
"RCP6","water","households","heater.electricity.rural.water","2015",14340141.23
"RCP6","water","households","heater.electricity.rural.water","2020",31264068.3
"RCP6","water","households","heater.electricity.rural.water","2025",49439952.81
"RCP6","water","households","heater.electricity.rural.water","2030",68673676.89
"RCP6","water","households","heater.electricity.rural.water","2035",88640792.77
"RCP6","water","households","heater.electricity.rural.water","2040",108994611.6
"RCP6","water","households","heater.electricity.rural.water","2045",129283012
"RCP6","water","households","heater.electricity.rural.water","2050",148626180
"RCP6","water","households","heater.solar.rural.water","2011",28344440.47
"RCP6","water","households","heater.solar.rural.water","2015",29748165.32
"RCP6","water","households","heater.solar.rural.water","2020",63477587.7
"RCP6","water","households","heater.solar.rural.water","2025",99700777.71
"RCP6","water","households","heater.solar.rural.water","2030",138026091.1
"RCP6","water","households","heater.solar.rural.water","2035",177804760.5
"RCP6","water","households","heater.solar.rural.water","2040",218345497.9
"RCP6","water","households","heater.solar.rural.water","2045",258746731.1
"RCP6","water","households","heater.solar.rural.water","2050",297252360
"RCP6","water","households","heater.microchp.rural.water","2011",0
"RCP6","water","households","heater.microchp.rural.water","2015",0
"RCP6","water","households","heater.microchp.rural.water","2020",0
"RCP6","water","households","heater.microchp.rural.water","2025",0
"RCP6","water","households","heater.microchp.rural.water","2030",0
"RCP6","water","households","heater.microchp.rural.water","2035",0
"RCP6","water","households","heater.microchp.rural.water","2040",0
"RCP6","water","households","heater.microchp.rural.water","2045",0
"RCP6","water","households","heater.microchp.rural.water","2050",0
"RCP6","water","households","heater.districtheating.rural.water","2011",0
"RCP6","water","households","heater.districtheating.rural.water","2015",0
"RCP6","water","households","heater.districtheating.rural.water","2020",0
"RCP6","water","households","heater.districtheating.rural.water","2025",0
"RCP6","water","households","heater.districtheating.rural.water","2030",0
"RCP6","water","households","heater.districtheating.rural.water","2035",0
"RCP6","water","households","heater.districtheating.rural.water","2040",0
"RCP6","water","households","heater.districtheating.rural.water","2045",0
"RCP6","water","households","heater.districtheating.rural.water","2050",0
"RCP6","cook","demand_TWh","cooker.traditionalbiomass.stoves.urban","2011",228.6813499
"RCP6","cook","demand_TWh","cooker.traditionalbiomass.stoves.urban","2015",248.658564
"RCP6","cook","demand_TWh","cooker.traditionalbiomass.stoves.urban","2020",238.1111437
"RCP6","cook","demand_TWh","cooker.traditionalbiomass.stoves.urban","2025",222.3830117
"RCP6","cook","demand_TWh","cooker.traditionalbiomass.stoves.urban","2030",201.6388263
"RCP6","cook","demand_TWh","cooker.traditionalbiomass.stoves.urban","2035",175.5000811
"RCP6","cook","demand_TWh","cooker.traditionalbiomass.stoves.urban","2040",146.280972
"RCP6","cook","demand_TWh","cooker.traditionalbiomass.stoves.urban","2045",114.06451
"RCP6","cook","demand_TWh","cooker.traditionalbiomass.stoves.urban","2050",80.45443824
"RCP6","cook","demand_TWh","cooker.traditionalbiomass.stoves.rural","2011",516.5774276
"RCP6","cook","demand_TWh","cooker.traditionalbiomass.stoves.rural","2015",532.3205352
"RCP6","cook","demand_TWh","cooker.traditionalbiomass.stoves.rural","2020",499.8554851
"RCP6","cook","demand_TWh","cooker.traditionalbiomass.stoves.rural","2025",466.9349073
"RCP6","cook","demand_TWh","cooker.traditionalbiomass.stoves.rural","2030",431.9096736
"RCP6","cook","demand_TWh","cooker.traditionalbiomass.stoves.rural","2035",394.5617683
"RCP6","cook","demand_TWh","cooker.traditionalbiomass.stoves.rural","2040",355.4794492
"RCP6","cook","demand_TWh","cooker.traditionalbiomass.stoves.rural","2045",315.2377021
"RCP6","cook","demand_TWh","cooker.traditionalbiomass.stoves.rural","2050",273.8968174
"RCP6","cook","energy_demand_TWh","cooker.traditionalbiomass.stoves.urban","2011",-762.2711663
"RCP6","cook","energy_demand_TWh","cooker.traditionalbiomass.stoves.urban","2015",-740.281221
"RCP6","cook","energy_demand_TWh","cooker.traditionalbiomass.stoves.urban","2020",-625.3423976
"RCP6","cook","energy_demand_TWh","cooker.traditionalbiomass.stoves.urban","2025",-522.4661118
"RCP6","cook","energy_demand_TWh","cooker.traditionalbiomass.stoves.urban","2030",-428.551184
"RCP6","cook","energy_demand_TWh","cooker.traditionalbiomass.stoves.urban","2035",-340.5225455
"RCP6","cook","energy_demand_TWh","cooker.traditionalbiomass.stoves.urban","2040",-261.0964717
"RCP6","cook","energy_demand_TWh","cooker.traditionalbiomass.stoves.urban","2045",-188.4964359
"RCP6","cook","energy_demand_TWh","cooker.traditionalbiomass.stoves.urban","2050",-123.7760588
"RCP6","cook","energy_demand_TWh","cooker.traditionalbiomass.stoves.rural","2011",-1721.924759
"RCP6","cook","energy_demand_TWh","cooker.traditionalbiomass.stoves.rural","2015",-1584.771059
"RCP6","cook","energy_demand_TWh","cooker.traditionalbiomass.stoves.rural","2020",-1312.751779
"RCP6","cook","energy_demand_TWh","cooker.traditionalbiomass.stoves.rural","2025",-1097.015746
"RCP6","cook","energy_demand_TWh","cooker.traditionalbiomass.stoves.rural","2030",-917.9551647
"RCP6","cook","energy_demand_TWh","cooker.traditionalbiomass.stoves.rural","2035",-765.5676101
"RCP6","cook","energy_demand_TWh","cooker.traditionalbiomass.stoves.rural","2040",-634.4942114
"RCP6","cook","energy_demand_TWh","cooker.traditionalbiomass.stoves.rural","2045",-520.9436603
"RCP6","cook","energy_demand_TWh","cooker.traditionalbiomass.stoves.rural","2050",-421.3797191
"RCP6","cook","households","cooker.traditionalbiomass.stoves.urban","2011",163343821.4
"RCP6","cook","households","cooker.traditionalbiomass.stoves.urban","2015",181604569.2
"RCP6","cook","households","cooker.traditionalbiomass.stoves.urban","2020",181657562.7
"RCP6","cook","households","cooker.traditionalbiomass.stoves.urban","2025",177578572
"RCP6","cook","households","cooker.traditionalbiomass.stoves.urban","2030",168898501.4
"RCP6","cook","households","cooker.traditionalbiomass.stoves.urban","2035",154573242.2
"RCP6","cook","households","cooker.traditionalbiomass.stoves.urban","2040",135832331.1
"RCP6","cook","households","cooker.traditionalbiomass.stoves.urban","2045",111996875.3
"RCP6","cook","households","cooker.traditionalbiomass.stoves.urban","2050",83806706.49
"RCP6","cook","households","cooker.traditionalbiomass.stoves.rural","2011",425166607.1
"RCP6","cook","households","cooker.traditionalbiomass.stoves.rural","2015",446222479.8
"RCP6","cook","households","cooker.traditionalbiomass.stoves.rural","2020",436408415.4
"RCP6","cook","households","cooker.traditionalbiomass.stoves.rural","2025",425329005.8
"RCP6","cook","households","cooker.traditionalbiomass.stoves.rural","2030",411242120.9
"RCP6","cook","households","cooker.traditionalbiomass.stoves.rural","2035",393502338.9
"RCP6","cook","households","cooker.traditionalbiomass.stoves.rural","2040",372179826
"RCP6","cook","households","cooker.traditionalbiomass.stoves.rural","2045",347344833.6
"RCP6","cook","households","cooker.traditionalbiomass.stoves.rural","2050",318484671.4
"RCP6","space","heat_demand_TWh","heater.solid.boiler.urban.no.elec","2011",62.59306754
"RCP6","space","heat_demand_TWh","heater.solid.boiler.urban.no.elec","2015",59.17169109
"RCP6","space","heat_demand_TWh","heater.solid.boiler.urban.no.elec","2020",52.67259537
"RCP6","space","heat_demand_TWh","heater.solid.boiler.urban.no.elec","2025",42.79148577
"RCP6","space","heat_demand_TWh","heater.solid.boiler.urban.no.elec","2030",32.18298659
"RCP6","space","heat_demand_TWh","heater.solid.boiler.urban.no.elec","2035",25.60772034
"RCP6","space","heat_demand_TWh","heater.solid.boiler.urban.no.elec","2040",19.05001309
"RCP6","space","heat_demand_TWh","heater.solid.boiler.urban.no.elec","2045",16.94155875
"RCP6","space","heat_demand_TWh","heater.solid.boiler.urban.no.elec","2050",14.5194781
"RCP6","space","heat_demand_TWh","heater.traditionalbiomass.boiler.urban.no.elec","2011",250.3722701
"RCP6","space","heat_demand_TWh","heater.traditionalbiomass.boiler.urban.no.elec","2015",236.6867643
"RCP6","space","heat_demand_TWh","heater.traditionalbiomass.boiler.urban.no.elec","2020",210.6903815
"RCP6","space","heat_demand_TWh","heater.traditionalbiomass.boiler.urban.no.elec","2025",171.1659431
"RCP6","space","heat_demand_TWh","heater.traditionalbiomass.boiler.urban.no.elec","2030",128.7319464
"RCP6","space","heat_demand_TWh","heater.traditionalbiomass.boiler.urban.no.elec","2035",102.4308814
"RCP6","space","heat_demand_TWh","heater.traditionalbiomass.boiler.urban.no.elec","2040",76.20005237
"RCP6","space","heat_demand_TWh","heater.traditionalbiomass.boiler.urban.no.elec","2045",67.76623499
"RCP6","space","heat_demand_TWh","heater.traditionalbiomass.boiler.urban.no.elec","2050",58.07791242
"RCP6","space","heat_demand_TWh","heater.solid.boiler.rural.no.elec","2011",86.82072183
"RCP6","space","heat_demand_TWh","heater.solid.boiler.rural.no.elec","2015",86.01592455
"RCP6","space","heat_demand_TWh","heater.solid.boiler.rural.no.elec","2020",78.26610656
"RCP6","space","heat_demand_TWh","heater.solid.boiler.rural.no.elec","2025",68.93275682
"RCP6","space","heat_demand_TWh","heater.solid.boiler.rural.no.elec","2030",59.40752258
"RCP6","space","heat_demand_TWh","heater.solid.boiler.rural.no.elec","2035",50.91101885
"RCP6","space","heat_demand_TWh","heater.solid.boiler.rural.no.elec","2040",42.25788544
"RCP6","space","heat_demand_TWh","heater.solid.boiler.rural.no.elec","2045",33.65547195
"RCP6","space","heat_demand_TWh","heater.solid.boiler.rural.no.elec","2050",25.27518984
"RCP6","space","heat_demand_TWh","heater.traditionalbiomass.boiler.rural.no.elec","2011",347.2828873
"RCP6","space","heat_demand_TWh","heater.traditionalbiomass.boiler.rural.no.elec","2015",344.0636982
"RCP6","space","heat_demand_TWh","heater.traditionalbiomass.boiler.rural.no.elec","2020",313.0644262
"RCP6","space","heat_demand_TWh","heater.traditionalbiomass.boiler.rural.no.elec","2025",275.7310273
"RCP6","space","heat_demand_TWh","heater.traditionalbiomass.boiler.rural.no.elec","2030",237.6300903
"RCP6","space","heat_demand_TWh","heater.traditionalbiomass.boiler.rural.no.elec","2035",203.6440754
"RCP6","space","heat_demand_TWh","heater.traditionalbiomass.boiler.rural.no.elec","2040",169.0315418
"RCP6","space","heat_demand_TWh","heater.traditionalbiomass.boiler.rural.no.elec","2045",134.6218878
"RCP6","space","heat_demand_TWh","heater.traditionalbiomass.boiler.rural.no.elec","2050",101.1007593
"RCP6","space","energy_demand_TWh","heater.solid.boiler.urban.no.elec","2011",-113.8055773
"RCP6","space","energy_demand_TWh","heater.solid.boiler.urban.no.elec","2015",-108.5974566
"RCP6","space","energy_demand_TWh","heater.solid.boiler.urban.no.elec","2020",-91.62202386
"RCP6","space","energy_demand_TWh","heater.solid.boiler.urban.no.elec","2025",-70.74043608
"RCP6","space","energy_demand_TWh","heater.solid.boiler.urban.no.elec","2030",-50.68771649
"RCP6","space","energy_demand_TWh","heater.solid.boiler.urban.no.elec","2035",-38.51103208
"RCP6","space","energy_demand_TWh","heater.solid.boiler.urban.no.elec","2040",-27.41153551
"RCP6","space","energy_demand_TWh","heater.solid.boiler.urban.no.elec","2045",-23.36825757
"RCP6","space","energy_demand_TWh","heater.solid.boiler.urban.no.elec","2050",-19.23109683
"RCP6","space","energy_demand_TWh","heater.traditionalbiomass.boiler.urban.no.elec","2011",-834.5742338
"RCP6","space","energy_demand_TWh","heater.traditionalbiomass.boiler.urban.no.elec","2015",-788.9558811
"RCP6","space","energy_demand_TWh","heater.traditionalbiomass.boiler.urban.no.elec","2020",-649.7060221
"RCP6","space","energy_demand_TWh","heater.traditionalbiomass.boiler.urban.no.elec","2025",-491.0498367
"RCP6","space","energy_demand_TWh","heater.traditionalbiomass.boiler.urban.no.elec","2030",-345.2580937
"RCP6","space","energy_demand_TWh","heater.traditionalbiomass.boiler.urban.no.elec","2035",-257.9194855
"RCP6","space","energy_demand_TWh","heater.traditionalbiomass.boiler.urban.no.elec","2040",-180.8136836
"RCP6","space","energy_demand_TWh","heater.traditionalbiomass.boiler.urban.no.elec","2045",-152.0396298
"RCP6","space","energy_demand_TWh","heater.traditionalbiomass.boiler.urban.no.elec","2050",-123.5700264
"RCP6","space","energy_demand_TWh","heater.solid.boiler.rural.no.elec","2011",-157.8558579
"RCP6","space","energy_demand_TWh","heater.solid.boiler.rural.no.elec","2015",-157.8645204
"RCP6","space","energy_demand_TWh","heater.solid.boiler.rural.no.elec","2020",-136.1409863
"RCP6","space","energy_demand_TWh","heater.solid.boiler.rural.no.elec","2025",-113.9556898
"RCP6","space","energy_demand_TWh","heater.solid.boiler.rural.no.elec","2030",-93.56594839
"RCP6","space","energy_demand_TWh","heater.solid.boiler.rural.no.elec","2035",-76.56424914
"RCP6","space","energy_demand_TWh","heater.solid.boiler.rural.no.elec","2040",-60.80591765
"RCP6","space","energy_demand_TWh","heater.solid.boiler.rural.no.elec","2045",-46.42251336
"RCP6","space","energy_demand_TWh","heater.solid.boiler.rural.no.elec","2050",-33.47707263
"RCP6","space","energy_demand_TWh","heater.traditionalbiomass.boiler.rural.no.elec","2011",-1157.609624
"RCP6","space","energy_demand_TWh","heater.traditionalbiomass.boiler.rural.no.elec","2015",-1146.878994
"RCP6","space","energy_demand_TWh","heater.traditionalbiomass.boiler.rural.no.elec","2020",-965.396909
"RCP6","space","energy_demand_TWh","heater.traditionalbiomass.boiler.rural.no.elec","2025",-791.0316357
"RCP6","space","energy_demand_TWh","heater.traditionalbiomass.boiler.rural.no.elec","2030",-637.3220813
"RCP6","space","energy_demand_TWh","heater.traditionalbiomass.boiler.rural.no.elec","2035",-512.7728518
"RCP6","space","energy_demand_TWh","heater.traditionalbiomass.boiler.rural.no.elec","2040",-401.091794
"RCP6","space","energy_demand_TWh","heater.traditionalbiomass.boiler.rural.no.elec","2045",-302.0362868
"RCP6","space","energy_demand_TWh","heater.traditionalbiomass.boiler.rural.no.elec","2050",-215.1079986
"RCP6","space","households","heater.solid.boiler.urban.no.elec","2011",18304270.27
"RCP6","space","households","heater.solid.boiler.urban.no.elec","2015",17259590.49
"RCP6","space","households","heater.solid.boiler.urban.no.elec","2020",16684127.13
"RCP6","space","households","heater.solid.boiler.urban.no.elec","2025",14857902.06
"RCP6","space","households","heater.solid.boiler.urban.no.elec","2030",12389613.09
"RCP6","space","households","heater.solid.boiler.urban.no.elec","2035",11086195.65
"RCP6","space","households","heater.solid.boiler.urban.no.elec","2040",9443895.574
"RCP6","space","households","heater.solid.boiler.urban.no.elec","2045",9851312.858
"RCP6","space","households","heater.solid.boiler.urban.no.elec","2050",10241145.4
"RCP6","space","households","heater.traditionalbiomass.boiler.urban.no.elec","2011",73217081.08
"RCP6","space","households","heater.traditionalbiomass.boiler.urban.no.elec","2015",69038361.96
"RCP6","space","households","heater.traditionalbiomass.boiler.urban.no.elec","2020",66736508.53
"RCP6","space","households","heater.traditionalbiomass.boiler.urban.no.elec","2025",59431608.24
"RCP6","space","households","heater.traditionalbiomass.boiler.urban.no.elec","2030",49558452.37
"RCP6","space","households","heater.traditionalbiomass.boiler.urban.no.elec","2035",44344782.59
"RCP6","space","households","heater.traditionalbiomass.boiler.urban.no.elec","2040",37775582.3
"RCP6","space","households","heater.traditionalbiomass.boiler.urban.no.elec","2045",39405251.43
"RCP6","space","households","heater.traditionalbiomass.boiler.urban.no.elec","2050",40964581.59
"RCP6","space","households","heater.solid.boiler.rural.no.elec","2011",53354240.89
"RCP6","space","households","heater.solid.boiler.rural.no.elec","2015",51252863.14
"RCP6","space","households","heater.solid.boiler.rural.no.elec","2020",49415122.89
"RCP6","space","households","heater.solid.boiler.rural.no.elec","2025",46632700.97
"RCP6","space","households","heater.solid.boiler.rural.no.elec","2030",43648589.01
"RCP6","space","households","heater.solid.boiler.rural.no.elec","2035",41321957.59
"RCP6","space","households","heater.solid.boiler.rural.no.elec","2040",38734623.33
"RCP6","space","households","heater.solid.boiler.rural.no.elec","2045",35901078.94
"RCP6","space","households","heater.solid.boiler.rural.no.elec","2050",32772369.03
"RCP6","space","households","heater.traditionalbiomass.boiler.rural.no.elec","2011",213416963.5
"RCP6","space","households","heater.traditionalbiomass.boiler.rural.no.elec","2015",205011452.6
"RCP6","space","households","heater.traditionalbiomass.boiler.rural.no.elec","2020",197660491.6
"RCP6","space","households","heater.traditionalbiomass.boiler.rural.no.elec","2025",186530803.9
"RCP6","space","households","heater.traditionalbiomass.boiler.rural.no.elec","2030",174594356
"RCP6","space","households","heater.traditionalbiomass.boiler.rural.no.elec","2035",165287830.4
"RCP6","space","households","heater.traditionalbiomass.boiler.rural.no.elec","2040",154938493.3
"RCP6","space","households","heater.traditionalbiomass.boiler.rural.no.elec","2045",143604315.7
"RCP6","space","households","heater.traditionalbiomass.boiler.rural.no.elec","2050",131089476.1
"RCP6","cook","demand_TWh","cooker.traditionalbiomass.stoves.urban.no.elec","2011",128.1298919
"RCP6","cook","demand_TWh","cooker.traditionalbiomass.stoves.urban.no.elec","2015",118.1618118
"RCP6","cook","demand_TWh","cooker.traditionalbiomass.stoves.urban.no.elec","2020",109.3452024
"RCP6","cook","demand_TWh","cooker.traditionalbiomass.stoves.urban.no.elec","2025",93.0333252
"RCP6","cook","demand_TWh","cooker.traditionalbiomass.stoves.urban.no.elec","2030",73.95645969
"RCP6","cook","demand_TWh","cooker.traditionalbiomass.stoves.urban.no.elec","2035",62.93547991
"RCP6","cook","demand_TWh","cooker.traditionalbiomass.stoves.urban.no.elec","2040",50.8517454
"RCP6","cook","demand_TWh","cooker.traditionalbiomass.stoves.urban.no.elec","2045",50.16591625
"RCP6","cook","demand_TWh","cooker.traditionalbiomass.stoves.urban.no.elec","2050",49.1574979
"RCP6","cook","demand_TWh","cooker.traditionalbiomass.stoves.rural.no.elec","2011",324.1270134
"RCP6","cook","demand_TWh","cooker.traditionalbiomass.stoves.rural.no.elec","2015",305.7101869
"RCP6","cook","demand_TWh","cooker.traditionalbiomass.stoves.rural.no.elec","2020",282.9966076
"RCP6","cook","demand_TWh","cooker.traditionalbiomass.stoves.rural.no.elec","2025",255.9716784
"RCP6","cook","demand_TWh","cooker.traditionalbiomass.stoves.rural.no.elec","2030",229.211052
"RCP6","cook","demand_TWh","cooker.traditionalbiomass.stoves.rural.no.elec","2035",207.1660451
"RCP6","cook","demand_TWh","cooker.traditionalbiomass.stoves.rural.no.elec","2040",184.9826563
"RCP6","cook","demand_TWh","cooker.traditionalbiomass.stoves.rural.no.elec","2045",162.9126524
"RCP6","cook","demand_TWh","cooker.traditionalbiomass.stoves.rural.no.elec","2050",140.9211868
"RCP6","cook","energy_demand_TWh","cooker.traditionalbiomass.stoves.urban.no.elec","2011",-427.0996396
"RCP6","cook","energy_demand_TWh","cooker.traditionalbiomass.stoves.urban.no.elec","2015",-368.6648528
"RCP6","cook","energy_demand_TWh","cooker.traditionalbiomass.stoves.urban.no.elec","2020",-315.8861404
"RCP6","cook","energy_demand_TWh","cooker.traditionalbiomass.stoves.urban.no.elec","2025",-250.2275643
"RCP6","cook","energy_demand_TWh","cooker.traditionalbiomass.stoves.urban.no.elec","2030",-186.0839953
"RCP6","cook","energy_demand_TWh","cooker.traditionalbiomass.stoves.urban.no.elec","2035",-148.7565889
"RCP6","cook","energy_demand_TWh","cooker.traditionalbiomass.stoves.urban.no.elec","2040",-113.3267469
"RCP6","cook","energy_demand_TWh","cooker.traditionalbiomass.stoves.urban.no.elec","2045",-105.7551748
"RCP6","cook","energy_demand_TWh","cooker.traditionalbiomass.stoves.urban.no.elec","2050",-98.31499581
"RCP6","cook","energy_demand_TWh","cooker.traditionalbiomass.stoves.rural.no.elec","2011",-1080.423378
"RCP6","cook","energy_demand_TWh","cooker.traditionalbiomass.stoves.rural.no.elec","2015",-953.815783
"RCP6","cook","energy_demand_TWh","cooker.traditionalbiomass.stoves.rural.no.elec","2020",-817.5457554
"RCP6","cook","energy_demand_TWh","cooker.traditionalbiomass.stoves.rural.no.elec","2025",-688.4755489
"RCP6","cook","energy_demand_TWh","cooker.traditionalbiomass.stoves.rural.no.elec","2030",-576.7245825
"RCP6","cook","energy_demand_TWh","cooker.traditionalbiomass.stoves.rural.no.elec","2035",-489.6651974
"RCP6","cook","energy_demand_TWh","cooker.traditionalbiomass.stoves.rural.no.elec","2040",-412.2470625
"RCP6","cook","energy_demand_TWh","cooker.traditionalbiomass.stoves.rural.no.elec","2045",-343.4374835
"RCP6","cook","energy_demand_TWh","cooker.traditionalbiomass.stoves.rural.no.elec","2050",-281.8423737
"RCP6","cook","households","cooker.traditionalbiomass.stoves.urban.no.elec","2011",91521351.35
"RCP6","cook","households","cooker.traditionalbiomass.stoves.urban.no.elec","2015",86297952.45
"RCP6","cook","households","cooker.traditionalbiomass.stoves.urban.no.elec","2020",83420635.67
"RCP6","cook","households","cooker.traditionalbiomass.stoves.urban.no.elec","2025",74289510.3
"RCP6","cook","households","cooker.traditionalbiomass.stoves.urban.no.elec","2030",61948065.46
"RCP6","cook","households","cooker.traditionalbiomass.stoves.urban.no.elec","2035",55430978.24
"RCP6","cook","households","cooker.traditionalbiomass.stoves.urban.no.elec","2040",47219477.87
"RCP6","cook","households","cooker.traditionalbiomass.stoves.urban.no.elec","2045",49256564.29
"RCP6","cook","households","cooker.traditionalbiomass.stoves.urban.no.elec","2050",51205726.98
"RCP6","cook","households","cooker.traditionalbiomass.stoves.rural.no.elec","2011",266771204.4
"RCP6","cook","households","cooker.traditionalbiomass.stoves.rural.no.elec","2015",256264315.7
"RCP6","cook","households","cooker.traditionalbiomass.stoves.rural.no.elec","2020",247075614.5
"RCP6","cook","households","cooker.traditionalbiomass.stoves.rural.no.elec","2025",233163504.8
"RCP6","cook","households","cooker.traditionalbiomass.stoves.rural.no.elec","2030",218242945.1
"RCP6","cook","households","cooker.traditionalbiomass.stoves.rural.no.elec","2035",206609787.9
"RCP6","cook","households","cooker.traditionalbiomass.stoves.rural.no.elec","2040",193673116.6
"RCP6","cook","households","cooker.traditionalbiomass.stoves.rural.no.elec","2045",179505394.7
"RCP6","cook","households","cooker.traditionalbiomass.stoves.rural.no.elec","2050",163861845.2
"RCP6","space","heat_demand_TWh","heater.solid.boiler.non residential.space","2011",56.02593903
"RCP6","space","heat_demand_TWh","heater.solid.boiler.non residential.space","2015",59.26782521
"RCP6","space","heat_demand_TWh","heater.solid.boiler.non residential.space","2020",51.80284721
"RCP6","space","heat_demand_TWh","heater.solid.boiler.non residential.space","2025",43.26065305
"RCP6","space","heat_demand_TWh","heater.solid.boiler.non residential.space","2030",34.09249872
"RCP6","space","heat_demand_TWh","heater.solid.boiler.non residential.space","2035",24.73426989
"RCP6","space","heat_demand_TWh","heater.solid.boiler.non residential.space","2040",15.62950651
"RCP6","space","heat_demand_TWh","heater.solid.boiler.non residential.space","2045",7.232956535
"RCP6","space","heat_demand_TWh","heater.solid.boiler.non residential.space","2050",0
"RCP6","space","heat_demand_TWh","heater.liquid.boiler.non residential.space","2011",196.0907866
"RCP6","space","heat_demand_TWh","heater.liquid.boiler.non residential.space","2015",207.4373882
"RCP6","space","heat_demand_TWh","heater.liquid.boiler.non residential.space","2020",186.49025
"RCP6","space","heat_demand_TWh","heater.liquid.boiler.non residential.space","2025",161.7948424
"RCP6","space","heat_demand_TWh","heater.liquid.boiler.non residential.space","2030",134.6653699
"RCP6","space","heat_demand_TWh","heater.liquid.boiler.non residential.space","2035",106.3573605
"RCP6","space","heat_demand_TWh","heater.liquid.boiler.non residential.space","2040",78.14753257
"RCP6","space","heat_demand_TWh","heater.liquid.boiler.non residential.space","2045",51.3539914
"RCP6","space","heat_demand_TWh","heater.liquid.boiler.non residential.space","2050",27.31504199
"RCP6","space","heat_demand_TWh","heater.gas.boiler.non residential.space","2011",597.6100163
"RCP6","space","heat_demand_TWh","heater.gas.boiler.non residential.space","2015",632.1901355
"RCP6","space","heat_demand_TWh","heater.gas.boiler.non residential.space","2020",648.6867646
"RCP6","space","heat_demand_TWh","heater.gas.boiler.non residential.space","2025",654.1010742
"RCP6","space","heat_demand_TWh","heater.gas.boiler.non residential.space","2030",648.325684
"RCP6","space","heat_demand_TWh","heater.gas.boiler.non residential.space","2035",630.9987074
"RCP6","space","heat_demand_TWh","heater.gas.boiler.non residential.space","2040",601.7360008
"RCP6","space","heat_demand_TWh","heater.gas.boiler.non residential.space","2045",560.3130329
"RCP6","space","heat_demand_TWh","heater.gas.boiler.non residential.space","2050",506.8457792
"RCP6","space","heat_demand_TWh","heater.heatpump.non residential.space","2011",560.2593903
"RCP6","space","heat_demand_TWh","heater.heatpump.non residential.space","2015",641.3082625
"RCP6","space","heat_demand_TWh","heater.heatpump.non residential.space","2020",701.5522343
"RCP6","space","heat_demand_TWh","heater.heatpump.non residential.space","2025",750.7387176
"RCP6","space","heat_demand_TWh","heater.heatpump.non residential.space","2030",786.5314288
"RCP6","space","heat_demand_TWh","heater.heatpump.non residential.space","2035",806.2949176
"RCP6","space","heat_demand_TWh","heater.heatpump.non residential.space","2040",807.3241249
"RCP6","space","heat_demand_TWh","heater.heatpump.non residential.space","2045",787.0940393
"RCP6","space","heat_demand_TWh","heater.heatpump.non residential.space","2050",743.5761431
"RCP6","space","heat_demand_TWh","heater.electricity.non residential.space","2011",0
"RCP6","space","heat_demand_TWh","heater.electricity.non residential.space","2015",0
"RCP6","space","heat_demand_TWh","heater.electricity.non residential.space","2020",0
"RCP6","space","heat_demand_TWh","heater.electricity.non residential.space","2025",0
"RCP6","space","heat_demand_TWh","heater.electricity.non residential.space","2030",0
"RCP6","space","heat_demand_TWh","heater.electricity.non residential.space","2035",0
"RCP6","space","heat_demand_TWh","heater.electricity.non residential.space","2040",0
"RCP6","space","heat_demand_TWh","heater.electricity.non residential.space","2045",0
"RCP6","space","heat_demand_TWh","heater.electricity.non residential.space","2050",0
"RCP6","space","heat_demand_TWh","heater.solar.non residential.space","2011",0
"RCP6","space","heat_demand_TWh","heater.solar.non residential.space","2015",0
"RCP6","space","heat_demand_TWh","heater.solar.non residential.space","2020",12.08733102
"RCP6","space","heat_demand_TWh","heater.solar.non residential.space","2025",24.22596571
"RCP6","space","heat_demand_TWh","heater.solar.non residential.space","2030",35.79712366
"RCP6","space","heat_demand_TWh","heater.solar.non residential.space","2035",46.17063712
"RCP6","space","heat_demand_TWh","heater.solar.non residential.space","2040",54.7032728
"RCP6","space","heat_demand_TWh","heater.solar.non residential.space","2045",60.75683489
"RCP6","space","heat_demand_TWh","heater.solar.non residential.space","2050",63.73509798
"RCP6","space","heat_demand_TWh","heater.microchp.non residential.space","2011",0
"RCP6","space","heat_demand_TWh","heater.microchp.non residential.space","2015",0
"RCP6","space","heat_demand_TWh","heater.microchp.non residential.space","2020",10.93615663
"RCP6","space","heat_demand_TWh","heater.microchp.non residential.space","2025",21.91873088
"RCP6","space","heat_demand_TWh","heater.microchp.non residential.space","2030",32.38787378
"RCP6","space","heat_demand_TWh","heater.microchp.non residential.space","2035",41.77343359
"RCP6","space","heat_demand_TWh","heater.microchp.non residential.space","2040",49.49343729
"RCP6","space","heat_demand_TWh","heater.microchp.non residential.space","2045",54.97046966
"RCP6","space","heat_demand_TWh","heater.microchp.non residential.space","2050",57.66508865
"RCP6","space","heat_demand_TWh","heater.districtheating.non residential.space","2011",457.5451687
"RCP6","space","heat_demand_TWh","heater.districtheating.non residential.space","2015",435.3905621
"RCP6","space","heat_demand_TWh","heater.districtheating.non residential.space","2020",402.9995858
"RCP6","space","heat_demand_TWh","heater.districtheating.non residential.space","2025",362.790492
"RCP6","space","heat_demand_TWh","heater.districtheating.non residential.space","2030",316.9291131
"RCP6","space","heat_demand_TWh","heater.districtheating.non residential.space","2035",267.4472208
"RCP6","space","heat_demand_TWh","heater.districtheating.non residential.space","2040",216.4085517
"RCP6","space","heat_demand_TWh","heater.districtheating.non residential.space","2045",165.9685334
"RCP6","space","heat_demand_TWh","heater.districtheating.non residential.space","2050",118.365182
"RCP6","space","energy_demand_TWh","heater.solid.boiler.non residential.space","2011",-101.8653437
"RCP6","space","energy_demand_TWh","heater.solid.boiler.non residential.space","2015",-108.773891
"RCP6","space","energy_demand_TWh","heater.solid.boiler.non residential.space","2020",-90.10912925
"RCP6","space","energy_demand_TWh","heater.solid.boiler.non residential.space","2025",-71.51603659
"RCP6","space","energy_demand_TWh","heater.solid.boiler.non residential.space","2030",-53.69516918
"RCP6","space","energy_demand_TWh","heater.solid.boiler.non residential.space","2035",-37.19746422
"RCP6","space","energy_demand_TWh","heater.solid.boiler.non residential.space","2040",-22.4896839
"RCP6","space","energy_demand_TWh","heater.solid.boiler.non residential.space","2045",-9.976743805
"RCP6","space","energy_demand_TWh","heater.solid.boiler.non residential.space","2050",0
"RCP6","space","energy_demand_TWh","heater.liquid.boiler.non residential.space","2011",-326.8179776
"RCP6","space","energy_demand_TWh","heater.liquid.boiler.non residential.space","2015",-337.0857559
"RCP6","space","energy_demand_TWh","heater.liquid.boiler.non residential.space","2020",-286.1340878
"RCP6","space","energy_demand_TWh","heater.liquid.boiler.non residential.space","2025",-235.1218566
"RCP6","space","energy_demand_TWh","heater.liquid.boiler.non residential.space","2030",-185.8721169
"RCP6","space","energy_demand_TWh","heater.liquid.boiler.non residential.space","2035",-139.782204
"RCP6","space","energy_demand_TWh","heater.liquid.boiler.non residential.space","2040",-98.02102638
"RCP6","space","energy_demand_TWh","heater.liquid.boiler.non residential.space","2045",-61.60312704
"RCP6","space","energy_demand_TWh","heater.liquid.boiler.non residential.space","2050",-31.39659999
"RCP6","space","energy_demand_TWh","heater.gas.boiler.non residential.space","2011",-766.1666875
"RCP6","space","energy_demand_TWh","heater.gas.boiler.non residential.space","2015",-808.3742717
"RCP6","space","energy_demand_TWh","heater.gas.boiler.non residential.space","2020",-778.5610073
"RCP6","space","energy_demand_TWh","heater.gas.boiler.non residential.space","2025",-739.6636287
"RCP6","space","energy_demand_TWh","heater.gas.boiler.non residential.space","2030",-693.057059
"RCP6","space","energy_demand_TWh","heater.gas.boiler.non residential.space","2035",-639.5732053
"RCP6","space","energy_demand_TWh","heater.gas.boiler.non residential.space","2040",-579.8585535
"RCP6","space","energy_demand_TWh","heater.gas.boiler.non residential.space","2045",-514.5847338
"RCP6","space","energy_demand_TWh","heater.gas.boiler.non residential.space","2050",-444.6015607
"RCP6","space","energy_demand_TWh","heater.heatpump.non residential.space","2011",-280.1296951
"RCP6","space","energy_demand_TWh","heater.heatpump.non residential.space","2015",-320.6541312
"RCP6","space","energy_demand_TWh","heater.heatpump.non residential.space","2020",-312.7939898
"RCP6","space","energy_demand_TWh","heater.heatpump.non residential.space","2025",-302.0213232
"RCP6","space","energy_demand_TWh","heater.heatpump.non residential.space","2030",-288.2575917
"RCP6","space","energy_demand_TWh","heater.heatpump.non residential.space","2035",-271.3492511
"RCP6","space","energy_demand_TWh","heater.heatpump.non residential.space","2040",-251.1675055
"RCP6","space","energy_demand_TWh","heater.heatpump.non residential.space","2045",-227.6718296
"RCP6","space","energy_demand_TWh","heater.heatpump.non residential.space","2050",-200.9665252
"RCP6","space","energy_demand_TWh","heater.electricity.non residential.space","2011",0
"RCP6","space","energy_demand_TWh","heater.electricity.non residential.space","2015",0
"RCP6","space","energy_demand_TWh","heater.electricity.non residential.space","2020",0
"RCP6","space","energy_demand_TWh","heater.electricity.non residential.space","2025",0
"RCP6","space","energy_demand_TWh","heater.electricity.non residential.space","2030",0
"RCP6","space","energy_demand_TWh","heater.electricity.non residential.space","2035",0
"RCP6","space","energy_demand_TWh","heater.electricity.non residential.space","2040",0
"RCP6","space","energy_demand_TWh","heater.electricity.non residential.space","2045",0
"RCP6","space","energy_demand_TWh","heater.electricity.non residential.space","2050",0
"RCP6","space","energy_demand_TWh","heater.solar.non residential.space","2011",0
"RCP6","space","energy_demand_TWh","heater.solar.non residential.space","2015",0
"RCP6","space","energy_demand_TWh","heater.solar.non residential.space","2020",-27.01908923
"RCP6","space","energy_demand_TWh","heater.solar.non residential.space","2025",-50.0052067
"RCP6","space","energy_demand_TWh","heater.solar.non residential.space","2030",-68.63273234
"RCP6","space","energy_demand_TWh","heater.solar.non residential.space","2035",-82.64217109
"RCP6","space","energy_demand_TWh","heater.solar.non residential.space","2040",-91.81674438
"RCP6","space","energy_demand_TWh","heater.solar.non residential.space","2045",-95.99847161
"RCP6","space","energy_demand_TWh","heater.solar.non residential.space","2050",-95.12701191
"RCP6","space","energy_demand_TWh","heater.microchp.non residential.space","2011",0
"RCP6","space","energy_demand_TWh","heater.microchp.non residential.space","2015",0
"RCP6","space","energy_demand_TWh","heater.microchp.non residential.space","2020",-21.05999902
"RCP6","space","energy_demand_TWh","heater.microchp.non residential.space","2025",-40.6979088
"RCP6","space","energy_demand_TWh","heater.microchp.non residential.space","2030",-58.05764827
"RCP6","space","energy_demand_TWh","heater.microchp.non residential.space","2035",-72.37971166
"RCP6","space","energy_demand_TWh","heater.microchp.non residential.space","2040",-82.98300864
"RCP6","space","energy_demand_TWh","heater.microchp.non residential.space","2045",-89.27918507
"RCP6","space","energy_demand_TWh","heater.microchp.non residential.space","2050",-90.81116323
"RCP6","space","energy_demand_TWh","heater.districtheating.non residential.space","2011",-653.6359553
"RCP6","space","energy_demand_TWh","heater.districtheating.non residential.space","2015",-635.0124129
"RCP6","space","energy_demand_TWh","heater.districtheating.non residential.space","2020",-577.6179289
"RCP6","space","energy_demand_TWh","heater.districtheating.non residential.space","2025",-511.1571238
"RCP6","space","energy_demand_TWh","heater.districtheating.non residential.space","2030",-439.0847393
"RCP6","space","energy_demand_TWh","heater.districtheating.non residential.space","2035",-364.4458984
"RCP6","space","energy_demand_TWh","heater.districtheating.non residential.space","2040",-290.1317813
"RCP6","space","energy_demand_TWh","heater.districtheating.non residential.space","2045",-218.9706632
"RCP6","space","energy_demand_TWh","heater.districtheating.non residential.space","2050",-153.7210155
"RCP6","space","buildings","heater.solid.boiler.non residential.space","2011",55809.17618
"RCP6","space","buildings","heater.solid.boiler.non residential.space","2015",59878.81481
"RCP6","space","buildings","heater.solid.boiler.non residential.space","2020",57456.872
"RCP6","space","buildings","heater.solid.boiler.non residential.space","2025",53070.63779
"RCP6","space","buildings","heater.solid.boiler.non residential.space","2030",46672.18365
"RCP6","space","buildings","heater.solid.boiler.non residential.space","2035",38197.28762
"RCP6","space","buildings","heater.solid.boiler.non residential.space","2040",27595.89953
"RCP6","space","buildings","heater.solid.boiler.non residential.space","2045",14853.31239
"RCP6","space","buildings","heater.solid.boiler.non residential.space","2050",0
"RCP6","space","buildings","heater.liquid.boiler.non residential.space","2011",195332.1166
"RCP6","space","buildings","heater.liquid.boiler.non residential.space","2015",209575.8518
"RCP6","space","buildings","heater.liquid.boiler.non residential.space","2020",206844.7392
"RCP6","space","buildings","heater.liquid.boiler.non residential.space","2025",198484.1854
"RCP6","space","buildings","heater.liquid.boiler.non residential.space","2030",184355.1254
"RCP6","space","buildings","heater.liquid.boiler.non residential.space","2035",164248.3368
"RCP6","space","buildings","heater.liquid.boiler.non residential.space","2040",137979.4977
"RCP6","space","buildings","heater.liquid.boiler.non residential.space","2045",105458.518
"RCP6","space","buildings","heater.liquid.boiler.non residential.space","2050",66735.08008
"RCP6","space","buildings","heater.gas.boiler.non residential.space","2011",595297.8793
"RCP6","space","buildings","heater.gas.boiler.non residential.space","2015",638707.358
"RCP6","space","buildings","heater.gas.boiler.non residential.space","2020",719487.7193
"RCP6","space","buildings","heater.gas.boiler.non residential.space","2025",802428.0435
"RCP6","space","buildings","heater.gas.boiler.non residential.space","2030",887549.359
"RCP6","space","buildings","heater.gas.boiler.non residential.space","2035",974455.2487
"RCP6","space","buildings","heater.gas.boiler.non residential.space","2040",1062442.132
"RCP6","space","buildings","heater.gas.boiler.non residential.space","2045",1150636.6
"RCP6","space","buildings","heater.gas.boiler.non residential.space","2050",1238306.486
"RCP6","space","buildings","heater.heatpump.non residential.space","2011",558091.7618
"RCP6","space","buildings","heater.heatpump.non residential.space","2015",647919.4834
"RCP6","space","buildings","heater.heatpump.non residential.space","2020",778123.1938
"RCP6","space","buildings","heater.heatpump.non residential.space","2025",920979.6836
"RCP6","space","buildings","heater.heatpump.non residential.space","2030",1076751.211
"RCP6","space","buildings","heater.heatpump.non residential.space","2035",1245166.282
"RCP6","space","buildings","heater.heatpump.non residential.space","2040",1425434.349
"RCP6","space","buildings","heater.heatpump.non residential.space","2045",1616345.071
"RCP6","space","buildings","heater.heatpump.non residential.space","2050",1816677.18
"RCP6","space","buildings","heater.electricity.non residential.space","2011",0
"RCP6","space","buildings","heater.electricity.non residential.space","2015",0
"RCP6","space","buildings","heater.electricity.non residential.space","2020",0
"RCP6","space","buildings","heater.electricity.non residential.space","2025",0
"RCP6","space","buildings","heater.electricity.non residential.space","2030",0
"RCP6","space","buildings","heater.electricity.non residential.space","2035",0
"RCP6","space","buildings","heater.electricity.non residential.space","2040",0
"RCP6","space","buildings","heater.electricity.non residential.space","2045",0
"RCP6","space","buildings","heater.electricity.non residential.space","2050",0
"RCP6","space","buildings","heater.solar.non residential.space","2011",0
"RCP6","space","buildings","heater.solar.non residential.space","2015",0
"RCP6","space","buildings","heater.solar.non residential.space","2020",13406.60347
"RCP6","space","buildings","heater.solar.non residential.space","2025",29719.55716
"RCP6","space","buildings","heater.solar.non residential.space","2030",49005.79283
"RCP6","space","buildings","heater.solar.non residential.space","2035",71301.60356
"RCP6","space","buildings","heater.solar.non residential.space","2040",96585.64837
"RCP6","space","buildings","heater.solar.non residential.space","2045",124767.8241
"RCP6","space","buildings","heater.solar.non residential.space","2050",155715.1868
"RCP6","space","buildings","heater.microchp.non residential.space","2011",0
"RCP6","space","buildings","heater.microchp.non residential.space","2015",0
"RCP6","space","buildings","heater.microchp.non residential.space","2020",12129.78409
"RCP6","space","buildings","heater.microchp.non residential.space","2025",26889.12315
"RCP6","space","buildings","heater.microchp.non residential.space","2030",44338.57446
"RCP6","space","buildings","heater.microchp.non residential.space","2035",64510.97465
"RCP6","space","buildings","heater.microchp.non residential.space","2040",87387.01519
"RCP6","space","buildings","heater.microchp.non residential.space","2045",112885.1741
"RCP6","space","buildings","heater.microchp.non residential.space","2050",140885.1691
"RCP6","space","buildings","heater.districtheating.non residential.space","2011",455774.9388
"RCP6","space","buildings","heater.districtheating.non residential.space","2015",439878.9857
"RCP6","space","buildings","heater.districtheating.non residential.space","2020",446984.9991
"RCP6","space","buildings","heater.districtheating.non residential.space","2025",445058.5333
"RCP6","space","buildings","heater.districtheating.non residential.space","2030",433871.7995
"RCP6","space","buildings","heater.districtheating.non residential.space","2035",413020.4151
"RCP6","space","buildings","heater.districtheating.non residential.space","2040",382097.0705
"RCP6","space","buildings","heater.districtheating.non residential.space","2045",340826.3912
"RCP6","space","buildings","heater.districtheating.non residential.space","2050",289185.347
"RCP6","cool","demand_TWh","cooling.airconditioners.non residential","2011",471.8282177
"RCP6","cool","demand_TWh","cooling.airconditioners.non residential","2015",517.3163449
"RCP6","cool","demand_TWh","cooling.airconditioners.non residential","2020",543.4202355
"RCP6","cool","demand_TWh","cooling.airconditioners.non residential","2025",560.9441578
"RCP6","cool","demand_TWh","cooling.airconditioners.non residential","2030",569.1505221
"RCP6","cool","demand_TWh","cooling.airconditioners.non residential","2035",567.0352605
"RCP6","cool","demand_TWh","cooling.airconditioners.non residential","2040",553.5121701
"RCP6","cool","demand_TWh","cooling.airconditioners.non residential","2045",527.5780446
"RCP6","cool","demand_TWh","cooling.airconditioners.non residential","2050",488.5006794
"RCP6","cool","demand_TWh","cooling.chillers.non residential","2011",64.3402115
"RCP6","cool","demand_TWh","cooling.chillers.non residential","2015",62.43473128
"RCP6","cool","demand_TWh","cooling.chillers.non residential","2020",55.96775353
"RCP6","cool","demand_TWh","cooling.chillers.non residential","2025",47.93224004
"RCP6","cool","demand_TWh","cooling.chillers.non residential","2030",38.73654502
"RCP6","cool","demand_TWh","cooling.chillers.non residential","2035",28.81834577
"RCP6","cool","demand_TWh","cooling.chillers.non residential","2040",18.67269971
"RCP6","cool","demand_TWh","cooling.chillers.non residential","2045",8.860475797
"RCP6","cool","demand_TWh","cooling.chillers.non residential","2050",0
"RCP6","cool","demand_TWh","cooling.solarcooling.non residential","2011",0
"RCP6","cool","demand_TWh","cooling.solarcooling.non residential","2015",0
"RCP6","cool","demand_TWh","cooling.solarcooling.non residential","2020",6.929340913
"RCP6","cool","demand_TWh","cooling.solarcooling.non residential","2025",14.24272276
"RCP6","cool","demand_TWh","cooling.solarcooling.non residential","2030",21.58178937
"RCP6","cool","demand_TWh","cooling.solarcooling.non residential","2035",28.54388533
"RCP6","cool","demand_TWh","cooling.solarcooling.non residential","2040",34.6778709
"RCP6","cool","demand_TWh","cooling.solarcooling.non residential","2045",39.49240641
"RCP6","cool","demand_TWh","cooling.solarcooling.non residential","2050",42.47831995
"RCP6","cool","energy_demand_TWh","cooling.airconditioners.non residential","2011",-188.7312871
"RCP6","cool","energy_demand_TWh","cooling.airconditioners.non residential","2015",-206.9265379
"RCP6","cool","energy_demand_TWh","cooling.airconditioners.non residential","2020",-217.3680942
"RCP6","cool","energy_demand_TWh","cooling.airconditioners.non residential","2025",-224.3776631
"RCP6","cool","energy_demand_TWh","cooling.airconditioners.non residential","2030",-227.6602089
"RCP6","cool","energy_demand_TWh","cooling.airconditioners.non residential","2035",-226.8141042
"RCP6","cool","energy_demand_TWh","cooling.airconditioners.non residential","2040",-221.404868
"RCP6","cool","energy_demand_TWh","cooling.airconditioners.non residential","2045",-211.0312178
"RCP6","cool","energy_demand_TWh","cooling.airconditioners.non residential","2050",-195.4002718
"RCP6","cool","energy_demand_TWh","cooling.chillers.non residential","2011",-35.74456195
"RCP6","cool","energy_demand_TWh","cooling.chillers.non residential","2015",-34.68596182
"RCP6","cool","energy_demand_TWh","cooling.chillers.non residential","2020",-31.09319641
"RCP6","cool","energy_demand_TWh","cooling.chillers.non residential","2025",-26.62902225
"RCP6","cool","energy_demand_TWh","cooling.chillers.non residential","2030",-21.52030279
"RCP6","cool","energy_demand_TWh","cooling.chillers.non residential","2035",-16.01019209
"RCP6","cool","energy_demand_TWh","cooling.chillers.non residential","2040",-10.37372206
"RCP6","cool","energy_demand_TWh","cooling.chillers.non residential","2045",-4.922486554
"RCP6","cool","energy_demand_TWh","cooling.chillers.non residential","2050",0
"RCP6","cool","energy_demand_TWh","cooling.solarcooling.non residential","2011",0
"RCP6","cool","energy_demand_TWh","cooling.solarcooling.non residential","2015",0
"RCP6","cool","energy_demand_TWh","cooling.solarcooling.non residential","2020",-6.929340913
"RCP6","cool","energy_demand_TWh","cooling.solarcooling.non residential","2025",-14.24272276
"RCP6","cool","energy_demand_TWh","cooling.solarcooling.non residential","2030",-21.58178937
"RCP6","cool","energy_demand_TWh","cooling.solarcooling.non residential","2035",-28.54388533
"RCP6","cool","energy_demand_TWh","cooling.solarcooling.non residential","2040",-34.6778709
"RCP6","cool","energy_demand_TWh","cooling.solarcooling.non residential","2045",-39.49240641
"RCP6","cool","energy_demand_TWh","cooling.solarcooling.non residential","2050",-42.47831995
"RCP6","cool","buildings","cooling.airconditioners.non residential","2011",1637069.168
"RCP6","cool","buildings","cooling.airconditioners.non residential","2015",1781010.902
"RCP6","cool","buildings","cooling.airconditioners.non residential","2020",2002642.085
"RCP6","cool","buildings","cooling.airconditioners.non residential","2025",2229511.102
"RCP6","cool","buildings","cooling.airconditioners.non residential","2030",2461658.507
"RCP6","cool","buildings","cooling.airconditioners.non residential","2035",2697969.102
"RCP6","cool","buildings","cooling.airconditioners.non residential","2040",2936486.745
"RCP6","cool","buildings","cooling.airconditioners.non residential","2045",3174800.309
"RCP6","cool","buildings","cooling.airconditioners.non residential","2050",3410904.093
"RCP6","cool","buildings","cooling.chillers.non residential","2011",223236.7047
"RCP6","cool","buildings","cooling.chillers.non residential","2015",214949.5916
"RCP6","cool","buildings","cooling.chillers.non residential","2020",206255.4379
"RCP6","cool","buildings","cooling.chillers.non residential","2025",190509.9818
"RCP6","cool","buildings","cooling.chillers.non residential","2030",167541.1721
"RCP6","cool","buildings","cooling.chillers.non residential","2035",137118.4684
"RCP6","cool","buildings","cooling.chillers.non residential","2040",99062.20345
"RCP6","cool","buildings","cooling.chillers.non residential","2045",53319.58293
"RCP6","cool","buildings","cooling.chillers.non residential","2050",0
"RCP6","cool","buildings","cooling.solarcooling.non residential","2011",0
"RCP6","cool","buildings","cooling.solarcooling.non residential","2015",0
"RCP6","cool","buildings","cooling.solarcooling.non residential","2020",25536.38755
"RCP6","cool","buildings","cooling.solarcooling.non residential","2025",56608.68031
"RCP6","cool","buildings","cooling.solarcooling.non residential","2030",93344.36729
"RCP6","cool","buildings","cooling.solarcooling.non residential","2035",135812.5782
"RCP6","cool","buildings","cooling.solarcooling.non residential","2040",183972.6636
"RCP6","cool","buildings","cooling.solarcooling.non residential","2045",237652.9982
"RCP6","cool","buildings","cooling.solarcooling.non residential","2050",296600.3559
"RCP6","heat","loss","heat.loss.urban","2011",16.9
"RCP6","heat","loss","heat.loss.urban","2015",16.8
"RCP6","heat","loss","heat.loss.urban","2020",15.34285714
"RCP6","heat","loss","heat.loss.urban","2025",13.88571429
"RCP6","heat","loss","heat.loss.urban","2030",12.42857143
"RCP6","heat","loss","heat.loss.urban","2035",10.97142857
"RCP6","heat","loss","heat.loss.urban","2040",9.514285714
"RCP6","heat","loss","heat.loss.urban","2045",8.057142857
"RCP6","heat","loss","heat.loss.urban","2050",6.6
"RCP6","heat","loss","heat.loss.rural","2011",18.7
"RCP6","heat","loss","heat.loss.rural","2015",18.5
"RCP6","heat","loss","heat.loss.rural","2020",16.8
"RCP6","heat","loss","heat.loss.rural","2025",15.1
"RCP6","heat","loss","heat.loss.rural","2030",13.4
"RCP6","heat","loss","heat.loss.rural","2035",11.7
"RCP6","heat","loss","heat.loss.rural","2040",10
"RCP6","heat","loss","heat.loss.rural","2045",8.3
"RCP6","heat","loss","heat.loss.rural","2050",6.6
"RCP6","heat","loss","heat.loss.non.residential","2011",14.8
"RCP6","heat","loss","heat.loss.non.residential","2015",14.7
"RCP6","heat","loss","heat.loss.non.residential","2020",13.54285714
"RCP6","heat","loss","heat.loss.non.residential","2025",12.38571429
"RCP6","heat","loss","heat.loss.non.residential","2030",11.22857143
"RCP6","heat","loss","heat.loss.non.residential","2035",10.07142857
"RCP6","heat","loss","heat.loss.non.residential","2040",8.914285714
"RCP6","heat","loss","heat.loss.non.residential","2045",7.757142857
"RCP6","heat","loss","heat.loss.non.residential","2050",6.6
