"scenario","type","year","occupancy","passenger.km","vehicle.km","TWh.vehicle.km","vehicle.km.vehicle","vehicles"
"iea6","walk.passenger.urban","2011",1,2.7e+12,2.7e+12,0,0,0
"iea6","walk.passenger.urban","2015",1,3.05e+12,3.05e+12,0,0,0
"iea6","walk.passenger.urban","2020",1,3.38e+12,3.38e+12,0,0,0
"iea6","walk.passenger.urban","2025",1,3.53e+12,3.53e+12,0,0,0
"iea6","walk.passenger.urban","2030",1,3.57e+12,3.57e+12,0,0,0
"iea6","walk.passenger.urban","2035",1,3.47e+12,3.47e+12,0,0,0
"iea6","walk.passenger.urban","2040",1,3.26e+12,3.26e+12,0,0,0
"iea6","walk.passenger.urban","2045",1,2.97e+12,2.97e+12,0,0,0
"iea6","walk.passenger.urban","2050",1,2.59e+12,2.59e+12,0,0,0
"iea6","bike.passenger.urban","2011",1,1.91e+12,1.91e+12,0,1000,1.91e+09
"iea6","bike.passenger.urban","2015",1,2.17e+12,2.17e+12,0,1000,2.17e+09
"iea6","bike.passenger.urban","2020",1,2.41e+12,2.41e+12,0,1000,2.41e+09
"iea6","bike.passenger.urban","2025",1,2.52e+12,2.52e+12,0,1000,2.52e+09
"iea6","bike.passenger.urban","2030",1,2.56e+12,2.56e+12,0,1000,2.56e+09
"iea6","bike.passenger.urban","2035",1,2.49e+12,2.49e+12,0,1000,2.49e+09
"iea6","bike.passenger.urban","2040",1,2.35e+12,2.35e+12,0,1000,2.35e+09
"iea6","bike.passenger.urban","2045",1,2.14e+12,2.14e+12,0,1000,2.14e+09
"iea6","bike.passenger.urban","2050",1,1.88e+12,1.88e+12,0,1000,1.88e+09
"iea6","motorbike.passenger.urban.fuel","2011",1.09,3.49e+12,3.21e+12,3.81e-10,10000,3.21e+08
"iea6","motorbike.passenger.urban.fuel","2015",1.1,4.02e+12,3.65e+12,3.54e-10,10000,3.65e+08
"iea6","motorbike.passenger.urban.fuel","2020",1.1,4.73e+12,4.29e+12,3.32e-10,10000,4.29e+08
"iea6","motorbike.passenger.urban.fuel","2025",1.11,5.27e+12,4.76e+12,3.09e-10,10000,4.76e+08
"iea6","motorbike.passenger.urban.fuel","2030",1.11,5.72e+12,5.16e+12,2.89e-10,10000,5.16e+08
"iea6","motorbike.passenger.urban.fuel","2035",1.11,6.03e+12,5.43e+12,2.74e-10,10000,5.43e+08
"iea6","motorbike.passenger.urban.fuel","2040",1.11,6.24e+12,5.6e+12,2.64e-10,10000,5.6e+08
"iea6","motorbike.passenger.urban.fuel","2045",1.12,6.36e+12,5.69e+12,2.56e-10,10000,5.69e+08
"iea6","motorbike.passenger.urban.fuel","2050",1.12,6.39e+12,5.7e+12,2.5e-10,10000,5.7e+08
"iea6","motorbike.passenger.urban.elec","2011",1.09,4.16e+10,3.82e+10,1.06e-10,10000,3820000
"iea6","motorbike.passenger.urban.elec","2015",1.1,3.03e+11,2.75e+11,1.05e-10,10000,27500000
"iea6","motorbike.passenger.urban.elec","2020",1.1,6.28e+11,5.69e+11,1.02e-10,10000,56900000
"iea6","motorbike.passenger.urban.elec","2025",1.11,1.04e+12,9.36e+11,1.01e-10,10000,93600000
"iea6","motorbike.passenger.urban.elec","2030",1.11,1.53e+12,1.38e+12,9.89e-11,10000,1.38e+08
"iea6","motorbike.passenger.urban.elec","2035",1.11,2.1e+12,1.89e+12,9.8e-11,10000,1.89e+08
"iea6","motorbike.passenger.urban.elec","2040",1.11,2.75e+12,2.47e+12,9.72e-11,10000,2.47e+08
"iea6","motorbike.passenger.urban.elec","2045",1.12,3.47e+12,3.1e+12,9.65e-11,10000,3.1e+08
"iea6","motorbike.passenger.urban.elec","2050",1.12,4.26e+12,3.8e+12,9.58e-11,10000,3.8e+08
"iea6","car.passenger.urban.ICE.liquid","2011",1.6,1.27e+13,7.91e+12,7.63e-10,15000,5.27e+08
"iea6","car.passenger.urban.ICE.liquid","2015",1.6,1.51e+13,9.44e+12,7.07e-10,15000,6.29e+08
"iea6","car.passenger.urban.ICE.liquid","2020",1.59,1.81e+13,1.14e+13,6.64e-10,15000,7.61e+08
"iea6","car.passenger.urban.ICE.liquid","2025",1.57,2.09e+13,1.33e+13,6.17e-10,15000,8.87e+08
"iea6","car.passenger.urban.ICE.liquid","2030",1.56,2.37e+13,1.52e+13,5.78e-10,15000,1.02e+09
"iea6","car.passenger.urban.ICE.liquid","2035",1.55,2.64e+13,1.71e+13,5.48e-10,15000,1.14e+09
"iea6","car.passenger.urban.ICE.liquid","2040",1.53,2.9e+13,1.9e+13,5.28e-10,15000,1.26e+09
"iea6","car.passenger.urban.ICE.liquid","2045",1.52,3.16e+13,2.08e+13,5.12e-10,15000,1.39e+09
"iea6","car.passenger.urban.ICE.liquid","2050",1.5,3.42e+13,2.27e+13,4.99e-10,15000,1.52e+09
"iea6","car.passenger.urban.ICE.gas","2011",1.6,1.23e+11,7.68e+10,7.63e-10,15000,5120000
"iea6","car.passenger.urban.ICE.gas","2015",1.6,1.56e+11,9.73e+10,7.07e-10,15000,6490000
"iea6","car.passenger.urban.ICE.gas","2020",1.59,2.15e+11,1.36e+11,6.64e-10,15000,9050000
"iea6","car.passenger.urban.ICE.gas","2025",1.57,2.82e+11,1.79e+11,6.17e-10,15000,1.2e+07
"iea6","car.passenger.urban.ICE.gas","2030",1.56,3.59e+11,2.3e+11,5.78e-10,15000,15400000
"iea6","car.passenger.urban.ICE.gas","2035",1.55,4.44e+11,2.87e+11,5.48e-10,15000,19100000
"iea6","car.passenger.urban.ICE.gas","2040",1.53,5.37e+11,3.51e+11,5.28e-10,15000,23400000
"iea6","car.passenger.urban.ICE.gas","2045",1.52,6.39e+11,4.21e+11,5.12e-10,15000,28100000
"iea6","car.passenger.urban.ICE.gas","2050",1.5,7.51e+11,5e+11,4.99e-10,15000,33300000
"iea6","car.passenger.urban.PH","2011",1.6,363000,227000,5.77e-10,15000,15.1
"iea6","car.passenger.urban.PH","2015",1.6,1.56e+11,9.73e+10,5.35e-10,15000,6490000
"iea6","car.passenger.urban.PH","2020",1.59,2.96e+11,1.87e+11,5.02e-10,15000,12400000
"iea6","car.passenger.urban.PH","2025",1.57,4.7e+11,2.99e+11,4.67e-10,15000,19900000
"iea6","car.passenger.urban.PH","2030",1.56,6.82e+11,4.38e+11,4.37e-10,15000,29200000
"iea6","car.passenger.urban.PH","2035",1.55,9.28e+11,6.01e+11,4.15e-10,15000,4e+07
"iea6","car.passenger.urban.PH","2040",1.53,1.21e+12,7.89e+11,4e-10,15000,52600000
"iea6","car.passenger.urban.PH","2045",1.52,1.52e+12,1e+12,3.87e-10,15000,6.7e+07
"iea6","car.passenger.urban.PH","2050",1.5,1.88e+12,1.25e+12,3.78e-10,15000,83300000
"iea6","car.passenger.urban.EV","2011",1.6,2.78e+10,1.74e+10,2.12e-10,15000,1160000
"iea6","car.passenger.urban.EV","2015",1.6,1.56e+11,9.73e+10,2.09e-10,15000,6490000
"iea6","car.passenger.urban.EV","2020",1.59,2.15e+11,1.36e+11,2.04e-10,15000,9050000
"iea6","car.passenger.urban.EV","2025",1.57,2.82e+11,1.79e+11,2.01e-10,15000,1.2e+07
"iea6","car.passenger.urban.EV","2030",1.56,3.59e+11,2.3e+11,1.98e-10,15000,15400000
"iea6","car.passenger.urban.EV","2035",1.55,4.44e+11,2.87e+11,1.96e-10,15000,19100000
"iea6","car.passenger.urban.EV","2040",1.53,5.37e+11,3.51e+11,1.94e-10,15000,23400000
"iea6","car.passenger.urban.EV","2045",1.52,6.39e+11,4.21e+11,1.93e-10,15000,28100000
"iea6","car.passenger.urban.EV","2050",1.5,7.51e+11,5e+11,1.92e-10,15000,33300000
"iea6","car.passenger.urban.H2","2011",1.6,0,0,4.19e-10,15000,0
"iea6","car.passenger.urban.H2","2015",1.6,0,0,4.15e-10,15000,0
"iea6","car.passenger.urban.H2","2020",1.59,0,0,4.04e-10,15000,0
"iea6","car.passenger.urban.H2","2025",1.57,0,0,3.98e-10,15000,0
"iea6","car.passenger.urban.H2","2030",1.56,0,0,3.92e-10,15000,0
"iea6","car.passenger.urban.H2","2035",1.55,0,0,3.88e-10,15000,0
"iea6","car.passenger.urban.H2","2040",1.53,0,0,3.85e-10,15000,0
"iea6","car.passenger.urban.H2","2045",1.52,0,0,3.82e-10,15000,0
"iea6","car.passenger.urban.H2","2050",1.5,0,0,3.79e-10,15000,0
"iea6","bus.passenger.urban.ICE.liquid","2011",27.3,1.07e+13,3.91e+11,2.85e-09,30000,1.3e+07
"iea6","bus.passenger.urban.ICE.liquid","2015",27,1.21e+13,4.48e+11,2.65e-09,30000,14900000
"iea6","bus.passenger.urban.ICE.liquid","2020",26.5,1.41e+13,5.32e+11,2.48e-09,30000,17700000
"iea6","bus.passenger.urban.ICE.liquid","2025",26,1.57e+13,6.02e+11,2.31e-09,30000,20100000
"iea6","bus.passenger.urban.ICE.liquid","2030",25.5,1.7e+13,6.68e+11,2.16e-09,30000,22300000
"iea6","bus.passenger.urban.ICE.liquid","2035",25,1.81e+13,7.23e+11,2.05e-09,30000,24100000
"iea6","bus.passenger.urban.ICE.liquid","2040",24.5,1.89e+13,7.71e+11,1.98e-09,30000,25700000
"iea6","bus.passenger.urban.ICE.liquid","2045",24,1.95e+13,8.14e+11,1.92e-09,30000,27100000
"iea6","bus.passenger.urban.ICE.liquid","2050",23.5,2e+13,8.52e+11,1.87e-09,30000,28400000
"iea6","bus.passenger.urban.ICE.gas","2011",27.3,955000,35000,2.85e-09,30000,1.17
"iea6","bus.passenger.urban.ICE.gas","2015",27,1.25e+11,4.62e+09,2.65e-09,30000,154000
"iea6","bus.passenger.urban.ICE.gas","2020",26.5,1.88e+11,7.1e+09,2.48e-09,30000,237000
"iea6","bus.passenger.urban.ICE.gas","2025",26,2.57e+11,9.88e+09,2.31e-09,30000,329000
"iea6","bus.passenger.urban.ICE.gas","2030",25.5,3.32e+11,1.3e+10,2.16e-09,30000,434000
"iea6","bus.passenger.urban.ICE.gas","2035",25,4.09e+11,1.64e+10,2.05e-09,30000,545000
"iea6","bus.passenger.urban.ICE.gas","2040",24.5,4.88e+11,1.99e+10,1.98e-09,30000,663000
"iea6","bus.passenger.urban.ICE.gas","2045",24,5.67e+11,2.36e+10,1.92e-09,30000,787000
"iea6","bus.passenger.urban.ICE.gas","2050",23.5,6.45e+11,2.75e+10,1.87e-09,30000,916000
"iea6","bus.passenger.urban.PH","2011",27.3,0,0,2.48e-09,30000,0
"iea6","bus.passenger.urban.PH","2015",27,6.41e+10,2.37e+09,2.3e-09,30000,79000
"iea6","bus.passenger.urban.PH","2020",26.5,1.27e+11,4.79e+09,2.16e-09,30000,160000
"iea6","bus.passenger.urban.PH","2025",26,2e+11,7.69e+09,2.01e-09,30000,256000
"iea6","bus.passenger.urban.PH","2030",25.5,2.83e+11,1.11e+10,1.88e-09,30000,369000
"iea6","bus.passenger.urban.PH","2035",25,3.69e+11,1.48e+10,1.79e-09,30000,492000
"iea6","bus.passenger.urban.PH","2040",24.5,4.6e+11,1.88e+10,1.72e-09,30000,625000
"iea6","bus.passenger.urban.PH","2045",24,5.52e+11,2.3e+10,1.67e-09,30000,767000
"iea6","bus.passenger.urban.PH","2050",23.5,6.45e+11,2.75e+10,1.63e-09,30000,916000
"iea6","bus.passenger.urban.EV","2011",27.3,4.75e+09,1.74e+08,6.3e-10,30000,5800
"iea6","bus.passenger.urban.EV","2015",27,1.97e+11,7.29e+09,6.23e-10,30000,243000
"iea6","bus.passenger.urban.EV","2020",26.5,2.19e+11,8.26e+09,6.08e-10,30000,275000
"iea6","bus.passenger.urban.EV","2025",26,2.31e+11,8.89e+09,5.98e-10,30000,296000
"iea6","bus.passenger.urban.EV","2030",25.5,2.38e+11,9.33e+09,5.89e-10,30000,311000
"iea6","bus.passenger.urban.EV","2035",25,2.38e+11,9.53e+09,5.83e-10,30000,318000
"iea6","bus.passenger.urban.EV","2040",24.5,2.34e+11,9.55e+09,5.78e-10,30000,318000
"iea6","bus.passenger.urban.EV","2045",24,2.26e+11,9.42e+09,5.74e-10,30000,314000
"iea6","bus.passenger.urban.EV","2050",23.5,2.15e+11,9.16e+09,5.7e-10,30000,305000
"iea6","bus.passenger.urban.H2","2011",27.3,0,0,1.73e-09,30000,0
"iea6","bus.passenger.urban.H2","2015",27,0,0,1.71e-09,30000,0
"iea6","bus.passenger.urban.H2","2020",26.5,0,0,1.67e-09,30000,0
"iea6","bus.passenger.urban.H2","2025",26,0,0,1.65e-09,30000,0
"iea6","bus.passenger.urban.H2","2030",25.5,0,0,1.62e-09,30000,0
"iea6","bus.passenger.urban.H2","2035",25,0,0,1.6e-09,30000,0
"iea6","bus.passenger.urban.H2","2040",24.5,0,0,1.59e-09,30000,0
"iea6","bus.passenger.urban.H2","2045",24,0,0,1.58e-09,30000,0
"iea6","bus.passenger.urban.H2","2050",23.5,0,0,1.57e-09,30000,0
"iea6","train.passenger.urban.fuel","2011",384,1.72e+11,4.49e+08,3.07e-08,150000,2990
"iea6","train.passenger.urban.fuel","2015",384,1.84e+11,4.79e+08,2.85e-08,150000,3190
"iea6","train.passenger.urban.fuel","2020",381,2.08e+11,5.46e+08,2.67e-08,150000,3640
"iea6","train.passenger.urban.fuel","2025",377,2.24e+11,5.93e+08,2.49e-08,150000,3950
"iea6","train.passenger.urban.fuel","2030",374,2.35e+11,6.28e+08,2.33e-08,150000,4190
"iea6","train.passenger.urban.fuel","2035",371,2.41e+11,6.49e+08,2.21e-08,150000,4320
"iea6","train.passenger.urban.fuel","2040",368,2.42e+11,6.58e+08,2.13e-08,150000,4390
"iea6","train.passenger.urban.fuel","2045",364,2.39e+11,6.56e+08,2.06e-08,150000,4370
"iea6","train.passenger.urban.fuel","2050",361,2.32e+11,6.44e+08,2.01e-08,150000,4290
"iea6","train.passenger.urban.elec","2011",384,1.55e+12,4.04e+09,1.26e-08,150000,26900
"iea6","train.passenger.urban.elec","2015",384,1.75e+12,4.57e+09,1.25e-08,150000,30400
"iea6","train.passenger.urban.elec","2020",381,1.97e+12,5.16e+09,1.22e-08,150000,34400
"iea6","train.passenger.urban.elec","2025",377,2.1e+12,5.56e+09,1.2e-08,150000,37100
"iea6","train.passenger.urban.elec","2030",374,2.18e+12,5.84e+09,1.18e-08,150000,38900
"iea6","train.passenger.urban.elec","2035",371,2.22e+12,5.98e+09,1.17e-08,150000,39900
"iea6","train.passenger.urban.elec","2040",368,2.21e+12,6.02e+09,1.16e-08,150000,40100
"iea6","train.passenger.urban.elec","2045",364,2.17e+12,5.95e+09,1.15e-08,150000,39700
"iea6","train.passenger.urban.elec","2050",361,2.09e+12,5.8e+09,1.15e-08,150000,38600
"iea6","walk.passenger.rural","2011",1,8.01e+11,8.01e+11,0,0,0
"iea6","walk.passenger.rural","2015",1,8.18e+11,8.18e+11,0,0,0
"iea6","walk.passenger.rural","2020",1,8.13e+11,8.13e+11,0,0,0
"iea6","walk.passenger.rural","2025",1,7.76e+11,7.76e+11,0,0,0
"iea6","walk.passenger.rural","2030",1,7.23e+11,7.23e+11,0,0,0
"iea6","walk.passenger.rural","2035",1,6.51e+11,6.51e+11,0,0,0
"iea6","walk.passenger.rural","2040",1,5.62e+11,5.62e+11,0,0,0
"iea6","walk.passenger.rural","2045",1,4.48e+11,4.48e+11,0,0,0
"iea6","walk.passenger.rural","2050",1,3.2e+11,3.2e+11,0,0,0
"iea6","bike.passenger.rural","2011",1,1.72e+12,1.72e+12,0,1000,1.72e+09
"iea6","bike.passenger.rural","2015",1,1.78e+12,1.78e+12,0,1000,1.78e+09
"iea6","bike.passenger.rural","2020",1,1.77e+12,1.77e+12,0,1000,1.77e+09
"iea6","bike.passenger.rural","2025",1,1.69e+12,1.69e+12,0,1000,1.69e+09
"iea6","bike.passenger.rural","2030",1,1.57e+12,1.57e+12,0,1000,1.57e+09
"iea6","bike.passenger.rural","2035",1,1.41e+12,1.41e+12,0,1000,1.41e+09
"iea6","bike.passenger.rural","2040",1,1.2e+12,1.2e+12,0,1000,1.2e+09
"iea6","bike.passenger.rural","2045",1,9.44e+11,9.44e+11,0,1000,9.44e+08
"iea6","bike.passenger.rural","2050",1,6.52e+11,6.52e+11,0,1000,6.52e+08
"iea6","motorbike.passenger.rural.fuel","2011",1,2.8e+12,2.8e+12,3.81e-10,10000,2.8e+08
"iea6","motorbike.passenger.rural.fuel","2015",1.01,2.97e+12,2.94e+12,3.54e-10,10000,2.94e+08
"iea6","motorbike.passenger.rural.fuel","2020",1.01,3.1e+12,3.06e+12,3.32e-10,10000,3.06e+08
"iea6","motorbike.passenger.rural.fuel","2025",1.02,3.14e+12,3.1e+12,3.09e-10,10000,3.1e+08
"iea6","motorbike.passenger.rural.fuel","2030",1.02,3.16e+12,3.1e+12,2.89e-10,10000,3.1e+08
"iea6","motorbike.passenger.rural.fuel","2035",1.02,3.13e+12,3.07e+12,2.74e-10,10000,3.07e+08
"iea6","motorbike.passenger.rural.fuel","2040",1.02,3.07e+12,3.01e+12,2.64e-10,10000,3.01e+08
"iea6","motorbike.passenger.rural.fuel","2045",1.03,2.93e+12,2.86e+12,2.56e-10,10000,2.86e+08
"iea6","motorbike.passenger.rural.fuel","2050",1.03,2.77e+12,2.69e+12,2.5e-10,10000,2.69e+08
"iea6","motorbike.passenger.rural.elec","2011",1,3.33e+10,3.33e+10,1.06e-10,10000,3330000
"iea6","motorbike.passenger.rural.elec","2015",1.01,2.3e+11,2.28e+11,1.05e-10,10000,22800000
"iea6","motorbike.passenger.rural.elec","2020",1.01,4.19e+11,4.14e+11,1.02e-10,10000,41400000
"iea6","motorbike.passenger.rural.elec","2025",1.02,6.25e+11,6.15e+11,1.01e-10,10000,61500000
"iea6","motorbike.passenger.rural.elec","2030",1.02,8.53e+11,8.38e+11,9.89e-11,10000,83800000
"iea6","motorbike.passenger.rural.elec","2035",1.02,1.1e+12,1.07e+12,9.8e-11,10000,1.07e+08
"iea6","motorbike.passenger.rural.elec","2040",1.02,1.36e+12,1.33e+12,9.72e-11,10000,1.33e+08
"iea6","motorbike.passenger.rural.elec","2045",1.03,1.6e+12,1.56e+12,9.65e-11,10000,1.56e+08
"iea6","motorbike.passenger.rural.elec","2050",1.03,1.84e+12,1.79e+12,9.58e-11,10000,1.79e+08
"iea6","car.passenger.rural.ICE.liquid","2011",1.8,8.41e+12,4.67e+12,7.63e-10,15000,3.11e+08
"iea6","car.passenger.rural.ICE.liquid","2015",1.8,9.01e+12,5.01e+12,7.07e-10,15000,3.34e+08
"iea6","car.passenger.rural.ICE.liquid","2020",1.78,9.73e+12,5.45e+12,6.64e-10,15000,3.64e+08
"iea6","car.passenger.rural.ICE.liquid","2025",1.77,1.04e+13,5.9e+12,6.17e-10,15000,3.93e+08
"iea6","car.passenger.rural.ICE.liquid","2030",1.75,1.12e+13,6.38e+12,5.78e-10,15000,4.25e+08
"iea6","car.passenger.rural.ICE.liquid","2035",1.74,1.2e+13,6.89e+12,5.48e-10,15000,4.59e+08
"iea6","car.passenger.rural.ICE.liquid","2040",1.72,1.28e+13,7.43e+12,5.28e-10,15000,4.95e+08
"iea6","car.passenger.rural.ICE.liquid","2045",1.71,1.35e+13,7.9e+12,5.12e-10,15000,5.27e+08
"iea6","car.passenger.rural.ICE.liquid","2050",1.69,1.42e+13,8.37e+12,4.99e-10,15000,5.58e+08
"iea6","car.passenger.rural.ICE.gas","2011",1.8,8.16e+10,4.53e+10,7.63e-10,15000,3020000
"iea6","car.passenger.rural.ICE.gas","2015",1.8,1.09e+11,6.06e+10,7.07e-10,15000,4040000
"iea6","car.passenger.rural.ICE.gas","2020",1.78,1.31e+11,7.33e+10,6.64e-10,15000,4890000
"iea6","car.passenger.rural.ICE.gas","2025",1.77,1.54e+11,8.73e+10,6.17e-10,15000,5820000
"iea6","car.passenger.rural.ICE.gas","2030",1.75,1.81e+11,1.03e+11,5.78e-10,15000,6880000
"iea6","car.passenger.rural.ICE.gas","2035",1.74,2.11e+11,1.21e+11,5.48e-10,15000,8080000
"iea6","car.passenger.rural.ICE.gas","2040",1.72,2.44e+11,1.41e+11,5.28e-10,15000,9430000
"iea6","car.passenger.rural.ICE.gas","2045",1.71,2.76e+11,1.62e+11,5.12e-10,15000,10800000
"iea6","car.passenger.rural.ICE.gas","2050",1.69,3.11e+11,1.84e+11,4.99e-10,15000,12300000
"iea6","car.passenger.rural.PH","2011",1.8,241000,134000,5.77e-10,15000,8.93
"iea6","car.passenger.rural.PH","2015",1.8,9.57e+10,5.32e+10,5.35e-10,15000,3540000
"iea6","car.passenger.rural.PH","2020",1.78,1.62e+11,9.07e+10,5.02e-10,15000,6050000
"iea6","car.passenger.rural.PH","2025",1.77,2.37e+11,1.34e+11,4.67e-10,15000,8950000
"iea6","car.passenger.rural.PH","2030",1.75,3.24e+11,1.85e+11,4.37e-10,15000,12300000
"iea6","car.passenger.rural.PH","2035",1.74,4.23e+11,2.43e+11,4.15e-10,15000,16200000
"iea6","car.passenger.rural.PH","2040",1.72,5.34e+11,3.1e+11,4e-10,15000,20700000
"iea6","car.passenger.rural.PH","2045",1.71,6.51e+11,3.81e+11,3.87e-10,15000,25400000
"iea6","car.passenger.rural.PH","2050",1.69,7.78e+11,4.6e+11,3.78e-10,15000,30600000
"iea6","car.passenger.rural.EV","2011",1.8,1.85e+10,1.03e+10,2.12e-10,15000,685000
"iea6","car.passenger.rural.EV","2015",1.8,1.14e+11,6.33e+10,2.09e-10,15000,4220000
"iea6","car.passenger.rural.EV","2020",1.78,1.35e+11,7.58e+10,2.04e-10,15000,5060000
"iea6","car.passenger.rural.EV","2025",1.77,1.59e+11,8.96e+10,2.01e-10,15000,5980000
"iea6","car.passenger.rural.EV","2030",1.75,1.85e+11,1.05e+11,1.98e-10,15000,7020000
"iea6","car.passenger.rural.EV","2035",1.74,2.14e+11,1.23e+11,1.96e-10,15000,8190000
"iea6","car.passenger.rural.EV","2040",1.72,2.46e+11,1.43e+11,1.94e-10,15000,9510000
"iea6","car.passenger.rural.EV","2045",1.71,2.78e+11,1.63e+11,1.93e-10,15000,10800000
"iea6","car.passenger.rural.EV","2050",1.69,3.11e+11,1.84e+11,1.92e-10,15000,12300000
"iea6","car.passenger.rural.H2","2011",1.8,0,0,4.19e-10,15000,0
"iea6","car.passenger.rural.H2","2015",1.8,0,0,4.15e-10,15000,0
"iea6","car.passenger.rural.H2","2020",1.78,0,0,4.04e-10,15000,0
"iea6","car.passenger.rural.H2","2025",1.77,0,0,3.98e-10,15000,0
"iea6","car.passenger.rural.H2","2030",1.75,0,0,3.92e-10,15000,0
"iea6","car.passenger.rural.H2","2035",1.74,0,0,3.88e-10,15000,0
"iea6","car.passenger.rural.H2","2040",1.72,0,0,3.85e-10,15000,0
"iea6","car.passenger.rural.H2","2045",1.71,0,0,3.82e-10,15000,0
"iea6","car.passenger.rural.H2","2050",1.69,0,0,3.79e-10,15000,0
"iea6","bus.passenger.rural.ICE.liquid","2011",27.3,2.02e+12,7.41e+10,2.85e-09,30000,2470000
"iea6","bus.passenger.rural.ICE.liquid","2015",27,2.15e+12,7.93e+10,2.65e-09,30000,2640000
"iea6","bus.passenger.rural.ICE.liquid","2020",26.5,2.38e+12,8.95e+10,2.48e-09,30000,2980000
"iea6","bus.passenger.rural.ICE.liquid","2025",26,2.57e+12,9.87e+10,2.31e-09,30000,3290000
"iea6","bus.passenger.rural.ICE.liquid","2030",25.5,2.76e+12,1.08e+11,2.16e-09,30000,3610000
"iea6","bus.passenger.rural.ICE.liquid","2035",25,2.95e+12,1.18e+11,2.05e-09,30000,3930000
"iea6","bus.passenger.rural.ICE.liquid","2040",24.5,3.14e+12,1.28e+11,1.98e-09,30000,4270000
"iea6","bus.passenger.rural.ICE.liquid","2045",24,3.26e+12,1.36e+11,1.92e-09,30000,4530000
"iea6","bus.passenger.rural.ICE.liquid","2050",23.5,3.37e+12,1.43e+11,1.87e-09,30000,4780000
"iea6","bus.passenger.rural.ICE.gas","2011",27.3,181000,6620,2.85e-09,30000,0.22
"iea6","bus.passenger.rural.ICE.gas","2015",27,1.13e+10,4.18e+08,2.65e-09,30000,13900
"iea6","bus.passenger.rural.ICE.gas","2020",26.5,2.13e+10,8.03e+08,2.48e-09,30000,26800
"iea6","bus.passenger.rural.ICE.gas","2025",26,3.27e+10,1.26e+09,2.31e-09,30000,41900
"iea6","bus.passenger.rural.ICE.gas","2030",25.5,4.57e+10,1.79e+09,2.16e-09,30000,59700
"iea6","bus.passenger.rural.ICE.gas","2035",25,6.01e+10,2.4e+09,2.05e-09,30000,80100
"iea6","bus.passenger.rural.ICE.gas","2040",24.5,7.62e+10,3.11e+09,1.98e-09,30000,104000
"iea6","bus.passenger.rural.ICE.gas","2045",24,9.21e+10,3.84e+09,1.92e-09,30000,128000
"iea6","bus.passenger.rural.ICE.gas","2050",23.5,1.09e+11,4.63e+09,1.87e-09,30000,154000
"iea6","bus.passenger.rural.PH","2011",27.3,0,0,2.48e-09,30000,0
"iea6","bus.passenger.rural.PH","2015",27,1.13e+10,4.18e+08,2.3e-09,30000,13900
"iea6","bus.passenger.rural.PH","2020",26.5,2.13e+10,8.03e+08,2.16e-09,30000,26800
"iea6","bus.passenger.rural.PH","2025",26,3.27e+10,1.26e+09,2.01e-09,30000,41900
"iea6","bus.passenger.rural.PH","2030",25.5,4.57e+10,1.79e+09,1.88e-09,30000,59700
"iea6","bus.passenger.rural.PH","2035",25,6.01e+10,2.4e+09,1.79e-09,30000,80100
"iea6","bus.passenger.rural.PH","2040",24.5,7.62e+10,3.11e+09,1.72e-09,30000,104000
"iea6","bus.passenger.rural.PH","2045",24,9.21e+10,3.84e+09,1.67e-09,30000,128000
"iea6","bus.passenger.rural.PH","2050",23.5,1.09e+11,4.63e+09,1.63e-09,30000,154000
"iea6","bus.passenger.rural.EV","2011",27.3,9e+08,32900000,6.3e-10,30000,1100
"iea6","bus.passenger.rural.EV","2015",27,3.48e+10,1.29e+09,6.23e-10,30000,42900
"iea6","bus.passenger.rural.EV","2020",26.5,3.67e+10,1.38e+09,6.08e-10,30000,46100
"iea6","bus.passenger.rural.EV","2025",26,3.78e+10,1.45e+09,5.98e-10,30000,48400
"iea6","bus.passenger.rural.EV","2030",25.5,3.85e+10,1.51e+09,5.89e-10,30000,50300
"iea6","bus.passenger.rural.EV","2035",25,3.88e+10,1.55e+09,5.83e-10,30000,51700
"iea6","bus.passenger.rural.EV","2040",24.5,3.88e+10,1.58e+09,5.78e-10,30000,52700
"iea6","bus.passenger.rural.EV","2045",24,3.77e+10,1.57e+09,5.74e-10,30000,52400
"iea6","bus.passenger.rural.EV","2050",23.5,3.62e+10,1.54e+09,5.7e-10,30000,51400
"iea6","bus.passenger.rural.H2","2011",27.3,0,0,1.73e-09,30000,0
"iea6","bus.passenger.rural.H2","2015",27,0,0,1.71e-09,30000,0
"iea6","bus.passenger.rural.H2","2020",26.5,0,0,1.67e-09,30000,0
"iea6","bus.passenger.rural.H2","2025",26,0,0,1.65e-09,30000,0
"iea6","bus.passenger.rural.H2","2030",25.5,0,0,1.62e-09,30000,0
"iea6","bus.passenger.rural.H2","2035",25,0,0,1.6e-09,30000,0
"iea6","bus.passenger.rural.H2","2040",24.5,0,0,1.59e-09,30000,0
"iea6","bus.passenger.rural.H2","2045",24,0,0,1.58e-09,30000,0
"iea6","bus.passenger.rural.H2","2050",23.5,0,0,1.57e-09,30000,0
"iea6","train.passenger.rural.fuel","2011",384,9.79e+11,2.55e+09,3.07e-08,150000,17000
"iea6","train.passenger.rural.fuel","2015",384,1.03e+12,2.67e+09,2.85e-08,150000,17800
"iea6","train.passenger.rural.fuel","2020",381,1.1e+12,2.89e+09,2.67e-08,150000,19300
"iea6","train.passenger.rural.fuel","2025",377,1.15e+12,3.04e+09,2.49e-08,150000,20200
"iea6","train.passenger.rural.fuel","2030",374,1.18e+12,3.16e+09,2.33e-08,150000,21100
"iea6","train.passenger.rural.fuel","2035",371,1.2e+12,3.25e+09,2.21e-08,150000,21700
"iea6","train.passenger.rural.fuel","2040",368,1.21e+12,3.3e+09,2.13e-08,150000,22000
"iea6","train.passenger.rural.fuel","2045",364,1.19e+12,3.27e+09,2.06e-08,150000,21800
"iea6","train.passenger.rural.fuel","2050",361,1.15e+12,3.19e+09,2.01e-08,150000,21300
"iea6","train.passenger.rural.elec","2011",384,1.99e+12,5.18e+09,1.26e-08,150000,34500
"iea6","train.passenger.rural.elec","2015",384,2.16e+12,5.63e+09,1.25e-08,150000,37600
"iea6","train.passenger.rural.elec","2020",381,2.31e+12,6.06e+09,1.22e-08,150000,40400
"iea6","train.passenger.rural.elec","2025",377,2.39e+12,6.33e+09,1.2e-08,150000,42200
"iea6","train.passenger.rural.elec","2030",374,2.45e+12,6.56e+09,1.18e-08,150000,43700
"iea6","train.passenger.rural.elec","2035",371,2.49e+12,6.7e+09,1.17e-08,150000,44700
"iea6","train.passenger.rural.elec","2040",368,2.49e+12,6.78e+09,1.16e-08,150000,45200
"iea6","train.passenger.rural.elec","2045",364,2.43e+12,6.68e+09,1.15e-08,150000,44500
"iea6","train.passenger.rural.elec","2050",361,2.34e+12,6.48e+09,1.15e-08,150000,43200
"iea6","plane.passenger.international.short.fuel","2011",119,1.91e+12,1.61e+10,8.43e-08,1800000,8960
"iea6","plane.passenger.international.short.fuel","2015",120,2.16e+12,1.8e+10,7.82e-08,1800000,10000
"iea6","plane.passenger.international.short.fuel","2020",120,2.3e+12,1.91e+10,7.34e-08,1800000,10600
"iea6","plane.passenger.international.short.fuel","2025",121,2.44e+12,2.02e+10,6.83e-08,1800000,11200
"iea6","plane.passenger.international.short.fuel","2030",121,2.57e+12,2.12e+10,6.39e-08,1800000,11800
"iea6","plane.passenger.international.short.fuel","2035",122,2.71e+12,2.22e+10,6.06e-08,1800000,12300
"iea6","plane.passenger.international.short.fuel","2040",122,2.84e+12,2.32e+10,5.84e-08,1800000,12900
"iea6","plane.passenger.international.short.fuel","2045",123,2.97e+12,2.41e+10,5.66e-08,1800000,13400
"iea6","plane.passenger.international.short.fuel","2050",123,3.09e+12,2.5e+10,5.52e-08,1800000,13900
"iea6","plane.passenger.international.short.H2","2011",119,0,0,8.43e-08,1800000,0
"iea6","plane.passenger.international.short.H2","2015",120,0,0,8.35e-08,1800000,0
"iea6","plane.passenger.international.short.H2","2020",120,0,0,8.14e-08,1800000,0
"iea6","plane.passenger.international.short.H2","2025",121,0,0,8.01e-08,1800000,0
"iea6","plane.passenger.international.short.H2","2030",121,0,0,7.89e-08,1800000,0
"iea6","plane.passenger.international.short.H2","2035",122,0,0,7.82e-08,1800000,0
"iea6","plane.passenger.international.short.H2","2040",122,0,0,7.75e-08,1800000,0
"iea6","plane.passenger.international.short.H2","2045",123,0,0,7.69e-08,1800000,0
"iea6","plane.passenger.international.short.H2","2050",123,0,0,7.64e-08,1800000,0
"iea6","plane.passenger.international.long.fuel","2011",119,3.42e+12,2.89e+10,6.07e-08,1800000,16000
"iea6","plane.passenger.international.long.fuel","2015",120,3.98e+12,3.32e+10,5.62e-08,1800000,18500
"iea6","plane.passenger.international.long.fuel","2020",120,4.45e+12,3.69e+10,5.28e-08,1800000,20500
"iea6","plane.passenger.international.long.fuel","2025",121,4.95e+12,4.1e+10,4.91e-08,1800000,22800
"iea6","plane.passenger.international.long.fuel","2030",121,5.52e+12,4.54e+10,4.59e-08,1800000,25200
"iea6","plane.passenger.international.long.fuel","2035",122,6.14e+12,5.04e+10,4.36e-08,1800000,28000
"iea6","plane.passenger.international.long.fuel","2040",122,6.85e+12,5.59e+10,4.2e-08,1800000,31100
"iea6","plane.passenger.international.long.fuel","2045",123,7.64e+12,6.22e+10,4.07e-08,1800000,34500
"iea6","plane.passenger.international.long.fuel","2050",123,8.53e+12,6.92e+10,3.97e-08,1800000,38400
"iea6","plane.passenger.international.long.H2","2011",119,0,0,6.07e-08,1800000,0
"iea6","plane.passenger.international.long.H2","2015",120,0,0,6.01e-08,1800000,0
"iea6","plane.passenger.international.long.H2","2020",120,0,0,5.86e-08,1800000,0
"iea6","plane.passenger.international.long.H2","2025",121,0,0,5.76e-08,1800000,0
"iea6","plane.passenger.international.long.H2","2030",121,0,0,5.67e-08,1800000,0
"iea6","plane.passenger.international.long.H2","2035",122,0,0,5.62e-08,1800000,0
"iea6","plane.passenger.international.long.H2","2040",122,0,0,5.57e-08,1800000,0
"iea6","plane.passenger.international.long.H2","2045",123,0,0,5.53e-08,1800000,0
"iea6","plane.passenger.international.long.H2","2050",123,0,0,5.49e-08,1800000,0
"iea6","train.passenger.international.fuel","2011",384,0,0,3.07e-08,150000,0
"iea6","train.passenger.international.fuel","2015",388,2.73e+10,70200000,2.85e-08,150000,468
"iea6","train.passenger.international.fuel","2020",390,8.11e+10,2.08e+08,2.67e-08,150000,1390
"iea6","train.passenger.international.fuel","2025",392,1.54e+11,3.94e+08,2.49e-08,150000,2630
"iea6","train.passenger.international.fuel","2030",393,2.52e+11,6.41e+08,2.33e-08,150000,4270
"iea6","train.passenger.international.fuel","2035",395,3.8e+11,9.62e+08,2.21e-08,150000,6410
"iea6","train.passenger.international.fuel","2040",397,5.45e+11,1.38e+09,2.13e-08,150000,9170
"iea6","train.passenger.international.fuel","2045",398,7.58e+11,1.9e+09,2.06e-08,150000,12700
"iea6","train.passenger.international.fuel","2050",400,1.03e+12,2.57e+09,2.01e-08,150000,17100
"iea6","train.passenger.international.elec","2011",384,0,0,1.26e-08,150000,0
"iea6","train.passenger.international.elec","2015",388,5.36e+10,1.38e+08,1.25e-08,150000,920
"iea6","train.passenger.international.elec","2020",390,1.44e+11,3.69e+08,1.22e-08,150000,2460
"iea6","train.passenger.international.elec","2025",392,2.48e+11,6.33e+08,1.2e-08,150000,4220
"iea6","train.passenger.international.elec","2030",393,3.67e+11,9.34e+08,1.18e-08,150000,6230
"iea6","train.passenger.international.elec","2035",395,5.03e+11,1.27e+09,1.17e-08,150000,8500
"iea6","train.passenger.international.elec","2040",397,6.57e+11,1.66e+09,1.16e-08,150000,11100
"iea6","train.passenger.international.elec","2045",398,8.31e+11,2.09e+09,1.15e-08,150000,13900
"iea6","train.passenger.international.elec","2050",400,1.03e+12,2.57e+09,1.15e-08,150000,17100
"iea4","walk.passenger.urban","2011",1,2.7e+12,2.7e+12,0,0,0
"iea4","walk.passenger.urban","2015",1,3.05e+12,3.05e+12,0,0,0
"iea4","walk.passenger.urban","2020",1,3.38e+12,3.38e+12,0,0,0
"iea4","walk.passenger.urban","2025",1,3.53e+12,3.53e+12,0,0,0
"iea4","walk.passenger.urban","2030",1,3.57e+12,3.57e+12,0,0,0
"iea4","walk.passenger.urban","2035",1,3.47e+12,3.47e+12,0,0,0
"iea4","walk.passenger.urban","2040",1,3.26e+12,3.26e+12,0,0,0
"iea4","walk.passenger.urban","2045",1,2.97e+12,2.97e+12,0,0,0
"iea4","walk.passenger.urban","2050",1,2.59e+12,2.59e+12,0,0,0
"iea4","bike.passenger.urban","2011",1,1.91e+12,1.91e+12,0,1000,1.91e+09
"iea4","bike.passenger.urban","2015",1,2.17e+12,2.17e+12,0,1000,2.17e+09
"iea4","bike.passenger.urban","2020",1,2.41e+12,2.41e+12,0,1000,2.41e+09
"iea4","bike.passenger.urban","2025",1,2.52e+12,2.52e+12,0,1000,2.52e+09
"iea4","bike.passenger.urban","2030",1,2.56e+12,2.56e+12,0,1000,2.56e+09
"iea4","bike.passenger.urban","2035",1,2.49e+12,2.49e+12,0,1000,2.49e+09
"iea4","bike.passenger.urban","2040",1,2.35e+12,2.35e+12,0,1000,2.35e+09
"iea4","bike.passenger.urban","2045",1,2.14e+12,2.14e+12,0,1000,2.14e+09
"iea4","bike.passenger.urban","2050",1,1.88e+12,1.88e+12,0,1000,1.88e+09
"iea4","motorbike.passenger.urban.fuel","2011",1.09,3.49e+12,3.21e+12,3.81e-10,10000,3.21e+08
"iea4","motorbike.passenger.urban.fuel","2015",1.1,4.02e+12,3.65e+12,3.54e-10,10000,3.65e+08
"iea4","motorbike.passenger.urban.fuel","2020",1.1,4.71e+12,4.27e+12,3.29e-10,10000,4.27e+08
"iea4","motorbike.passenger.urban.fuel","2025",1.11,5.23e+12,4.73e+12,3.02e-10,10000,4.73e+08
"iea4","motorbike.passenger.urban.fuel","2030",1.11,5.66e+12,5.1e+12,2.81e-10,10000,5.1e+08
"iea4","motorbike.passenger.urban.fuel","2035",1.11,5.94e+12,5.34e+12,2.66e-10,10000,5.34e+08
"iea4","motorbike.passenger.urban.fuel","2040",1.11,6.11e+12,5.48e+12,2.54e-10,10000,5.48e+08
"iea4","motorbike.passenger.urban.fuel","2045",1.12,6.19e+12,5.54e+12,2.44e-10,10000,5.54e+08
"iea4","motorbike.passenger.urban.fuel","2050",1.12,6.17e+12,5.51e+12,2.38e-10,10000,5.51e+08
"iea4","motorbike.passenger.urban.elec","2011",1.09,4.16e+10,3.82e+10,1.06e-10,10000,3820000
"iea4","motorbike.passenger.urban.elec","2015",1.1,3.03e+11,2.75e+11,1.05e-10,10000,27500000
"iea4","motorbike.passenger.urban.elec","2020",1.1,6.43e+11,5.82e+11,1.02e-10,10000,58200000
"iea4","motorbike.passenger.urban.elec","2025",1.11,1.07e+12,9.69e+11,9.99e-11,10000,96900000
"iea4","motorbike.passenger.urban.elec","2030",1.11,1.6e+12,1.44e+12,9.77e-11,10000,1.44e+08
"iea4","motorbike.passenger.urban.elec","2035",1.11,2.2e+12,1.98e+12,9.65e-11,10000,1.98e+08
"iea4","motorbike.passenger.urban.elec","2040",1.11,2.88e+12,2.58e+12,9.52e-11,10000,2.58e+08
"iea4","motorbike.passenger.urban.elec","2045",1.12,3.63e+12,3.25e+12,9.44e-11,10000,3.25e+08
"iea4","motorbike.passenger.urban.elec","2050",1.12,4.47e+12,3.99e+12,9.35e-11,10000,3.99e+08
"iea4","car.passenger.urban.ICE.liquid","2011",1.6,1.27e+13,7.91e+12,7.63e-10,15000,5.27e+08
"iea4","car.passenger.urban.ICE.liquid","2015",1.6,1.51e+13,9.44e+12,7.07e-10,15000,6.29e+08
"iea4","car.passenger.urban.ICE.liquid","2020",1.59,1.81e+13,1.14e+13,6.58e-10,15000,7.6e+08
"iea4","car.passenger.urban.ICE.liquid","2025",1.57,2.08e+13,1.32e+13,6.05e-10,15000,8.83e+08
"iea4","car.passenger.urban.ICE.liquid","2030",1.56,2.36e+13,1.51e+13,5.63e-10,15000,1.01e+09
"iea4","car.passenger.urban.ICE.liquid","2035",1.55,2.62e+13,1.7e+13,5.33e-10,15000,1.13e+09
"iea4","car.passenger.urban.ICE.liquid","2040",1.53,2.87e+13,1.88e+13,5.07e-10,15000,1.25e+09
"iea4","car.passenger.urban.ICE.liquid","2045",1.52,3.12e+13,2.06e+13,4.89e-10,15000,1.37e+09
"iea4","car.passenger.urban.ICE.liquid","2050",1.5,3.37e+13,2.24e+13,4.77e-10,15000,1.49e+09
"iea4","car.passenger.urban.ICE.gas","2011",1.6,1.23e+11,7.68e+10,7.63e-10,15000,5120000
"iea4","car.passenger.urban.ICE.gas","2015",1.6,1.56e+11,9.73e+10,7.07e-10,15000,6490000
"iea4","car.passenger.urban.ICE.gas","2020",1.59,2.18e+11,1.37e+11,6.58e-10,15000,9160000
"iea4","car.passenger.urban.ICE.gas","2025",1.57,2.89e+11,1.83e+11,6.05e-10,15000,12200000
"iea4","car.passenger.urban.ICE.gas","2030",1.56,3.7e+11,2.37e+11,5.63e-10,15000,15800000
"iea4","car.passenger.urban.ICE.gas","2035",1.55,4.6e+11,2.98e+11,5.33e-10,15000,19800000
"iea4","car.passenger.urban.ICE.gas","2040",1.53,5.6e+11,3.65e+11,5.07e-10,15000,24400000
"iea4","car.passenger.urban.ICE.gas","2045",1.52,6.69e+11,4.41e+11,4.89e-10,15000,29400000
"iea4","car.passenger.urban.ICE.gas","2050",1.5,7.89e+11,5.25e+11,4.77e-10,15000,3.5e+07
"iea4","car.passenger.urban.PH","2011",1.6,363000,227000,5.77e-10,15000,15.1
"iea4","car.passenger.urban.PH","2015",1.6,1.56e+11,9.73e+10,5.35e-10,15000,6490000
"iea4","car.passenger.urban.PH","2020",1.59,3.1e+11,1.95e+11,4.98e-10,15000,1.3e+07
"iea4","car.passenger.urban.PH","2025",1.57,5.02e+11,3.19e+11,4.58e-10,15000,21300000
"iea4","car.passenger.urban.PH","2030",1.56,7.36e+11,4.72e+11,4.26e-10,15000,31500000
"iea4","car.passenger.urban.PH","2035",1.55,1.01e+12,6.53e+11,4.03e-10,15000,43500000
"iea4","car.passenger.urban.PH","2040",1.53,1.32e+12,8.62e+11,3.84e-10,15000,57500000
"iea4","car.passenger.urban.PH","2045",1.52,1.67e+12,1.1e+12,3.7e-10,15000,73500000
"iea4","car.passenger.urban.PH","2050",1.5,2.07e+12,1.37e+12,3.61e-10,15000,91600000
"iea4","car.passenger.urban.EV","2011",1.6,2.78e+10,1.74e+10,2.12e-10,15000,1160000
"iea4","car.passenger.urban.EV","2015",1.6,1.56e+11,9.73e+10,2.09e-10,15000,6490000
"iea4","car.passenger.urban.EV","2020",1.59,2.37e+11,1.49e+11,2.04e-10,15000,9950000
"iea4","car.passenger.urban.EV","2025",1.57,3.32e+11,2.11e+11,2e-10,15000,14100000
"iea4","car.passenger.urban.EV","2030",1.56,4.45e+11,2.86e+11,1.95e-10,15000,1.9e+07
"iea4","car.passenger.urban.EV","2035",1.55,5.73e+11,3.71e+11,1.93e-10,15000,24700000
"iea4","car.passenger.urban.EV","2040",1.53,7.16e+11,4.68e+11,1.9e-10,15000,31200000
"iea4","car.passenger.urban.EV","2045",1.52,8.75e+11,5.77e+11,1.89e-10,15000,38500000
"iea4","car.passenger.urban.EV","2050",1.5,1.05e+12,6.99e+11,1.87e-10,15000,46600000
"iea4","car.passenger.urban.H2","2011",1.6,0,0,4.19e-10,15000,0
"iea4","car.passenger.urban.H2","2015",1.6,0,0,4.15e-10,15000,0
"iea4","car.passenger.urban.H2","2020",1.59,0,0,4.04e-10,15000,0
"iea4","car.passenger.urban.H2","2025",1.57,0,0,3.96e-10,15000,0
"iea4","car.passenger.urban.H2","2030",1.56,0,0,3.87e-10,15000,0
"iea4","car.passenger.urban.H2","2035",1.55,0,0,3.82e-10,15000,0
"iea4","car.passenger.urban.H2","2040",1.53,0,0,3.77e-10,15000,0
"iea4","car.passenger.urban.H2","2045",1.52,0,0,3.74e-10,15000,0
"iea4","car.passenger.urban.H2","2050",1.5,0,0,3.7e-10,15000,0
"iea4","bus.passenger.urban.ICE.liquid","2011",27.3,1.07e+13,3.91e+11,2.85e-09,30000,1.3e+07
"iea4","bus.passenger.urban.ICE.liquid","2015",27,1.21e+13,4.48e+11,2.65e-09,30000,14900000
"iea4","bus.passenger.urban.ICE.liquid","2020",26.5,1.41e+13,5.3e+11,2.46e-09,30000,17700000
"iea4","bus.passenger.urban.ICE.liquid","2025",26,1.56e+13,5.99e+11,2.26e-09,30000,2e+07
"iea4","bus.passenger.urban.ICE.liquid","2030",25.5,1.69e+13,6.62e+11,2.1e-09,30000,22100000
"iea4","bus.passenger.urban.ICE.liquid","2035",25,1.79e+13,7.15e+11,1.99e-09,30000,23800000
"iea4","bus.passenger.urban.ICE.liquid","2040",24.5,1.86e+13,7.61e+11,1.9e-09,30000,25400000
"iea4","bus.passenger.urban.ICE.liquid","2045",24,1.92e+13,8e+11,1.83e-09,30000,26700000
"iea4","bus.passenger.urban.ICE.liquid","2050",23.5,1.96e+13,8.35e+11,1.78e-09,30000,27800000
"iea4","bus.passenger.urban.ICE.gas","2011",27.3,955000,35000,2.85e-09,30000,1.17
"iea4","bus.passenger.urban.ICE.gas","2015",27,1.25e+11,4.62e+09,2.65e-09,30000,154000
"iea4","bus.passenger.urban.ICE.gas","2020",26.5,1.93e+11,7.26e+09,2.46e-09,30000,242000
"iea4","bus.passenger.urban.ICE.gas","2025",26,2.67e+11,1.02e+10,2.26e-09,30000,341000
"iea4","bus.passenger.urban.ICE.gas","2030",25.5,3.48e+11,1.36e+10,2.1e-09,30000,454000
"iea4","bus.passenger.urban.ICE.gas","2035",25,4.31e+11,1.72e+10,1.99e-09,30000,574000
"iea4","bus.passenger.urban.ICE.gas","2040",24.5,5.16e+11,2.11e+10,1.9e-09,30000,702000
"iea4","bus.passenger.urban.ICE.gas","2045",24,6.02e+11,2.51e+10,1.83e-09,30000,837000
"iea4","bus.passenger.urban.ICE.gas","2050",23.5,6.88e+11,2.93e+10,1.78e-09,30000,977000
"iea4","bus.passenger.urban.PH","2011",27.3,0,0,2.48e-09,30000,0
"iea4","bus.passenger.urban.PH","2015",27,6.41e+10,2.37e+09,2.3e-09,30000,79000
"iea4","bus.passenger.urban.PH","2020",26.5,1.31e+11,4.95e+09,2.14e-09,30000,165000
"iea4","bus.passenger.urban.PH","2025",26,2.1e+11,8.05e+09,1.97e-09,30000,268000
"iea4","bus.passenger.urban.PH","2030",25.5,2.98e+11,1.17e+10,1.83e-09,30000,389000
"iea4","bus.passenger.urban.PH","2035",25,3.91e+11,1.56e+10,1.74e-09,30000,521000
"iea4","bus.passenger.urban.PH","2040",24.5,4.88e+11,1.99e+10,1.65e-09,30000,664000
"iea4","bus.passenger.urban.PH","2045",24,5.88e+11,2.45e+10,1.59e-09,30000,816000
"iea4","bus.passenger.urban.PH","2050",23.5,6.88e+11,2.93e+10,1.55e-09,30000,977000
"iea4","bus.passenger.urban.EV","2011",27.3,4.75e+09,1.74e+08,6.3e-10,30000,5800
"iea4","bus.passenger.urban.EV","2015",27,1.97e+11,7.29e+09,6.23e-10,30000,243000
"iea4","bus.passenger.urban.EV","2020",26.5,2.48e+11,9.36e+09,6.08e-10,30000,312000
"iea4","bus.passenger.urban.EV","2025",26,2.97e+11,1.14e+10,5.95e-10,30000,380000
"iea4","bus.passenger.urban.EV","2030",25.5,3.46e+11,1.35e+10,5.82e-10,30000,451000
"iea4","bus.passenger.urban.EV","2035",25,3.91e+11,1.56e+10,5.74e-10,30000,521000
"iea4","bus.passenger.urban.EV","2040",24.5,4.35e+11,1.77e+10,5.67e-10,30000,591000
"iea4","bus.passenger.urban.EV","2045",24,4.76e+11,1.99e+10,5.62e-10,30000,662000
"iea4","bus.passenger.urban.EV","2050",23.5,5.16e+11,2.2e+10,5.57e-10,30000,733000
"iea4","bus.passenger.urban.H2","2011",27.3,0,0,1.73e-09,30000,0
"iea4","bus.passenger.urban.H2","2015",27,0,0,1.71e-09,30000,0
"iea4","bus.passenger.urban.H2","2020",26.5,0,0,1.67e-09,30000,0
"iea4","bus.passenger.urban.H2","2025",26,0,0,1.64e-09,30000,0
"iea4","bus.passenger.urban.H2","2030",25.5,0,0,1.6e-09,30000,0
"iea4","bus.passenger.urban.H2","2035",25,0,0,1.58e-09,30000,0
"iea4","bus.passenger.urban.H2","2040",24.5,0,0,1.56e-09,30000,0
"iea4","bus.passenger.urban.H2","2045",24,0,0,1.54e-09,30000,0
"iea4","bus.passenger.urban.H2","2050",23.5,0,0,1.53e-09,30000,0
"iea4","train.passenger.urban.fuel","2011",384,1.72e+11,4.49e+08,3.07e-08,150000,2990
"iea4","train.passenger.urban.fuel","2015",384,1.84e+11,4.79e+08,2.85e-08,150000,3190
"iea4","train.passenger.urban.fuel","2020",381,2.06e+11,5.42e+08,2.65e-08,150000,3610
"iea4","train.passenger.urban.fuel","2025",377,2.2e+11,5.84e+08,2.44e-08,150000,3890
"iea4","train.passenger.urban.fuel","2030",374,2.3e+11,6.14e+08,2.27e-08,150000,4090
"iea4","train.passenger.urban.fuel","2035",371,2.34e+11,6.3e+08,2.15e-08,150000,4200
"iea4","train.passenger.urban.fuel","2040",368,2.33e+11,6.34e+08,2.04e-08,150000,4230
"iea4","train.passenger.urban.fuel","2045",364,2.29e+11,6.28e+08,1.97e-08,150000,4190
"iea4","train.passenger.urban.fuel","2050",361,2.21e+11,6.12e+08,1.92e-08,150000,4080
"iea4","train.passenger.urban.elec","2011",384,1.55e+12,4.04e+09,1.26e-08,150000,26900
"iea4","train.passenger.urban.elec","2015",384,1.75e+12,4.57e+09,1.25e-08,150000,30400
"iea4","train.passenger.urban.elec","2020",381,1.97e+12,5.17e+09,1.22e-08,150000,34500
"iea4","train.passenger.urban.elec","2025",377,2.1e+12,5.57e+09,1.19e-08,150000,37100
"iea4","train.passenger.urban.elec","2030",374,2.19e+12,5.85e+09,1.17e-08,150000,39000
"iea4","train.passenger.urban.elec","2035",371,2.23e+12,6e+09,1.15e-08,150000,40000
"iea4","train.passenger.urban.elec","2040",368,2.22e+12,6.04e+09,1.14e-08,150000,40300
"iea4","train.passenger.urban.elec","2045",364,2.18e+12,5.98e+09,1.13e-08,150000,39900
"iea4","train.passenger.urban.elec","2050",361,2.1e+12,5.83e+09,1.12e-08,150000,38800
"iea4","walk.passenger.rural","2011",1,8.01e+11,8.01e+11,0,0,0
"iea4","walk.passenger.rural","2015",1,8.18e+11,8.18e+11,0,0,0
"iea4","walk.passenger.rural","2020",1,8.13e+11,8.13e+11,0,0,0
"iea4","walk.passenger.rural","2025",1,7.76e+11,7.76e+11,0,0,0
"iea4","walk.passenger.rural","2030",1,7.23e+11,7.23e+11,0,0,0
"iea4","walk.passenger.rural","2035",1,6.51e+11,6.51e+11,0,0,0
"iea4","walk.passenger.rural","2040",1,5.62e+11,5.62e+11,0,0,0
"iea4","walk.passenger.rural","2045",1,4.48e+11,4.48e+11,0,0,0
"iea4","walk.passenger.rural","2050",1,3.2e+11,3.2e+11,0,0,0
"iea4","bike.passenger.rural","2011",1,1.72e+12,1.72e+12,0,1000,1.72e+09
"iea4","bike.passenger.rural","2015",1,1.78e+12,1.78e+12,0,1000,1.78e+09
"iea4","bike.passenger.rural","2020",1,1.77e+12,1.77e+12,0,1000,1.77e+09
"iea4","bike.passenger.rural","2025",1,1.69e+12,1.69e+12,0,1000,1.69e+09
"iea4","bike.passenger.rural","2030",1,1.57e+12,1.57e+12,0,1000,1.57e+09
"iea4","bike.passenger.rural","2035",1,1.41e+12,1.41e+12,0,1000,1.41e+09
"iea4","bike.passenger.rural","2040",1,1.2e+12,1.2e+12,0,1000,1.2e+09
"iea4","bike.passenger.rural","2045",1,9.44e+11,9.44e+11,0,1000,9.44e+08
"iea4","bike.passenger.rural","2050",1,6.52e+11,6.52e+11,0,1000,6.52e+08
"iea4","motorbike.passenger.rural.fuel","2011",1,2.8e+12,2.8e+12,3.81e-10,10000,2.8e+08
"iea4","motorbike.passenger.rural.fuel","2015",1.01,2.97e+12,2.94e+12,3.54e-10,10000,2.94e+08
"iea4","motorbike.passenger.rural.fuel","2020",1.01,3.09e+12,3.05e+12,3.29e-10,10000,3.05e+08
"iea4","motorbike.passenger.rural.fuel","2025",1.02,3.12e+12,3.07e+12,3.02e-10,10000,3.07e+08
"iea4","motorbike.passenger.rural.fuel","2030",1.02,3.12e+12,3.07e+12,2.81e-10,10000,3.07e+08
"iea4","motorbike.passenger.rural.fuel","2035",1.02,3.08e+12,3.02e+12,2.66e-10,10000,3.02e+08
"iea4","motorbike.passenger.rural.fuel","2040",1.02,3.01e+12,2.94e+12,2.54e-10,10000,2.94e+08
"iea4","motorbike.passenger.rural.fuel","2045",1.03,2.86e+12,2.79e+12,2.44e-10,10000,2.79e+08
"iea4","motorbike.passenger.rural.fuel","2050",1.03,2.67e+12,2.6e+12,2.38e-10,10000,2.6e+08
"iea4","motorbike.passenger.rural.elec","2011",1,3.33e+10,3.33e+10,1.06e-10,10000,3330000
"iea4","motorbike.passenger.rural.elec","2015",1.01,2.3e+11,2.28e+11,1.05e-10,10000,22800000
"iea4","motorbike.passenger.rural.elec","2020",1.01,4.29e+11,4.24e+11,1.02e-10,10000,42400000
"iea4","motorbike.passenger.rural.elec","2025",1.02,6.46e+11,6.36e+11,9.99e-11,10000,63600000
"iea4","motorbike.passenger.rural.elec","2030",1.02,8.87e+11,8.72e+11,9.77e-11,10000,87200000
"iea4","motorbike.passenger.rural.elec","2035",1.02,1.14e+12,1.12e+12,9.65e-11,10000,1.12e+08
"iea4","motorbike.passenger.rural.elec","2040",1.02,1.42e+12,1.39e+12,9.52e-11,10000,1.39e+08
"iea4","motorbike.passenger.rural.elec","2045",1.03,1.68e+12,1.64e+12,9.44e-11,10000,1.64e+08
"iea4","motorbike.passenger.rural.elec","2050",1.03,1.94e+12,1.88e+12,9.35e-11,10000,1.88e+08
"iea4","car.passenger.rural.ICE.liquid","2011",1.8,8.41e+12,4.67e+12,7.63e-10,15000,3.11e+08
"iea4","car.passenger.rural.ICE.liquid","2015",1.8,9.01e+12,5.01e+12,7.07e-10,15000,3.34e+08
"iea4","car.passenger.rural.ICE.liquid","2020",1.78,9.71e+12,5.44e+12,6.58e-10,15000,3.63e+08
"iea4","car.passenger.rural.ICE.liquid","2025",1.77,1.04e+13,5.87e+12,6.05e-10,15000,3.92e+08
"iea4","car.passenger.rural.ICE.liquid","2030",1.75,1.11e+13,6.34e+12,5.63e-10,15000,4.22e+08
"iea4","car.passenger.rural.ICE.liquid","2035",1.74,1.19e+13,6.83e+12,5.33e-10,15000,4.55e+08
"iea4","car.passenger.rural.ICE.liquid","2040",1.72,1.27e+13,7.35e+12,5.07e-10,15000,4.9e+08
"iea4","car.passenger.rural.ICE.liquid","2045",1.71,1.33e+13,7.8e+12,4.89e-10,15000,5.2e+08
"iea4","car.passenger.rural.ICE.liquid","2050",1.69,1.39e+13,8.24e+12,4.77e-10,15000,5.49e+08
"iea4","car.passenger.rural.ICE.gas","2011",1.8,8.16e+10,4.53e+10,7.63e-10,15000,3020000
"iea4","car.passenger.rural.ICE.gas","2015",1.8,1.09e+11,6.06e+10,7.07e-10,15000,4040000
"iea4","car.passenger.rural.ICE.gas","2020",1.78,1.32e+11,7.41e+10,6.58e-10,15000,4940000
"iea4","car.passenger.rural.ICE.gas","2025",1.77,1.58e+11,8.91e+10,6.05e-10,15000,5940000
"iea4","car.passenger.rural.ICE.gas","2030",1.75,1.86e+11,1.06e+11,5.63e-10,15000,7070000
"iea4","car.passenger.rural.ICE.gas","2035",1.74,2.18e+11,1.25e+11,5.33e-10,15000,8360000
"iea4","car.passenger.rural.ICE.gas","2040",1.72,2.54e+11,1.47e+11,5.07e-10,15000,9810000
"iea4","car.passenger.rural.ICE.gas","2045",1.71,2.89e+11,1.69e+11,4.89e-10,15000,11300000
"iea4","car.passenger.rural.ICE.gas","2050",1.69,3.27e+11,1.93e+11,4.77e-10,15000,12900000
"iea4","car.passenger.rural.PH","2011",1.8,241000,134000,5.77e-10,15000,8.93
"iea4","car.passenger.rural.PH","2015",1.8,9.57e+10,5.32e+10,5.35e-10,15000,3540000
"iea4","car.passenger.rural.PH","2020",1.78,1.69e+11,9.48e+10,4.98e-10,15000,6320000
"iea4","car.passenger.rural.PH","2025",1.77,2.53e+11,1.43e+11,4.58e-10,15000,9540000
"iea4","car.passenger.rural.PH","2030",1.75,3.49e+11,1.99e+11,4.26e-10,15000,13300000
"iea4","car.passenger.rural.PH","2035",1.74,4.59e+11,2.64e+11,4.03e-10,15000,17600000
"iea4","car.passenger.rural.PH","2040",1.72,5.84e+11,3.39e+11,3.84e-10,15000,22600000
"iea4","car.passenger.rural.PH","2045",1.71,7.14e+11,4.18e+11,3.7e-10,15000,27900000
"iea4","car.passenger.rural.PH","2050",1.69,8.56e+11,5.06e+11,3.61e-10,15000,33700000
"iea4","car.passenger.rural.EV","2011",1.8,1.85e+10,1.03e+10,2.12e-10,15000,685000
"iea4","car.passenger.rural.EV","2015",1.8,1.14e+11,6.33e+10,2.09e-10,15000,4220000
"iea4","car.passenger.rural.EV","2020",1.78,1.47e+11,8.23e+10,2.04e-10,15000,5490000
"iea4","car.passenger.rural.EV","2025",1.77,1.84e+11,1.04e+11,2e-10,15000,6920000
"iea4","car.passenger.rural.EV","2030",1.75,2.25e+11,1.28e+11,1.95e-10,15000,8560000
"iea4","car.passenger.rural.EV","2035",1.74,2.72e+11,1.57e+11,1.93e-10,15000,10400000
"iea4","car.passenger.rural.EV","2040",1.72,3.25e+11,1.88e+11,1.9e-10,15000,12600000
"iea4","car.passenger.rural.EV","2045",1.71,3.78e+11,2.22e+11,1.89e-10,15000,14800000
"iea4","car.passenger.rural.EV","2050",1.69,4.36e+11,2.57e+11,1.87e-10,15000,17200000
"iea4","car.passenger.rural.H2","2011",1.8,0,0,4.19e-10,15000,0
"iea4","car.passenger.rural.H2","2015",1.8,0,0,4.15e-10,15000,0
"iea4","car.passenger.rural.H2","2020",1.78,0,0,4.04e-10,15000,0
"iea4","car.passenger.rural.H2","2025",1.77,0,0,3.96e-10,15000,0
"iea4","car.passenger.rural.H2","2030",1.75,0,0,3.87e-10,15000,0
"iea4","car.passenger.rural.H2","2035",1.74,0,0,3.82e-10,15000,0
"iea4","car.passenger.rural.H2","2040",1.72,0,0,3.77e-10,15000,0
"iea4","car.passenger.rural.H2","2045",1.71,0,0,3.74e-10,15000,0
"iea4","car.passenger.rural.H2","2050",1.69,0,0,3.7e-10,15000,0
"iea4","bus.passenger.rural.ICE.liquid","2011",27.3,2.02e+12,7.41e+10,2.85e-09,30000,2470000
"iea4","bus.passenger.rural.ICE.liquid","2015",27,2.15e+12,7.93e+10,2.65e-09,30000,2640000
"iea4","bus.passenger.rural.ICE.liquid","2020",26.5,2.37e+12,8.93e+10,2.46e-09,30000,2980000
"iea4","bus.passenger.rural.ICE.liquid","2025",26,2.55e+12,9.82e+10,2.26e-09,30000,3270000
"iea4","bus.passenger.rural.ICE.liquid","2030",25.5,2.74e+12,1.07e+11,2.1e-09,30000,3580000
"iea4","bus.passenger.rural.ICE.liquid","2035",25,2.92e+12,1.17e+11,1.99e-09,30000,3890000
"iea4","bus.passenger.rural.ICE.liquid","2040",24.5,3.09e+12,1.26e+11,1.9e-09,30000,4210000
"iea4","bus.passenger.rural.ICE.liquid","2045",24,3.21e+12,1.34e+11,1.83e-09,30000,4460000
"iea4","bus.passenger.rural.ICE.liquid","2050",23.5,3.3e+12,1.41e+11,1.78e-09,30000,4690000
"iea4","bus.passenger.rural.ICE.gas","2011",27.3,181000,6620,2.85e-09,30000,0.22
"iea4","bus.passenger.rural.ICE.gas","2015",27,1.13e+10,4.18e+08,2.65e-09,30000,13900
"iea4","bus.passenger.rural.ICE.gas","2020",26.5,2.2e+10,8.3e+08,2.46e-09,30000,27700
"iea4","bus.passenger.rural.ICE.gas","2025",26,3.42e+10,1.31e+09,2.26e-09,30000,43800
"iea4","bus.passenger.rural.ICE.gas","2030",25.5,4.82e+10,1.89e+09,2.1e-09,30000,62900
"iea4","bus.passenger.rural.ICE.gas","2035",25,6.37e+10,2.55e+09,1.99e-09,30000,84900
"iea4","bus.passenger.rural.ICE.gas","2040",24.5,8.09e+10,3.3e+09,1.9e-09,30000,110000
"iea4","bus.passenger.rural.ICE.gas","2045",24,9.81e+10,4.09e+09,1.83e-09,30000,136000
"iea4","bus.passenger.rural.ICE.gas","2050",23.5,1.16e+11,4.94e+09,1.78e-09,30000,165000
"iea4","bus.passenger.rural.PH","2011",27.3,0,0,2.48e-09,30000,0
"iea4","bus.passenger.rural.PH","2015",27,1.13e+10,4.18e+08,2.3e-09,30000,13900
"iea4","bus.passenger.rural.PH","2020",26.5,2.2e+10,8.3e+08,2.14e-09,30000,27700
"iea4","bus.passenger.rural.PH","2025",26,3.42e+10,1.31e+09,1.97e-09,30000,43800
"iea4","bus.passenger.rural.PH","2030",25.5,4.82e+10,1.89e+09,1.83e-09,30000,62900
"iea4","bus.passenger.rural.PH","2035",25,6.37e+10,2.55e+09,1.74e-09,30000,84900
"iea4","bus.passenger.rural.PH","2040",24.5,8.09e+10,3.3e+09,1.65e-09,30000,110000
"iea4","bus.passenger.rural.PH","2045",24,9.81e+10,4.09e+09,1.59e-09,30000,136000
"iea4","bus.passenger.rural.PH","2050",23.5,1.16e+11,4.94e+09,1.55e-09,30000,165000
"iea4","bus.passenger.rural.EV","2011",27.3,9e+08,32900000,6.3e-10,30000,1100
"iea4","bus.passenger.rural.EV","2015",27,3.48e+10,1.29e+09,6.23e-10,30000,42900
"iea4","bus.passenger.rural.EV","2020",26.5,4.16e+10,1.57e+09,6.08e-10,30000,52300
"iea4","bus.passenger.rural.EV","2025",26,4.84e+10,1.86e+09,5.95e-10,30000,62000
"iea4","bus.passenger.rural.EV","2030",25.5,5.59e+10,2.19e+09,5.82e-10,30000,73000
"iea4","bus.passenger.rural.EV","2035",25,6.37e+10,2.55e+09,5.74e-10,30000,84900
"iea4","bus.passenger.rural.EV","2040",24.5,7.2e+10,2.94e+09,5.67e-10,30000,98000
"iea4","bus.passenger.rural.EV","2045",24,7.95e+10,3.31e+09,5.62e-10,30000,110000
"iea4","bus.passenger.rural.EV","2050",23.5,8.7e+10,3.7e+09,5.57e-10,30000,123000
"iea4","bus.passenger.rural.H2","2011",27.3,0,0,1.73e-09,30000,0
"iea4","bus.passenger.rural.H2","2015",27,0,0,1.71e-09,30000,0
"iea4","bus.passenger.rural.H2","2020",26.5,0,0,1.67e-09,30000,0
"iea4","bus.passenger.rural.H2","2025",26,0,0,1.64e-09,30000,0
"iea4","bus.passenger.rural.H2","2030",25.5,0,0,1.6e-09,30000,0
"iea4","bus.passenger.rural.H2","2035",25,0,0,1.58e-09,30000,0
"iea4","bus.passenger.rural.H2","2040",24.5,0,0,1.56e-09,30000,0
"iea4","bus.passenger.rural.H2","2045",24,0,0,1.54e-09,30000,0
"iea4","bus.passenger.rural.H2","2050",23.5,0,0,1.53e-09,30000,0
"iea4","train.passenger.rural.fuel","2011",384,9.79e+11,2.55e+09,3.07e-08,150000,17000
"iea4","train.passenger.rural.fuel","2015",384,1.03e+12,2.67e+09,2.85e-08,150000,17800
"iea4","train.passenger.rural.fuel","2020",381,1.1e+12,2.88e+09,2.65e-08,150000,19200
"iea4","train.passenger.rural.fuel","2025",377,1.14e+12,3.02e+09,2.44e-08,150000,20100
"iea4","train.passenger.rural.fuel","2030",374,1.17e+12,3.13e+09,2.27e-08,150000,20900
"iea4","train.passenger.rural.fuel","2035",371,1.19e+12,3.2e+09,2.15e-08,150000,21400
"iea4","train.passenger.rural.fuel","2040",368,1.19e+12,3.25e+09,2.04e-08,150000,21600
"iea4","train.passenger.rural.fuel","2045",364,1.17e+12,3.2e+09,1.97e-08,150000,21400
"iea4","train.passenger.rural.fuel","2050",361,1.12e+12,3.12e+09,1.92e-08,150000,20800
"iea4","train.passenger.rural.elec","2011",384,1.99e+12,5.18e+09,1.26e-08,150000,34500
"iea4","train.passenger.rural.elec","2015",384,2.16e+12,5.63e+09,1.25e-08,150000,37600
"iea4","train.passenger.rural.elec","2020",381,2.31e+12,6.07e+09,1.22e-08,150000,40500
"iea4","train.passenger.rural.elec","2025",377,2.4e+12,6.35e+09,1.19e-08,150000,42400
"iea4","train.passenger.rural.elec","2030",374,2.47e+12,6.59e+09,1.17e-08,150000,43900
"iea4","train.passenger.rural.elec","2035",371,2.5e+12,6.75e+09,1.15e-08,150000,45000
"iea4","train.passenger.rural.elec","2040",368,2.51e+12,6.84e+09,1.14e-08,150000,45600
"iea4","train.passenger.rural.elec","2045",364,2.46e+12,6.74e+09,1.13e-08,150000,45000
"iea4","train.passenger.rural.elec","2050",361,2.37e+12,6.56e+09,1.12e-08,150000,43700
"iea4","plane.passenger.international.short.fuel","2011",119,1.91e+12,1.61e+10,8.43e-08,1800000,8960
"iea4","plane.passenger.international.short.fuel","2015",120,2.16e+12,1.8e+10,7.82e-08,1800000,10000
"iea4","plane.passenger.international.short.fuel","2020",120,2.3e+12,1.91e+10,7.28e-08,1800000,10600
"iea4","plane.passenger.international.short.fuel","2025",121,2.44e+12,2.02e+10,6.69e-08,1800000,11200
"iea4","plane.passenger.international.short.fuel","2030",121,2.57e+12,2.12e+10,6.22e-08,1800000,11800
"iea4","plane.passenger.international.short.fuel","2035",122,2.71e+12,2.22e+10,5.89e-08,1800000,12300
"iea4","plane.passenger.international.short.fuel","2040",122,2.84e+12,2.32e+10,5.61e-08,1800000,12900
"iea4","plane.passenger.international.short.fuel","2045",123,2.97e+12,2.41e+10,5.4e-08,1800000,13400
"iea4","plane.passenger.international.short.fuel","2050",123,3.09e+12,2.5e+10,5.27e-08,1800000,13900
"iea4","plane.passenger.international.short.H2","2011",119,0,0,8.43e-08,1800000,0
"iea4","plane.passenger.international.short.H2","2015",120,0,0,8.35e-08,1800000,0
"iea4","plane.passenger.international.short.H2","2020",120,0,0,8.14e-08,1800000,0
"iea4","plane.passenger.international.short.H2","2025",121,0,0,7.97e-08,1800000,0
"iea4","plane.passenger.international.short.H2","2030",121,0,0,7.79e-08,1800000,0
"iea4","plane.passenger.international.short.H2","2035",122,0,0,7.69e-08,1800000,0
"iea4","plane.passenger.international.short.H2","2040",122,0,0,7.59e-08,1800000,0
"iea4","plane.passenger.international.short.H2","2045",123,0,0,7.52e-08,1800000,0
"iea4","plane.passenger.international.short.H2","2050",123,0,0,7.46e-08,1800000,0
"iea4","plane.passenger.international.long.fuel","2011",119,3.42e+12,2.89e+10,6.07e-08,1800000,16000
"iea4","plane.passenger.international.long.fuel","2015",120,3.98e+12,3.32e+10,5.62e-08,1800000,18500
"iea4","plane.passenger.international.long.fuel","2020",120,4.45e+12,3.69e+10,5.24e-08,1800000,20500
"iea4","plane.passenger.international.long.fuel","2025",121,4.95e+12,4.1e+10,4.81e-08,1800000,22800
"iea4","plane.passenger.international.long.fuel","2030",121,5.52e+12,4.54e+10,4.47e-08,1800000,25200
"iea4","plane.passenger.international.long.fuel","2035",122,6.14e+12,5.04e+10,4.24e-08,1800000,28000
"iea4","plane.passenger.international.long.fuel","2040",122,6.85e+12,5.59e+10,4.03e-08,1800000,31100
"iea4","plane.passenger.international.long.fuel","2045",123,7.64e+12,6.22e+10,3.89e-08,1800000,34500
"iea4","plane.passenger.international.long.fuel","2050",123,8.53e+12,6.92e+10,3.79e-08,1800000,38400
"iea4","plane.passenger.international.long.H2","2011",119,0,0,6.07e-08,1800000,0
"iea4","plane.passenger.international.long.H2","2015",120,0,0,6.01e-08,1800000,0
"iea4","plane.passenger.international.long.H2","2020",120,0,0,5.86e-08,1800000,0
"iea4","plane.passenger.international.long.H2","2025",121,0,0,5.73e-08,1800000,0
"iea4","plane.passenger.international.long.H2","2030",121,0,0,5.6e-08,1800000,0
"iea4","plane.passenger.international.long.H2","2035",122,0,0,5.53e-08,1800000,0
"iea4","plane.passenger.international.long.H2","2040",122,0,0,5.46e-08,1800000,0
"iea4","plane.passenger.international.long.H2","2045",123,0,0,5.41e-08,1800000,0
"iea4","plane.passenger.international.long.H2","2050",123,0,0,5.36e-08,1800000,0
"iea4","train.passenger.international.fuel","2011",384,0,0,3.07e-08,150000,0
"iea4","train.passenger.international.fuel","2015",388,2.73e+10,70200000,2.85e-08,150000,468
"iea4","train.passenger.international.fuel","2020",390,8.08e+10,2.07e+08,2.65e-08,150000,1380
"iea4","train.passenger.international.fuel","2025",392,1.53e+11,3.91e+08,2.44e-08,150000,2610
"iea4","train.passenger.international.fuel","2030",393,2.49e+11,6.34e+08,2.27e-08,150000,4230
"iea4","train.passenger.international.fuel","2035",395,3.75e+11,9.49e+08,2.15e-08,150000,6330
"iea4","train.passenger.international.fuel","2040",397,5.37e+11,1.35e+09,2.04e-08,150000,9030
"iea4","train.passenger.international.fuel","2045",398,7.44e+11,1.87e+09,1.97e-08,150000,12500
"iea4","train.passenger.international.fuel","2050",400,1.01e+12,2.52e+09,1.92e-08,150000,16800
"iea4","train.passenger.international.elec","2011",384,0,0,1.26e-08,150000,0
"iea4","train.passenger.international.elec","2015",388,5.36e+10,1.38e+08,1.25e-08,150000,920
"iea4","train.passenger.international.elec","2020",390,1.44e+11,3.7e+08,1.22e-08,150000,2460
"iea4","train.passenger.international.elec","2025",392,2.49e+11,6.36e+08,1.19e-08,150000,4240
"iea4","train.passenger.international.elec","2030",393,3.7e+11,9.41e+08,1.17e-08,150000,6270
"iea4","train.passenger.international.elec","2035",395,5.08e+11,1.29e+09,1.15e-08,150000,8580
"iea4","train.passenger.international.elec","2040",397,6.66e+11,1.68e+09,1.14e-08,150000,11200
"iea4","train.passenger.international.elec","2045",398,8.45e+11,2.12e+09,1.13e-08,150000,14100
"iea4","train.passenger.international.elec","2050",400,1.05e+12,2.62e+09,1.12e-08,150000,17500
"iea2","walk.passenger.urban","2011",1,2.7e+12,2.7e+12,0,0,0
"iea2","walk.passenger.urban","2015",1,3.05e+12,3.05e+12,0,0,0
"iea2","walk.passenger.urban","2020",1,3.45e+12,3.45e+12,0,0,0
"iea2","walk.passenger.urban","2025",1,3.68e+12,3.68e+12,0,0,0
"iea2","walk.passenger.urban","2030",1,3.82e+12,3.82e+12,0,0,0
"iea2","walk.passenger.urban","2035",1,3.84e+12,3.84e+12,0,0,0
"iea2","walk.passenger.urban","2040",1,3.76e+12,3.76e+12,0,0,0
"iea2","walk.passenger.urban","2045",1,3.61e+12,3.61e+12,0,0,0
"iea2","walk.passenger.urban","2050",1,3.38e+12,3.38e+12,0,0,0
"iea2","bike.passenger.urban","2011",1,1.91e+12,1.91e+12,0,1000,1.91e+09
"iea2","bike.passenger.urban","2015",1,2.17e+12,2.17e+12,0,1000,2.17e+09
"iea2","bike.passenger.urban","2020",1,2.49e+12,2.49e+12,0,1000,2.49e+09
"iea2","bike.passenger.urban","2025",1,2.7e+12,2.7e+12,0,1000,2.7e+09
"iea2","bike.passenger.urban","2030",1,2.85e+12,2.85e+12,0,1000,2.85e+09
"iea2","bike.passenger.urban","2035",1,2.92e+12,2.92e+12,0,1000,2.92e+09
"iea2","bike.passenger.urban","2040",1,2.93e+12,2.93e+12,0,1000,2.93e+09
"iea2","bike.passenger.urban","2045",1,2.89e+12,2.89e+12,0,1000,2.89e+09
"iea2","bike.passenger.urban","2050",1,2.79e+12,2.79e+12,0,1000,2.79e+09
"iea2","motorbike.passenger.urban.fuel","2011",1.09,3.49e+12,3.21e+12,3.81e-10,10000,3.21e+08
"iea2","motorbike.passenger.urban.fuel","2015",1.1,4.02e+12,3.65e+12,3.54e-10,10000,3.65e+08
"iea2","motorbike.passenger.urban.fuel","2020",1.11,4.79e+12,4.33e+12,3.25e-10,9890,4.38e+08
"iea2","motorbike.passenger.urban.fuel","2025",1.11,5.37e+12,4.83e+12,2.97e-10,9770,4.94e+08
"iea2","motorbike.passenger.urban.fuel","2030",1.12,5.82e+12,5.2e+12,2.73e-10,9660,5.38e+08
"iea2","motorbike.passenger.urban.fuel","2035",1.13,6.06e+12,5.39e+12,2.51e-10,9540,5.65e+08
"iea2","motorbike.passenger.urban.fuel","2040",1.13,6.14e+12,5.43e+12,2.31e-10,9430,5.75e+08
"iea2","motorbike.passenger.urban.fuel","2045",1.14,6.04e+12,5.31e+12,2.14e-10,9310,5.7e+08
"iea2","motorbike.passenger.urban.fuel","2050",1.14,5.78e+12,5.06e+12,1.98e-10,9200,5.5e+08
"iea2","motorbike.passenger.urban.elec","2011",1.09,4.16e+10,3.82e+10,1.06e-10,10000,3820000
"iea2","motorbike.passenger.urban.elec","2015",1.1,3.03e+11,2.75e+11,1.02e-10,10000,27500000
"iea2","motorbike.passenger.urban.elec","2020",1.11,7.8e+11,7.05e+11,9.77e-11,9890,71300000
"iea2","motorbike.passenger.urban.elec","2025",1.11,1.43e+12,1.28e+12,9.44e-11,9770,1.31e+08
"iea2","motorbike.passenger.urban.elec","2030",1.12,2.26e+12,2.02e+12,9.2e-11,9660,2.09e+08
"iea2","motorbike.passenger.urban.elec","2035",1.13,3.26e+12,2.9e+12,8.99e-11,9540,3.04e+08
"iea2","motorbike.passenger.urban.elec","2040",1.13,4.45e+12,3.93e+12,8.79e-11,9430,4.17e+08
"iea2","motorbike.passenger.urban.elec","2045",1.14,5.81e+12,5.11e+12,8.6e-11,9310,5.48e+08
"iea2","motorbike.passenger.urban.elec","2050",1.14,7.36e+12,6.43e+12,8.51e-11,9200,6.99e+08
"iea2","car.passenger.urban.ICE.liquid","2011",1.6,1.27e+13,7.91e+12,7.63e-10,15000,5.27e+08
"iea2","car.passenger.urban.ICE.liquid","2015",1.6,1.51e+13,9.44e+12,7.07e-10,15000,6.29e+08
"iea2","car.passenger.urban.ICE.liquid","2020",1.59,1.7e+13,1.07e+13,6.49e-10,14800,7.19e+08
"iea2","car.passenger.urban.ICE.liquid","2025",1.59,1.84e+13,1.16e+13,5.94e-10,14700,7.91e+08
"iea2","car.passenger.urban.ICE.liquid","2030",1.58,1.96e+13,1.24e+13,5.45e-10,14500,8.56e+08
"iea2","car.passenger.urban.ICE.liquid","2035",1.57,2.05e+13,1.3e+13,5.02e-10,14300,9.09e+08
"iea2","car.passenger.urban.ICE.liquid","2040",1.57,2.11e+13,1.35e+13,4.63e-10,14100,9.55e+08
"iea2","car.passenger.urban.ICE.liquid","2045",1.56,2.17e+13,1.39e+13,4.28e-10,14000,9.94e+08
"iea2","car.passenger.urban.ICE.liquid","2050",1.55,2.2e+13,1.42e+13,3.97e-10,13800,1.03e+09
"iea2","car.passenger.urban.ICE.gas","2011",1.6,1.23e+11,7.68e+10,7.63e-10,15000,5120000
"iea2","car.passenger.urban.ICE.gas","2015",1.6,1.56e+11,9.73e+10,7.07e-10,15000,6490000
"iea2","car.passenger.urban.ICE.gas","2020",1.59,2.26e+11,1.42e+11,6.49e-10,14800,9560000
"iea2","car.passenger.urban.ICE.gas","2025",1.59,3.03e+11,1.91e+11,5.94e-10,14700,1.3e+07
"iea2","car.passenger.urban.ICE.gas","2030",1.58,3.87e+11,2.45e+11,5.45e-10,14500,16900000
"iea2","car.passenger.urban.ICE.gas","2035",1.57,4.76e+11,3.03e+11,5.02e-10,14300,21200000
"iea2","car.passenger.urban.ICE.gas","2040",1.57,5.71e+11,3.64e+11,4.63e-10,14100,25800000
"iea2","car.passenger.urban.ICE.gas","2045",1.56,6.69e+11,4.29e+11,4.28e-10,14000,30700000
"iea2","car.passenger.urban.ICE.gas","2050",1.55,7.73e+11,4.98e+11,3.97e-10,13800,36100000
"iea2","car.passenger.urban.PH","2011",1.6,363000,227000,5.77e-10,15000,15.1
"iea2","car.passenger.urban.PH","2015",1.6,1.56e+11,9.73e+10,5.35e-10,15000,6490000
"iea2","car.passenger.urban.PH","2020",1.59,3.85e+11,2.42e+11,4.91e-10,14800,16300000
"iea2","car.passenger.urban.PH","2025",1.59,6.56e+11,4.14e+11,4.49e-10,14700,28200000
"iea2","car.passenger.urban.PH","2030",1.58,9.68e+11,6.13e+11,4.12e-10,14500,42300000
"iea2","car.passenger.urban.PH","2035",1.57,1.31e+12,8.32e+11,3.8e-10,14300,58100000
"iea2","car.passenger.urban.PH","2040",1.57,1.68e+12,1.07e+12,3.5e-10,14100,75700000
"iea2","car.passenger.urban.PH","2045",1.56,2.07e+12,1.33e+12,3.24e-10,14000,9.5e+07
"iea2","car.passenger.urban.PH","2050",1.55,2.49e+12,1.6e+12,3e-10,13800,1.16e+08
"iea2","car.passenger.urban.EV","2011",1.6,2.78e+10,1.74e+10,2.12e-10,15000,1160000
"iea2","car.passenger.urban.EV","2015",1.6,1.56e+11,9.73e+10,2.04e-10,15000,6490000
"iea2","car.passenger.urban.EV","2020",1.59,3.7e+11,2.32e+11,1.95e-10,14800,15600000
"iea2","car.passenger.urban.EV","2025",1.59,6.22e+11,3.92e+11,1.89e-10,14700,26800000
"iea2","car.passenger.urban.EV","2030",1.58,9.12e+11,5.77e+11,1.84e-10,14500,39800000
"iea2","car.passenger.urban.EV","2035",1.57,1.23e+12,7.81e+11,1.8e-10,14300,54500000
"iea2","car.passenger.urban.EV","2040",1.57,1.57e+12,1e+12,1.76e-10,14100,70900000
"iea2","car.passenger.urban.EV","2045",1.56,1.93e+12,1.24e+12,1.72e-10,14000,88800000
"iea2","car.passenger.urban.EV","2050",1.55,2.32e+12,1.49e+12,1.7e-10,13800,1.08e+08
"iea2","car.passenger.urban.H2","2011",1.6,0,0,4.19e-10,15000,0
"iea2","car.passenger.urban.H2","2015",1.6,0,0,4.05e-10,15000,0
"iea2","car.passenger.urban.H2","2020",1.59,0,0,3.87e-10,14800,0
"iea2","car.passenger.urban.H2","2025",1.59,0,0,3.74e-10,14700,0
"iea2","car.passenger.urban.H2","2030",1.58,0,0,3.64e-10,14500,0
"iea2","car.passenger.urban.H2","2035",1.57,0,0,3.56e-10,14300,0
"iea2","car.passenger.urban.H2","2040",1.57,0,0,3.48e-10,14100,0
"iea2","car.passenger.urban.H2","2045",1.56,0,0,3.4e-10,14000,0
"iea2","car.passenger.urban.H2","2050",1.55,0,0,3.37e-10,13800,0
"iea2","bus.passenger.urban.ICE.liquid","2011",27.3,1.07e+13,3.91e+11,2.85e-09,30000,1.3e+07
"iea2","bus.passenger.urban.ICE.liquid","2015",27,1.21e+13,4.48e+11,2.65e-09,30000,14900000
"iea2","bus.passenger.urban.ICE.liquid","2020",26.7,1.42e+13,5.31e+11,2.43e-09,30000,17700000
"iea2","bus.passenger.urban.ICE.liquid","2025",26.4,1.58e+13,6.01e+11,2.22e-09,30000,2e+07
"iea2","bus.passenger.urban.ICE.liquid","2030",26.1,1.73e+13,6.64e+11,2.04e-09,30000,22100000
"iea2","bus.passenger.urban.ICE.liquid","2035",25.7,1.84e+13,7.16e+11,1.88e-09,30000,23900000
"iea2","bus.passenger.urban.ICE.liquid","2040",25.4,1.93e+13,7.6e+11,1.73e-09,30000,25300000
"iea2","bus.passenger.urban.ICE.liquid","2045",25.1,2e+13,7.98e+11,1.6e-09,30000,26600000
"iea2","bus.passenger.urban.ICE.liquid","2050",24.7,2.05e+13,8.3e+11,1.48e-09,30000,27700000
"iea2","bus.passenger.urban.ICE.gas","2011",27.3,955000,35000,2.85e-09,30000,1.17
"iea2","bus.passenger.urban.ICE.gas","2015",27,1.25e+11,4.62e+09,2.65e-09,30000,154000
"iea2","bus.passenger.urban.ICE.gas","2020",26.7,2.28e+11,8.53e+09,2.43e-09,30000,284000
"iea2","bus.passenger.urban.ICE.gas","2025",26.4,3.51e+11,1.33e+10,2.22e-09,30000,443000
"iea2","bus.passenger.urban.ICE.gas","2030",26.1,4.94e+11,1.9e+10,2.04e-09,30000,632000
"iea2","bus.passenger.urban.ICE.gas","2035",25.7,6.51e+11,2.53e+10,1.88e-09,30000,844000
"iea2","bus.passenger.urban.ICE.gas","2040",25.4,8.22e+11,3.24e+10,1.73e-09,30000,1080000
"iea2","bus.passenger.urban.ICE.gas","2045",25.1,1.01e+12,4.01e+10,1.6e-09,30000,1340000
"iea2","bus.passenger.urban.ICE.gas","2050",24.7,1.2e+12,4.86e+10,1.48e-09,30000,1620000
"iea2","bus.passenger.urban.PH","2011",27.3,0,0,2.48e-09,30000,0
"iea2","bus.passenger.urban.PH","2015",27,6.41e+10,2.37e+09,2.3e-09,30000,79000
"iea2","bus.passenger.urban.PH","2020",26.7,1.65e+11,6.18e+09,2.11e-09,30000,206000
"iea2","bus.passenger.urban.PH","2025",26.4,2.9e+11,1.1e+10,1.93e-09,30000,367000
"iea2","bus.passenger.urban.PH","2030",26.1,4.4e+11,1.69e+10,1.78e-09,30000,563000
"iea2","bus.passenger.urban.PH","2035",25.7,6.06e+11,2.36e+10,1.64e-09,30000,786000
"iea2","bus.passenger.urban.PH","2040",25.4,7.9e+11,3.11e+10,1.51e-09,30000,1040000
"iea2","bus.passenger.urban.PH","2045",25.1,9.88e+11,3.95e+10,1.39e-09,30000,1320000
"iea2","bus.passenger.urban.PH","2050",24.7,1.2e+12,4.86e+10,1.29e-09,30000,1620000
"iea2","bus.passenger.urban.EV","2011",27.3,4.75e+09,1.74e+08,6.3e-10,30000,5800
"iea2","bus.passenger.urban.EV","2015",27,1.97e+11,7.29e+09,6.08e-10,30000,243000
"iea2","bus.passenger.urban.EV","2020",26.7,4.66e+11,1.74e+10,5.82e-10,30000,581000
"iea2","bus.passenger.urban.EV","2025",26.4,7.97e+11,3.02e+10,5.61e-10,30000,1010000
"iea2","bus.passenger.urban.EV","2030",26.1,1.19e+12,4.57e+10,5.48e-10,30000,1520000
"iea2","bus.passenger.urban.EV","2035",25.7,1.63e+12,6.33e+10,5.35e-10,30000,2110000
"iea2","bus.passenger.urban.EV","2040",25.4,2.11e+12,8.31e+10,5.23e-10,30000,2770000
"iea2","bus.passenger.urban.EV","2045",25.1,2.63e+12,1.05e+11,5.11e-10,30000,3500000
"iea2","bus.passenger.urban.EV","2050",24.7,3.18e+12,1.29e+11,5.06e-10,30000,4290000
"iea2","bus.passenger.urban.H2","2011",27.3,0,0,1.73e-09,30000,0
"iea2","bus.passenger.urban.H2","2015",27,0,0,1.67e-09,30000,0
"iea2","bus.passenger.urban.H2","2020",26.7,0,0,1.6e-09,30000,0
"iea2","bus.passenger.urban.H2","2025",26.4,0,0,1.54e-09,30000,0
"iea2","bus.passenger.urban.H2","2030",26.1,0,0,1.51e-09,30000,0
"iea2","bus.passenger.urban.H2","2035",25.7,0,0,1.47e-09,30000,0
"iea2","bus.passenger.urban.H2","2040",25.4,0,0,1.44e-09,30000,0
"iea2","bus.passenger.urban.H2","2045",25.1,0,0,1.41e-09,30000,0
"iea2","bus.passenger.urban.H2","2050",24.7,0,0,1.39e-09,30000,0
"iea2","train.passenger.urban.fuel","2011",384,1.72e+11,4.49e+08,3.07e-08,150000,2990
"iea2","train.passenger.urban.fuel","2015",384,1.84e+11,4.79e+08,2.85e-08,150000,3190
"iea2","train.passenger.urban.fuel","2020",382,2.05e+11,5.36e+08,2.61e-08,150000,3580
"iea2","train.passenger.urban.fuel","2025",381,2.18e+11,5.72e+08,2.39e-08,150000,3810
"iea2","train.passenger.urban.fuel","2030",379,2.25e+11,5.94e+08,2.2e-08,150000,3960
"iea2","train.passenger.urban.fuel","2035",377,2.27e+11,6.01e+08,2.02e-08,150000,4010
"iea2","train.passenger.urban.fuel","2040",376,2.24e+11,5.97e+08,1.86e-08,150000,3980
"iea2","train.passenger.urban.fuel","2045",374,2.18e+11,5.83e+08,1.72e-08,150000,3890
"iea2","train.passenger.urban.fuel","2050",372,2.09e+11,5.61e+08,1.6e-08,150000,3740
"iea2","train.passenger.urban.elec","2011",384,1.55e+12,4.04e+09,1.26e-08,150000,26900
"iea2","train.passenger.urban.elec","2015",384,1.75e+12,4.57e+09,1.22e-08,150000,30400
"iea2","train.passenger.urban.elec","2020",382,2.08e+12,5.43e+09,1.17e-08,150000,36200
"iea2","train.passenger.urban.elec","2025",381,2.35e+12,6.16e+09,1.13e-08,150000,41100
"iea2","train.passenger.urban.elec","2030",379,2.59e+12,6.83e+09,1.1e-08,150000,45600
"iea2","train.passenger.urban.elec","2035",377,2.8e+12,7.42e+09,1.07e-08,150000,49500
"iea2","train.passenger.urban.elec","2040",376,2.98e+12,7.94e+09,1.05e-08,150000,52900
"iea2","train.passenger.urban.elec","2045",374,3.14e+12,8.4e+09,1.03e-08,150000,56000
"iea2","train.passenger.urban.elec","2050",372,3.27e+12,8.79e+09,1.02e-08,150000,58600
"iea2","walk.passenger.rural","2011",1,8.01e+11,8.01e+11,0,0,0
"iea2","walk.passenger.rural","2015",1,8.18e+11,8.18e+11,0,0,0
"iea2","walk.passenger.rural","2020",1,8.49e+11,8.49e+11,0,0,0
"iea2","walk.passenger.rural","2025",1,8.53e+11,8.53e+11,0,0,0
"iea2","walk.passenger.rural","2030",1,8.49e+11,8.49e+11,0,0,0
"iea2","walk.passenger.rural","2035",1,8.3e+11,8.3e+11,0,0,0
"iea2","walk.passenger.rural","2040",1,8e+11,8e+11,0,0,0
"iea2","walk.passenger.rural","2045",1,7.44e+11,7.44e+11,0,0,0
"iea2","walk.passenger.rural","2050",1,6.77e+11,6.77e+11,0,0,0
"iea2","bike.passenger.rural","2011",1,1.72e+12,1.72e+12,0,1000,1.72e+09
"iea2","bike.passenger.rural","2015",1,1.78e+12,1.78e+12,0,1000,1.78e+09
"iea2","bike.passenger.rural","2020",1,1.79e+12,1.79e+12,0,1000,1.79e+09
"iea2","bike.passenger.rural","2025",1,1.73e+12,1.73e+12,0,1000,1.73e+09
"iea2","bike.passenger.rural","2030",1,1.64e+12,1.64e+12,0,1000,1.64e+09
"iea2","bike.passenger.rural","2035",1,1.51e+12,1.51e+12,0,1000,1.51e+09
"iea2","bike.passenger.rural","2040",1,1.34e+12,1.34e+12,0,1000,1.34e+09
"iea2","bike.passenger.rural","2045",1,1.11e+12,1.11e+12,0,1000,1.11e+09
"iea2","bike.passenger.rural","2050",1,8.58e+11,8.58e+11,0,1000,8.58e+08
"iea2","motorbike.passenger.rural.fuel","2011",1,2.8e+12,2.8e+12,3.81e-10,10000,2.8e+08
"iea2","motorbike.passenger.rural.fuel","2015",1.01,2.97e+12,2.94e+12,3.54e-10,10000,2.94e+08
"iea2","motorbike.passenger.rural.fuel","2020",1.02,2.91e+12,2.86e+12,3.25e-10,9940,2.88e+08
"iea2","motorbike.passenger.rural.fuel","2025",1.02,2.75e+12,2.69e+12,2.97e-10,9890,2.72e+08
"iea2","motorbike.passenger.rural.fuel","2030",1.03,2.55e+12,2.49e+12,2.73e-10,9830,2.53e+08
"iea2","motorbike.passenger.rural.fuel","2035",1.03,2.32e+12,2.25e+12,2.51e-10,9770,2.3e+08
"iea2","motorbike.passenger.rural.fuel","2040",1.04,2.07e+12,1.99e+12,2.31e-10,9710,2.05e+08
"iea2","motorbike.passenger.rural.fuel","2045",1.04,1.76e+12,1.69e+12,2.14e-10,9660,1.75e+08
"iea2","motorbike.passenger.rural.fuel","2050",1.05,1.46e+12,1.39e+12,1.98e-10,9600,1.45e+08
"iea2","motorbike.passenger.rural.elec","2011",1,3.33e+10,3.33e+10,1.06e-10,10000,3330000
"iea2","motorbike.passenger.rural.elec","2015",1.01,2.3e+11,2.28e+11,1.02e-10,10000,22800000
"iea2","motorbike.passenger.rural.elec","2020",1.02,4.81e+11,4.73e+11,9.77e-11,9940,47600000
"iea2","motorbike.passenger.rural.elec","2025",1.02,7.37e+11,7.21e+11,9.44e-11,9890,7.3e+07
"iea2","motorbike.passenger.rural.elec","2030",1.03,9.99e+11,9.73e+11,9.2e-11,9830,9.9e+07
"iea2","motorbike.passenger.rural.elec","2035",1.03,1.25e+12,1.22e+12,8.99e-11,9770,1.24e+08
"iea2","motorbike.passenger.rural.elec","2040",1.04,1.5e+12,1.45e+12,8.79e-11,9710,1.49e+08
"iea2","motorbike.passenger.rural.elec","2045",1.04,1.7e+12,1.63e+12,8.6e-11,9660,1.68e+08
"iea2","motorbike.passenger.rural.elec","2050",1.05,1.85e+12,1.77e+12,8.51e-11,9600,1.84e+08
"iea2","car.passenger.rural.ICE.liquid","2011",1.8,8.41e+12,4.67e+12,7.63e-10,15000,3.11e+08
"iea2","car.passenger.rural.ICE.liquid","2015",1.8,9.01e+12,5.01e+12,7.07e-10,15000,3.34e+08
"iea2","car.passenger.rural.ICE.liquid","2020",1.79,9.31e+12,5.2e+12,6.49e-10,14800,3.5e+08
"iea2","car.passenger.rural.ICE.liquid","2025",1.78,9.55e+12,5.35e+12,5.94e-10,14700,3.65e+08
"iea2","car.passenger.rural.ICE.liquid","2030",1.78,9.78e+12,5.5e+12,5.45e-10,14500,3.8e+08
"iea2","car.passenger.rural.ICE.liquid","2035",1.77,1e+13,5.66e+12,5.02e-10,14300,3.95e+08
"iea2","car.passenger.rural.ICE.liquid","2040",1.76,1.02e+13,5.81e+12,4.63e-10,14100,4.11e+08
"iea2","car.passenger.rural.ICE.liquid","2045",1.75,1.03e+13,5.88e+12,4.28e-10,14000,4.21e+08
"iea2","car.passenger.rural.ICE.liquid","2050",1.75,1.04e+13,5.94e+12,3.97e-10,13800,4.3e+08
"iea2","car.passenger.rural.ICE.gas","2011",1.8,8.16e+10,4.53e+10,7.63e-10,15000,3020000
"iea2","car.passenger.rural.ICE.gas","2015",1.8,1.09e+11,6.06e+10,7.07e-10,15000,4040000
"iea2","car.passenger.rural.ICE.gas","2020",1.79,1.39e+11,7.73e+10,6.49e-10,14800,5210000
"iea2","car.passenger.rural.ICE.gas","2025",1.78,1.7e+11,9.53e+10,5.94e-10,14700,6500000
"iea2","car.passenger.rural.ICE.gas","2030",1.78,2.04e+11,1.15e+11,5.45e-10,14500,7940000
"iea2","car.passenger.rural.ICE.gas","2035",1.77,2.42e+11,1.37e+11,5.02e-10,14300,9540000
"iea2","car.passenger.rural.ICE.gas","2040",1.76,2.82e+11,1.6e+11,4.63e-10,14100,11300000
"iea2","car.passenger.rural.ICE.gas","2045",1.75,3.22e+11,1.84e+11,4.28e-10,14000,13200000
"iea2","car.passenger.rural.ICE.gas","2050",1.75,3.64e+11,2.08e+11,3.97e-10,13800,15100000
"iea2","car.passenger.rural.PH","2011",1.8,241000,134000,5.77e-10,15000,8.93
"iea2","car.passenger.rural.PH","2015",1.8,9.57e+10,5.32e+10,5.35e-10,15000,3540000
"iea2","car.passenger.rural.PH","2020",1.79,2.14e+11,1.19e+11,4.91e-10,14800,8050000
"iea2","car.passenger.rural.PH","2025",1.78,3.44e+11,1.93e+11,4.49e-10,14700,13100000
"iea2","car.passenger.rural.PH","2030",1.78,4.86e+11,2.73e+11,4.12e-10,14500,18900000
"iea2","car.passenger.rural.PH","2035",1.77,6.42e+11,3.63e+11,3.8e-10,14300,25400000
"iea2","car.passenger.rural.PH","2040",1.76,8.13e+11,4.62e+11,3.5e-10,14100,32600000
"iea2","car.passenger.rural.PH","2045",1.75,9.87e+11,5.63e+11,3.24e-10,14000,40300000
"iea2","car.passenger.rural.PH","2050",1.75,1.17e+12,6.7e+11,3e-10,13800,48500000
"iea2","car.passenger.rural.EV","2011",1.8,1.85e+10,1.03e+10,2.12e-10,15000,685000
"iea2","car.passenger.rural.EV","2015",1.8,1.14e+11,6.33e+10,2.04e-10,15000,4220000
"iea2","car.passenger.rural.EV","2020",1.79,2.22e+11,1.24e+11,1.95e-10,14800,8360000
"iea2","car.passenger.rural.EV","2025",1.78,3.4e+11,1.91e+11,1.89e-10,14700,1.3e+07
"iea2","car.passenger.rural.EV","2030",1.78,4.7e+11,2.65e+11,1.84e-10,14500,18300000
"iea2","car.passenger.rural.EV","2035",1.77,6.12e+11,3.46e+11,1.8e-10,14300,24200000
"iea2","car.passenger.rural.EV","2040",1.76,7.68e+11,4.36e+11,1.76e-10,14100,30800000
"iea2","car.passenger.rural.EV","2045",1.75,9.26e+11,5.28e+11,1.72e-10,14000,37800000
"iea2","car.passenger.rural.EV","2050",1.75,1.09e+12,6.25e+11,1.7e-10,13800,45300000
"iea2","car.passenger.rural.H2","2011",1.8,0,0,4.19e-10,15000,0
"iea2","car.passenger.rural.H2","2015",1.8,0,0,4.05e-10,15000,0
"iea2","car.passenger.rural.H2","2020",1.79,0,0,3.87e-10,14800,0
"iea2","car.passenger.rural.H2","2025",1.78,0,0,3.74e-10,14700,0
"iea2","car.passenger.rural.H2","2030",1.78,0,0,3.64e-10,14500,0
"iea2","car.passenger.rural.H2","2035",1.77,0,0,3.56e-10,14300,0
"iea2","car.passenger.rural.H2","2040",1.76,0,0,3.48e-10,14100,0
"iea2","car.passenger.rural.H2","2045",1.75,0,0,3.4e-10,14000,0
"iea2","car.passenger.rural.H2","2050",1.75,0,0,3.37e-10,13800,0
"iea2","bus.passenger.rural.ICE.liquid","2011",27.3,2.02e+12,7.41e+10,2.85e-09,30000,2470000
"iea2","bus.passenger.rural.ICE.liquid","2015",27,2.15e+12,7.93e+10,2.65e-09,30000,2640000
"iea2","bus.passenger.rural.ICE.liquid","2020",26.7,2.55e+12,9.54e+10,2.43e-09,30000,3180000
"iea2","bus.passenger.rural.ICE.liquid","2025",26.4,2.92e+12,1.11e+11,2.22e-09,30000,3690000
"iea2","bus.passenger.rural.ICE.liquid","2030",26.1,3.3e+12,1.27e+11,2.04e-09,30000,4230000
"iea2","bus.passenger.rural.ICE.liquid","2035",25.7,3.68e+12,1.43e+11,1.88e-09,30000,4770000
"iea2","bus.passenger.rural.ICE.liquid","2040",25.4,4.05e+12,1.59e+11,1.73e-09,30000,5310000
"iea2","bus.passenger.rural.ICE.liquid","2045",25.1,4.33e+12,1.73e+11,1.6e-09,30000,5770000
"iea2","bus.passenger.rural.ICE.liquid","2050",24.7,4.59e+12,1.86e+11,1.48e-09,30000,6180000
"iea2","bus.passenger.rural.ICE.gas","2011",27.3,181000,6620,2.85e-09,30000,0.22
"iea2","bus.passenger.rural.ICE.gas","2015",27,1.13e+10,4.18e+08,2.65e-09,30000,13900
"iea2","bus.passenger.rural.ICE.gas","2020",26.7,2.95e+10,1.11e+09,2.43e-09,30000,36800
"iea2","bus.passenger.rural.ICE.gas","2025",26.4,5.34e+10,2.02e+09,2.22e-09,30000,67500
"iea2","bus.passenger.rural.ICE.gas","2030",26.1,8.38e+10,3.22e+09,2.04e-09,30000,107000
"iea2","bus.passenger.rural.ICE.gas","2035",25.7,1.21e+11,4.7e+09,1.88e-09,30000,157000
"iea2","bus.passenger.rural.ICE.gas","2040",25.4,1.65e+11,6.52e+09,1.73e-09,30000,217000
"iea2","bus.passenger.rural.ICE.gas","2045",25.1,2.14e+11,8.55e+09,1.6e-09,30000,285000
"iea2","bus.passenger.rural.ICE.gas","2050",24.7,2.68e+11,1.09e+10,1.48e-09,30000,362000
"iea2","bus.passenger.rural.PH","2011",27.3,0,0,2.48e-09,30000,0
"iea2","bus.passenger.rural.PH","2015",27,1.13e+10,4.18e+08,2.3e-09,30000,13900
"iea2","bus.passenger.rural.PH","2020",26.7,2.95e+10,1.11e+09,2.11e-09,30000,36800
"iea2","bus.passenger.rural.PH","2025",26.4,5.34e+10,2.02e+09,1.93e-09,30000,67500
"iea2","bus.passenger.rural.PH","2030",26.1,8.38e+10,3.22e+09,1.78e-09,30000,107000
"iea2","bus.passenger.rural.PH","2035",25.7,1.21e+11,4.7e+09,1.64e-09,30000,157000
"iea2","bus.passenger.rural.PH","2040",25.4,1.65e+11,6.52e+09,1.51e-09,30000,217000
"iea2","bus.passenger.rural.PH","2045",25.1,2.14e+11,8.55e+09,1.39e-09,30000,285000
"iea2","bus.passenger.rural.PH","2050",24.7,2.68e+11,1.09e+10,1.29e-09,30000,362000
"iea2","bus.passenger.rural.EV","2011",27.3,9e+08,32900000,6.3e-10,30000,1100
"iea2","bus.passenger.rural.EV","2015",27,3.48e+10,1.29e+09,6.08e-10,30000,42900
"iea2","bus.passenger.rural.EV","2020",26.7,8.33e+10,3.12e+09,5.82e-10,30000,104000
"iea2","bus.passenger.rural.EV","2025",26.4,1.47e+11,5.55e+09,5.61e-10,30000,185000
"iea2","bus.passenger.rural.EV","2030",26.1,2.27e+11,8.71e+09,5.48e-10,30000,290000
"iea2","bus.passenger.rural.EV","2035",25.7,3.25e+11,1.26e+10,5.35e-10,30000,421000
"iea2","bus.passenger.rural.EV","2040",25.4,4.42e+11,1.74e+10,5.23e-10,30000,580000
"iea2","bus.passenger.rural.EV","2045",25.1,5.7e+11,2.27e+10,5.11e-10,30000,758000
"iea2","bus.passenger.rural.EV","2050",24.7,7.12e+11,2.88e+10,5.06e-10,30000,960000
"iea2","bus.passenger.rural.H2","2011",27.3,0,0,1.73e-09,30000,0
"iea2","bus.passenger.rural.H2","2015",27,0,0,1.67e-09,30000,0
"iea2","bus.passenger.rural.H2","2020",26.7,0,0,1.6e-09,30000,0
"iea2","bus.passenger.rural.H2","2025",26.4,0,0,1.54e-09,30000,0
"iea2","bus.passenger.rural.H2","2030",26.1,0,0,1.51e-09,30000,0
"iea2","bus.passenger.rural.H2","2035",25.7,0,0,1.47e-09,30000,0
"iea2","bus.passenger.rural.H2","2040",25.4,0,0,1.44e-09,30000,0
"iea2","bus.passenger.rural.H2","2045",25.1,0,0,1.41e-09,30000,0
"iea2","bus.passenger.rural.H2","2050",24.7,0,0,1.39e-09,30000,0
"iea2","train.passenger.rural.fuel","2011",384,9.79e+11,2.55e+09,3.07e-08,150000,17000
"iea2","train.passenger.rural.fuel","2015",384,1.03e+12,2.67e+09,2.85e-08,150000,17800
"iea2","train.passenger.rural.fuel","2020",382,1.11e+12,2.89e+09,2.61e-08,150000,19300
"iea2","train.passenger.rural.fuel","2025",381,1.16e+12,3.04e+09,2.39e-08,150000,20200
"iea2","train.passenger.rural.fuel","2030",379,1.2e+12,3.16e+09,2.2e-08,150000,21100
"iea2","train.passenger.rural.fuel","2035",377,1.23e+12,3.26e+09,2.02e-08,150000,21700
"iea2","train.passenger.rural.fuel","2040",376,1.25e+12,3.33e+09,1.86e-08,150000,22200
"iea2","train.passenger.rural.fuel","2045",374,1.24e+12,3.32e+09,1.72e-08,150000,22100
"iea2","train.passenger.rural.fuel","2050",372,1.22e+12,3.27e+09,1.6e-08,150000,21800
"iea2","train.passenger.rural.elec","2011",384,1.99e+12,5.18e+09,1.26e-08,150000,34500
"iea2","train.passenger.rural.elec","2015",384,2.16e+12,5.63e+09,1.22e-08,150000,37600
"iea2","train.passenger.rural.elec","2020",382,2.42e+12,6.32e+09,1.17e-08,150000,42100
"iea2","train.passenger.rural.elec","2025",381,2.62e+12,6.89e+09,1.13e-08,150000,46000
"iea2","train.passenger.rural.elec","2030",379,2.83e+12,7.46e+09,1.1e-08,150000,49700
"iea2","train.passenger.rural.elec","2035",377,3.01e+12,7.98e+09,1.07e-08,150000,53200
"iea2","train.passenger.rural.elec","2040",376,3.18e+12,8.47e+09,1.05e-08,150000,56500
"iea2","train.passenger.rural.elec","2045",374,3.29e+12,8.79e+09,1.03e-08,150000,58600
"iea2","train.passenger.rural.elec","2050",372,3.36e+12,9.02e+09,1.02e-08,150000,60100
"iea2","plane.passenger.international.short.fuel","2011",119,1.91e+12,1.61e+10,8.43e-08,1800000,8960
"iea2","plane.passenger.international.short.fuel","2015",120,2.16e+12,1.8e+10,7.82e-08,1800000,10000
"iea2","plane.passenger.international.short.fuel","2020",121,2.21e+12,1.83e+10,7.18e-08,1800000,10100
"iea2","plane.passenger.international.short.fuel","2025",122,2.23e+12,1.83e+10,6.57e-08,1800000,10200
"iea2","plane.passenger.international.short.fuel","2030",123,2.23e+12,1.81e+10,6.03e-08,1800000,10100
"iea2","plane.passenger.international.short.fuel","2035",124,2.19e+12,1.77e+10,5.56e-08,1800000,9830
"iea2","plane.passenger.international.short.fuel","2040",125,2.12e+12,1.7e+10,5.12e-08,1800000,9420
"iea2","plane.passenger.international.short.fuel","2045",126,1.99e+12,1.58e+10,4.73e-08,1800000,8800
"iea2","plane.passenger.international.short.fuel","2050",127,1.81e+12,1.43e+10,4.39e-08,1800000,7930
"iea2","plane.passenger.international.short.H2","2011",119,0,0,8.43e-08,1800000,0
"iea2","plane.passenger.international.short.H2","2015",120,0,0,8.15e-08,1800000,0
"iea2","plane.passenger.international.short.H2","2020",121,0,0,7.79e-08,1800000,0
"iea2","plane.passenger.international.short.H2","2025",122,0,0,7.52e-08,1800000,0
"iea2","plane.passenger.international.short.H2","2030",123,0,0,7.34e-08,1800000,0
"iea2","plane.passenger.international.short.H2","2035",124,0,0,7.17e-08,1800000,0
"iea2","plane.passenger.international.short.H2","2040",125,0,0,7.01e-08,1800000,0
"iea2","plane.passenger.international.short.H2","2045",126,0,0,6.85e-08,1800000,0
"iea2","plane.passenger.international.short.H2","2050",127,0,0,6.78e-08,1800000,0
"iea2","plane.passenger.international.long.fuel","2011",119,3.42e+12,2.89e+10,6.07e-08,1800000,16000
"iea2","plane.passenger.international.long.fuel","2015",120,3.98e+12,3.32e+10,5.62e-08,1800000,18500
"iea2","plane.passenger.international.long.fuel","2020",121,4.43e+12,3.67e+10,5.16e-08,1800000,20400
"iea2","plane.passenger.international.long.fuel","2025",122,4.93e+12,4.04e+10,4.72e-08,1800000,22500
"iea2","plane.passenger.international.long.fuel","2030",123,5.47e+12,4.45e+10,4.34e-08,1800000,24700
"iea2","plane.passenger.international.long.fuel","2035",124,6.07e+12,4.9e+10,4e-08,1800000,27200
"iea2","plane.passenger.international.long.fuel","2040",125,6.75e+12,5.4e+10,3.68e-08,1800000,30000
"iea2","plane.passenger.international.long.fuel","2045",126,7.51e+12,5.96e+10,3.4e-08,1800000,33100
"iea2","plane.passenger.international.long.fuel","2050",127,8.36e+12,6.58e+10,3.16e-08,1800000,36600
"iea2","plane.passenger.international.long.H2","2011",119,0,0,6.07e-08,1800000,0
"iea2","plane.passenger.international.long.H2","2015",120,0,0,5.86e-08,1800000,0
"iea2","plane.passenger.international.long.H2","2020",121,0,0,5.6e-08,1800000,0
"iea2","plane.passenger.international.long.H2","2025",122,0,0,5.41e-08,1800000,0
"iea2","plane.passenger.international.long.H2","2030",123,0,0,5.28e-08,1800000,0
"iea2","plane.passenger.international.long.H2","2035",124,0,0,5.16e-08,1800000,0
"iea2","plane.passenger.international.long.H2","2040",125,0,0,5.04e-08,1800000,0
"iea2","plane.passenger.international.long.H2","2045",126,0,0,4.93e-08,1800000,0
"iea2","plane.passenger.international.long.H2","2050",127,0,0,4.88e-08,1800000,0
"iea2","train.passenger.international.fuel","2011",384,0,0,3.07e-08,150000,0
"iea2","train.passenger.international.fuel","2015",388,2.73e+10,70200000,2.85e-08,150000,468
"iea2","train.passenger.international.fuel","2020",392,1.15e+11,2.93e+08,2.61e-08,150000,1950
"iea2","train.passenger.international.fuel","2025",395,2.29e+11,5.8e+08,2.39e-08,150000,3870
"iea2","train.passenger.international.fuel","2030",398,3.76e+11,9.45e+08,2.2e-08,150000,6300
"iea2","train.passenger.international.fuel","2035",402,5.64e+11,1.41e+09,2.02e-08,150000,9370
"iea2","train.passenger.international.fuel","2040",405,8.02e+11,1.98e+09,1.86e-08,150000,13200
"iea2","train.passenger.international.fuel","2045",408,1.1e+12,2.7e+09,1.72e-08,150000,18000
"iea2","train.passenger.international.fuel","2050",411,1.47e+12,3.58e+09,1.6e-08,150000,23900
"iea2","train.passenger.international.elec","2011",384,0,0,1.26e-08,150000,0
"iea2","train.passenger.international.elec","2015",388,5.36e+10,1.38e+08,1.22e-08,150000,920
"iea2","train.passenger.international.elec","2020",392,2.14e+11,5.46e+08,1.17e-08,150000,3640
"iea2","train.passenger.international.elec","2025",395,4.06e+11,1.03e+09,1.13e-08,150000,6850
"iea2","train.passenger.international.elec","2030",398,6.34e+11,1.59e+09,1.1e-08,150000,10600
"iea2","train.passenger.international.elec","2035",402,9.03e+11,2.25e+09,1.07e-08,150000,15000
"iea2","train.passenger.international.elec","2040",405,1.22e+12,3.02e+09,1.05e-08,150000,20100
"iea2","train.passenger.international.elec","2045",408,1.6e+12,3.91e+09,1.03e-08,150000,26100
"iea2","train.passenger.international.elec","2050",411,2.03e+12,4.95e+09,1.02e-08,150000,33000
"rcp8","walk.passenger.urban","2011",1,2.7e+12,2.7e+12,0,0,0
"rcp8","walk.passenger.urban","2015",1,3.01e+12,3.01e+12,0,0,0
"rcp8","walk.passenger.urban","2020",1,3.3e+12,3.3e+12,0,0,0
"rcp8","walk.passenger.urban","2025",1,3.41e+12,3.41e+12,0,0,0
"rcp8","walk.passenger.urban","2030",1,3.36e+12,3.36e+12,0,0,0
"rcp8","walk.passenger.urban","2035",1,3.15e+12,3.15e+12,0,0,0
"rcp8","walk.passenger.urban","2040",1,2.77e+12,2.77e+12,0,0,0
"rcp8","walk.passenger.urban","2045",1,2.32e+12,2.32e+12,0,0,0
"rcp8","walk.passenger.urban","2050",1,1.81e+12,1.81e+12,0,0,0
"rcp8","bike.passenger.urban","2011",1,1.91e+12,1.91e+12,0,1000,1.91e+09
"rcp8","bike.passenger.urban","2015",1,2.13e+12,2.13e+12,0,1000,2.13e+09
"rcp8","bike.passenger.urban","2020",1,2.29e+12,2.29e+12,0,1000,2.29e+09
"rcp8","bike.passenger.urban","2025",1,2.29e+12,2.29e+12,0,1000,2.29e+09
"rcp8","bike.passenger.urban","2030",1,2.16e+12,2.16e+12,0,1000,2.16e+09
"rcp8","bike.passenger.urban","2035",1,1.9e+12,1.9e+12,0,1000,1.9e+09
"rcp8","bike.passenger.urban","2040",1,1.5e+12,1.5e+12,0,1000,1.5e+09
"rcp8","bike.passenger.urban","2045",1,1.04e+12,1.04e+12,0,1000,1.04e+09
"rcp8","bike.passenger.urban","2050",1,5.03e+11,5.03e+11,0,1000,5.03e+08
"rcp8","motorbike.passenger.urban.fuel","2011",1.09,3.49e+12,3.21e+12,3.81e-10,10000,3.21e+08
"rcp8","motorbike.passenger.urban.fuel","2015",1.1,3.96e+12,3.6e+12,3.54e-10,10000,3.6e+08
"rcp8","motorbike.passenger.urban.fuel","2020",1.1,4.57e+12,4.15e+12,3.35e-10,9710,4.28e+08
"rcp8","motorbike.passenger.urban.fuel","2025",1.1,5.01e+12,4.56e+12,3.15e-10,9430,4.84e+08
"rcp8","motorbike.passenger.urban.fuel","2030",1.1,5.32e+12,4.85e+12,2.96e-10,9140,5.3e+08
"rcp8","motorbike.passenger.urban.fuel","2035",1.09,5.48e+12,5.01e+12,2.82e-10,8860,5.65e+08
"rcp8","motorbike.passenger.urban.fuel","2040",1.09,5.45e+12,4.98e+12,2.75e-10,8570,5.81e+08
"rcp8","motorbike.passenger.urban.fuel","2045",1.09,5.38e+12,4.93e+12,2.68e-10,8290,5.95e+08
"rcp8","motorbike.passenger.urban.fuel","2050",1.09,5.35e+12,4.91e+12,2.62e-10,8000,6.14e+08
"rcp8","motorbike.passenger.urban.elec","2011",1.09,4.16e+10,3.82e+10,1.06e-10,10000,3820000
"rcp8","motorbike.passenger.urban.elec","2015",1.1,2.98e+11,2.71e+11,1.05e-10,10000,27100000
"rcp8","motorbike.passenger.urban.elec","2020",1.1,6.06e+11,5.51e+11,1.02e-10,9710,56700000
"rcp8","motorbike.passenger.urban.elec","2025",1.1,9.84e+11,8.97e+11,1.01e-10,9430,95100000
"rcp8","motorbike.passenger.urban.elec","2030",1.1,1.43e+12,1.3e+12,1e-10,9140,1.42e+08
"rcp8","motorbike.passenger.urban.elec","2035",1.09,1.91e+12,1.75e+12,9.96e-11,8860,1.97e+08
"rcp8","motorbike.passenger.urban.elec","2040",1.09,2.4e+12,2.19e+12,9.91e-11,8570,2.56e+08
"rcp8","motorbike.passenger.urban.elec","2045",1.09,2.93e+12,2.69e+12,9.86e-11,8290,3.24e+08
"rcp8","motorbike.passenger.urban.elec","2050",1.09,3.57e+12,3.27e+12,9.81e-11,8000,4.09e+08
"rcp8","car.passenger.urban.ICE.liquid","2011",1.6,1.27e+13,7.91e+12,7.63e-10,15000,5.27e+08
"rcp8","car.passenger.urban.ICE.liquid","2015",1.6,1.49e+13,9.3e+12,7.07e-10,15000,6.2e+08
"rcp8","car.passenger.urban.ICE.liquid","2020",1.58,1.89e+13,1.2e+13,6.69e-10,14600,8.24e+08
"rcp8","car.passenger.urban.ICE.liquid","2025",1.55,2.33e+13,1.5e+13,6.3e-10,14100,1.06e+09
"rcp8","car.passenger.urban.ICE.liquid","2030",1.53,2.78e+13,1.82e+13,5.93e-10,13700,1.32e+09
"rcp8","car.passenger.urban.ICE.liquid","2035",1.51,3.25e+13,2.15e+13,5.64e-10,13300,1.62e+09
"rcp8","car.passenger.urban.ICE.liquid","2040",1.49,3.66e+13,2.46e+13,5.5e-10,12900,1.92e+09
"rcp8","car.passenger.urban.ICE.liquid","2045",1.46,4.1e+13,2.8e+13,5.36e-10,12400,2.25e+09
"rcp8","car.passenger.urban.ICE.liquid","2050",1.44,4.62e+13,3.21e+13,5.23e-10,12000,2.67e+09
"rcp8","car.passenger.urban.ICE.gas","2011",1.6,1.23e+11,7.68e+10,7.63e-10,15000,5120000
"rcp8","car.passenger.urban.ICE.gas","2015",1.6,1.53e+11,9.58e+10,7.07e-10,15000,6390000
"rcp8","car.passenger.urban.ICE.gas","2020",1.58,2.25e+11,1.43e+11,6.69e-10,14600,9790000
"rcp8","car.passenger.urban.ICE.gas","2025",1.55,3.15e+11,2.02e+11,6.3e-10,14100,14300000
"rcp8","car.passenger.urban.ICE.gas","2030",1.53,4.21e+11,2.75e+11,5.93e-10,13700,2e+07
"rcp8","car.passenger.urban.ICE.gas","2035",1.51,5.46e+11,3.62e+11,5.64e-10,13300,27200000
"rcp8","car.passenger.urban.ICE.gas","2040",1.49,6.77e+11,4.56e+11,5.5e-10,12900,35400000
"rcp8","car.passenger.urban.ICE.gas","2045",1.46,8.29e+11,5.66e+11,5.36e-10,12400,45600000
"rcp8","car.passenger.urban.ICE.gas","2050",1.44,1.02e+12,7.05e+11,5.23e-10,12000,58800000
"rcp8","car.passenger.urban.PH","2011",1.6,363000,227000,5.77e-10,15000,15.1
"rcp8","car.passenger.urban.PH","2015",1.6,1.53e+11,9.58e+10,5.35e-10,15000,6390000
"rcp8","car.passenger.urban.PH","2020",1.58,3.09e+11,1.96e+11,5.06e-10,14600,13500000
"rcp8","car.passenger.urban.PH","2025",1.55,5.24e+11,3.37e+11,4.77e-10,14100,23800000
"rcp8","car.passenger.urban.PH","2030",1.53,8e+11,5.22e+11,4.49e-10,13700,38100000
"rcp8","car.passenger.urban.PH","2035",1.51,1.14e+12,7.56e+11,4.27e-10,13300,56900000
"rcp8","car.passenger.urban.PH","2040",1.49,1.52e+12,1.03e+12,4.16e-10,12900,79700000
"rcp8","car.passenger.urban.PH","2045",1.46,1.98e+12,1.35e+12,4.06e-10,12400,1.09e+08
"rcp8","car.passenger.urban.PH","2050",1.44,2.54e+12,1.76e+12,3.96e-10,12000,1.47e+08
"rcp8","car.passenger.urban.EV","2011",1.6,2.78e+10,1.74e+10,2.12e-10,15000,1160000
"rcp8","car.passenger.urban.EV","2015",1.6,1.53e+11,9.58e+10,2.09e-10,15000,6390000
"rcp8","car.passenger.urban.EV","2020",1.58,2.25e+11,1.43e+11,2.04e-10,14600,9790000
"rcp8","car.passenger.urban.EV","2025",1.55,3.15e+11,2.02e+11,2.02e-10,14100,14300000
"rcp8","car.passenger.urban.EV","2030",1.53,4.21e+11,2.75e+11,2e-10,13700,2e+07
"rcp8","car.passenger.urban.EV","2035",1.51,5.46e+11,3.62e+11,1.99e-10,13300,27200000
"rcp8","car.passenger.urban.EV","2040",1.49,6.77e+11,4.56e+11,1.98e-10,12900,35400000
"rcp8","car.passenger.urban.EV","2045",1.46,8.29e+11,5.66e+11,1.97e-10,12400,45600000
"rcp8","car.passenger.urban.EV","2050",1.44,1.02e+12,7.05e+11,1.96e-10,12000,58800000
"rcp8","car.passenger.urban.H2","2011",1.6,0,0,4.19e-10,15000,0
"rcp8","car.passenger.urban.H2","2015",1.6,0,0,4.15e-10,15000,0
"rcp8","car.passenger.urban.H2","2020",1.58,0,0,4.04e-10,14600,0
"rcp8","car.passenger.urban.H2","2025",1.55,0,0,4e-10,14100,0
"rcp8","car.passenger.urban.H2","2030",1.53,0,0,3.96e-10,13700,0
"rcp8","car.passenger.urban.H2","2035",1.51,0,0,3.94e-10,13300,0
"rcp8","car.passenger.urban.H2","2040",1.49,0,0,3.92e-10,12900,0
"rcp8","car.passenger.urban.H2","2045",1.46,0,0,3.91e-10,12400,0
"rcp8","car.passenger.urban.H2","2050",1.44,0,0,3.89e-10,12000,0
"rcp8","bus.passenger.urban.ICE.liquid","2011",27.3,1.07e+13,3.91e+11,2.85e-09,30000,1.3e+07
"rcp8","bus.passenger.urban.ICE.liquid","2015",27,1.19e+13,4.41e+11,2.65e-09,30000,14700000
"rcp8","bus.passenger.urban.ICE.liquid","2020",26.3,1.34e+13,5.11e+11,2.5e-09,30000,1.7e+07
"rcp8","bus.passenger.urban.ICE.liquid","2025",25.6,1.44e+13,5.64e+11,2.36e-09,30000,18800000
"rcp8","bus.passenger.urban.ICE.liquid","2030",24.8,1.5e+13,6.03e+11,2.22e-09,30000,20100000
"rcp8","bus.passenger.urban.ICE.liquid","2035",24.1,1.51e+13,6.27e+11,2.11e-09,30000,20900000
"rcp8","bus.passenger.urban.ICE.liquid","2040",23.3,1.46e+13,6.26e+11,2.06e-09,30000,20900000
"rcp8","bus.passenger.urban.ICE.liquid","2045",22.6,1.4e+13,6.2e+11,2.01e-09,30000,20700000
"rcp8","bus.passenger.urban.ICE.liquid","2050",21.9,1.34e+13,6.14e+11,1.96e-09,30000,20500000
"rcp8","bus.passenger.urban.ICE.gas","2011",27.3,955000,35000,2.85e-09,30000,1.17
"rcp8","bus.passenger.urban.ICE.gas","2015",27,1.23e+11,4.55e+09,2.65e-09,30000,152000
"rcp8","bus.passenger.urban.ICE.gas","2020",26.3,1.79e+11,6.81e+09,2.5e-09,30000,227000
"rcp8","bus.passenger.urban.ICE.gas","2025",25.6,2.37e+11,9.26e+09,2.36e-09,30000,309000
"rcp8","bus.passenger.urban.ICE.gas","2030",24.8,2.92e+11,1.18e+10,2.22e-09,30000,392000
"rcp8","bus.passenger.urban.ICE.gas","2035",24.1,3.41e+11,1.42e+10,2.11e-09,30000,473000
"rcp8","bus.passenger.urban.ICE.gas","2040",23.3,3.77e+11,1.62e+10,2.06e-09,30000,539000
"rcp8","bus.passenger.urban.ICE.gas","2045",22.6,4.06e+11,1.8e+10,2.01e-09,30000,599000
"rcp8","bus.passenger.urban.ICE.gas","2050",21.9,4.33e+11,1.98e+10,1.96e-09,30000,661000
"rcp8","bus.passenger.urban.PH","2011",27.3,0,0,2.48e-09,30000,0
"rcp8","bus.passenger.urban.PH","2015",27,6.31e+10,2.33e+09,2.3e-09,30000,77800
"rcp8","bus.passenger.urban.PH","2020",26.3,1.21e+11,4.6e+09,2.18e-09,30000,153000
"rcp8","bus.passenger.urban.PH","2025",25.6,1.84e+11,7.21e+09,2.05e-09,30000,240000
"rcp8","bus.passenger.urban.PH","2030",24.8,2.48e+11,1e+10,1.93e-09,30000,333000
"rcp8","bus.passenger.urban.PH","2035",24.1,3.08e+11,1.28e+10,1.84e-09,30000,427000
"rcp8","bus.passenger.urban.PH","2040",23.3,3.56e+11,1.52e+10,1.79e-09,30000,508000
"rcp8","bus.passenger.urban.PH","2045",22.6,3.96e+11,1.75e+10,1.75e-09,30000,584000
"rcp8","bus.passenger.urban.PH","2050",21.9,4.33e+11,1.98e+10,1.7e-09,30000,661000
"rcp8","bus.passenger.urban.EV","2011",27.3,4.75e+09,1.74e+08,6.3e-10,30000,5800
"rcp8","bus.passenger.urban.EV","2015",27,1.94e+11,7.18e+09,6.23e-10,30000,239000
"rcp8","bus.passenger.urban.EV","2020",26.3,2.09e+11,7.93e+09,6.08e-10,30000,264000
"rcp8","bus.passenger.urban.EV","2025",25.6,2.13e+11,8.33e+09,6.02e-10,30000,278000
"rcp8","bus.passenger.urban.EV","2030",24.8,2.09e+11,8.43e+09,5.96e-10,30000,281000
"rcp8","bus.passenger.urban.EV","2035",24.1,1.99e+11,8.26e+09,5.93e-10,30000,275000
"rcp8","bus.passenger.urban.EV","2040",23.3,1.81e+11,7.76e+09,5.9e-10,30000,259000
"rcp8","bus.passenger.urban.EV","2045",22.6,1.62e+11,7.17e+09,5.87e-10,30000,239000
"rcp8","bus.passenger.urban.EV","2050",21.9,1.44e+11,6.61e+09,5.84e-10,30000,220000
"rcp8","bus.passenger.urban.H2","2011",27.3,0,0,1.73e-09,30000,0
"rcp8","bus.passenger.urban.H2","2015",27,0,0,1.71e-09,30000,0
"rcp8","bus.passenger.urban.H2","2020",26.3,0,0,1.67e-09,30000,0
"rcp8","bus.passenger.urban.H2","2025",25.6,0,0,1.65e-09,30000,0
"rcp8","bus.passenger.urban.H2","2030",24.8,0,0,1.64e-09,30000,0
"rcp8","bus.passenger.urban.H2","2035",24.1,0,0,1.63e-09,30000,0
"rcp8","bus.passenger.urban.H2","2040",23.3,0,0,1.62e-09,30000,0
"rcp8","bus.passenger.urban.H2","2045",22.6,0,0,1.61e-09,30000,0
"rcp8","bus.passenger.urban.H2","2050",21.9,0,0,1.61e-09,30000,0
"rcp8","train.passenger.urban.fuel","2011",384,1.72e+11,4.49e+08,3.07e-08,150000,2990
"rcp8","train.passenger.urban.fuel","2015",384,1.81e+11,4.71e+08,2.85e-08,150000,3140
"rcp8","train.passenger.urban.fuel","2020",379,1.96e+11,5.19e+08,2.69e-08,150000,3460
"rcp8","train.passenger.urban.fuel","2025",373,2.03e+11,5.44e+08,2.54e-08,150000,3630
"rcp8","train.passenger.urban.fuel","2030",368,2.01e+11,5.47e+08,2.39e-08,150000,3640
"rcp8","train.passenger.urban.fuel","2035",362,1.92e+11,5.3e+08,2.27e-08,150000,3530
"rcp8","train.passenger.urban.fuel","2040",357,1.73e+11,4.86e+08,2.21e-08,150000,3240
"rcp8","train.passenger.urban.fuel","2045",351,1.51e+11,4.31e+08,2.16e-08,150000,2870
"rcp8","train.passenger.urban.fuel","2050",346,1.26e+11,3.65e+08,2.11e-08,150000,2430
"rcp8","train.passenger.urban.elec","2011",384,1.55e+12,4.04e+09,1.26e-08,150000,26900
"rcp8","train.passenger.urban.elec","2015",384,1.73e+12,4.5e+09,1.25e-08,150000,30000
"rcp8","train.passenger.urban.elec","2020",379,1.86e+12,4.91e+09,1.22e-08,150000,32700
"rcp8","train.passenger.urban.elec","2025",373,1.9e+12,5.1e+09,1.21e-08,150000,34000
"rcp8","train.passenger.urban.elec","2030",368,1.87e+12,5.08e+09,1.2e-08,150000,33900
"rcp8","train.passenger.urban.elec","2035",362,1.77e+12,4.89e+09,1.19e-08,150000,32600
"rcp8","train.passenger.urban.elec","2040",357,1.59e+12,4.45e+09,1.18e-08,150000,29700
"rcp8","train.passenger.urban.elec","2045",351,1.37e+12,3.91e+09,1.18e-08,150000,26000
"rcp8","train.passenger.urban.elec","2050",346,1.13e+12,3.28e+09,1.17e-08,150000,21900
"rcp8","walk.passenger.rural","2011",1,8.01e+11,8.01e+11,0,0,0
"rcp8","walk.passenger.rural","2015",1,8.39e+11,8.39e+11,0,0,0
"rcp8","walk.passenger.rural","2020",1,8.64e+11,8.64e+11,0,0,0
"rcp8","walk.passenger.rural","2025",1,8.58e+11,8.58e+11,0,0,0
"rcp8","walk.passenger.rural","2030",1,8.26e+11,8.26e+11,0,0,0
"rcp8","walk.passenger.rural","2035",1,7.54e+11,7.54e+11,0,0,0
"rcp8","walk.passenger.rural","2040",1,6.64e+11,6.64e+11,0,0,0
"rcp8","walk.passenger.rural","2045",1,5.26e+11,5.26e+11,0,0,0
"rcp8","walk.passenger.rural","2050",1,3.25e+11,3.25e+11,0,0,0
"rcp8","bike.passenger.rural","2011",1,1.72e+12,1.72e+12,0,1000,1.72e+09
"rcp8","bike.passenger.rural","2015",1,1.83e+12,1.83e+12,0,1000,1.83e+09
"rcp8","bike.passenger.rural","2020",1,1.86e+12,1.86e+12,0,1000,1.86e+09
"rcp8","bike.passenger.rural","2025",1,1.81e+12,1.81e+12,0,1000,1.81e+09
"rcp8","bike.passenger.rural","2030",1,1.69e+12,1.69e+12,0,1000,1.69e+09
"rcp8","bike.passenger.rural","2035",1,1.47e+12,1.47e+12,0,1000,1.47e+09
"rcp8","bike.passenger.rural","2040",1,1.19e+12,1.19e+12,0,1000,1.19e+09
"rcp8","bike.passenger.rural","2045",1,7.82e+11,7.82e+11,0,1000,7.82e+08
"rcp8","bike.passenger.rural","2050",1,2.2e+11,2.2e+11,0,1000,2.2e+08
"rcp8","motorbike.passenger.rural.fuel","2011",1,2.8e+12,2.8e+12,3.81e-10,10000,2.8e+08
"rcp8","motorbike.passenger.rural.fuel","2015",1.01,3.04e+12,3.01e+12,3.54e-10,10000,3.01e+08
"rcp8","motorbike.passenger.rural.fuel","2020",1.01,3.45e+12,3.42e+12,3.35e-10,9860,3.47e+08
"rcp8","motorbike.passenger.rural.fuel","2025",1.01,3.84e+12,3.81e+12,3.15e-10,9710,3.93e+08
"rcp8","motorbike.passenger.rural.fuel","2030",1.01,4.23e+12,4.21e+12,2.96e-10,9570,4.4e+08
"rcp8","motorbike.passenger.rural.fuel","2035",1,4.58e+12,4.56e+12,2.82e-10,9430,4.83e+08
"rcp8","motorbike.passenger.rural.fuel","2040",1,5.02e+12,5.01e+12,2.75e-10,9290,5.4e+08
"rcp8","motorbike.passenger.rural.fuel","2045",1,5.48e+12,5.47e+12,2.68e-10,9140,5.98e+08
"rcp8","motorbike.passenger.rural.fuel","2050",1,5.79e+12,5.79e+12,2.62e-10,9000,6.43e+08
"rcp8","motorbike.passenger.rural.elec","2011",1,3.33e+10,3.33e+10,1.06e-10,10000,3330000
"rcp8","motorbike.passenger.rural.elec","2015",1.01,2.36e+11,2.34e+11,1.05e-10,10000,23400000
"rcp8","motorbike.passenger.rural.elec","2020",1.01,4.66e+11,4.62e+11,1.02e-10,9860,46900000
"rcp8","motorbike.passenger.rural.elec","2025",1.01,7.63e+11,7.58e+11,1.01e-10,9710,7.8e+07
"rcp8","motorbike.passenger.rural.elec","2030",1.01,1.14e+12,1.14e+12,1e-10,9570,1.19e+08
"rcp8","motorbike.passenger.rural.elec","2035",1,1.6e+12,1.6e+12,9.96e-11,9430,1.69e+08
"rcp8","motorbike.passenger.rural.elec","2040",1,2.22e+12,2.21e+12,9.91e-11,9290,2.38e+08
"rcp8","motorbike.passenger.rural.elec","2045",1,2.99e+12,2.99e+12,9.86e-11,9140,3.27e+08
"rcp8","motorbike.passenger.rural.elec","2050",1,3.86e+12,3.86e+12,9.81e-11,9000,4.29e+08
"rcp8","car.passenger.rural.ICE.liquid","2011",1.8,8.41e+12,4.67e+12,7.63e-10,15000,3.11e+08
"rcp8","car.passenger.rural.ICE.liquid","2015",1.8,9.25e+12,5.14e+12,7.07e-10,15000,3.42e+08
"rcp8","car.passenger.rural.ICE.liquid","2020",1.77,1.08e+13,6.08e+12,6.69e-10,14600,4.17e+08
"rcp8","car.passenger.rural.ICE.liquid","2025",1.75,1.25e+13,7.16e+12,6.3e-10,14100,5.06e+08
"rcp8","car.passenger.rural.ICE.liquid","2030",1.72,1.45e+13,8.42e+12,5.93e-10,13700,6.14e+08
"rcp8","car.passenger.rural.ICE.liquid","2035",1.7,1.66e+13,9.81e+12,5.64e-10,13300,7.38e+08
"rcp8","car.passenger.rural.ICE.liquid","2040",1.67,1.95e+13,1.17e+13,5.5e-10,12900,9.09e+08
"rcp8","car.passenger.rural.ICE.liquid","2045",1.65,2.28e+13,1.38e+13,5.36e-10,12400,1.11e+09
"rcp8","car.passenger.rural.ICE.liquid","2050",1.62,2.59e+13,1.6e+13,5.23e-10,12000,1.33e+09
"rcp8","car.passenger.rural.ICE.gas","2011",1.8,8.16e+10,4.53e+10,7.63e-10,15000,3020000
"rcp8","car.passenger.rural.ICE.gas","2015",1.8,1.12e+11,6.21e+10,7.07e-10,15000,4140000
"rcp8","car.passenger.rural.ICE.gas","2020",1.77,1.45e+11,8.18e+10,6.69e-10,14600,5610000
"rcp8","car.passenger.rural.ICE.gas","2025",1.75,1.85e+11,1.06e+11,6.3e-10,14100,7500000
"rcp8","car.passenger.rural.ICE.gas","2030",1.72,2.35e+11,1.36e+11,5.93e-10,13700,9940000
"rcp8","car.passenger.rural.ICE.gas","2035",1.7,2.93e+11,1.73e+11,5.64e-10,13300,1.3e+07
"rcp8","car.passenger.rural.ICE.gas","2040",1.67,3.72e+11,2.22e+11,5.5e-10,12900,17300000
"rcp8","car.passenger.rural.ICE.gas","2045",1.65,4.66e+11,2.83e+11,5.36e-10,12400,22800000
"rcp8","car.passenger.rural.ICE.gas","2050",1.62,5.69e+11,3.51e+11,5.23e-10,12000,29300000
"rcp8","car.passenger.rural.PH","2011",1.8,241000,134000,5.77e-10,15000,8.93
"rcp8","car.passenger.rural.PH","2015",1.8,9.82e+10,5.45e+10,5.35e-10,15000,3640000
"rcp8","car.passenger.rural.PH","2020",1.77,1.8e+11,1.01e+11,5.06e-10,14600,6940000
"rcp8","car.passenger.rural.PH","2025",1.75,2.85e+11,1.63e+11,4.77e-10,14100,11500000
"rcp8","car.passenger.rural.PH","2030",1.72,4.2e+11,2.44e+11,4.49e-10,13700,17800000
"rcp8","car.passenger.rural.PH","2035",1.7,5.88e+11,3.46e+11,4.27e-10,13300,26100000
"rcp8","car.passenger.rural.PH","2040",1.67,8.15e+11,4.88e+11,4.16e-10,12900,37900000
"rcp8","car.passenger.rural.PH","2045",1.65,1.1e+12,6.68e+11,4.06e-10,12400,53700000
"rcp8","car.passenger.rural.PH","2050",1.62,1.42e+12,8.78e+11,3.96e-10,12000,73200000
"rcp8","car.passenger.rural.EV","2011",1.8,1.85e+10,1.03e+10,2.12e-10,15000,685000
"rcp8","car.passenger.rural.EV","2015",1.8,1.17e+11,6.49e+10,2.09e-10,15000,4330000
"rcp8","car.passenger.rural.EV","2020",1.77,1.5e+11,8.46e+10,2.04e-10,14600,5800000
"rcp8","car.passenger.rural.EV","2025",1.75,1.9e+11,1.09e+11,2.02e-10,14100,7700000
"rcp8","car.passenger.rural.EV","2030",1.72,2.39e+11,1.39e+11,2e-10,13700,10100000
"rcp8","car.passenger.rural.EV","2035",1.7,2.97e+11,1.75e+11,1.99e-10,13300,13200000
"rcp8","car.passenger.rural.EV","2040",1.67,3.75e+11,2.24e+11,1.98e-10,12900,17400000
"rcp8","car.passenger.rural.EV","2045",1.65,4.68e+11,2.84e+11,1.97e-10,12400,22900000
"rcp8","car.passenger.rural.EV","2050",1.62,5.69e+11,3.51e+11,1.96e-10,12000,29300000
"rcp8","car.passenger.rural.H2","2011",1.8,0,0,4.19e-10,15000,0
"rcp8","car.passenger.rural.H2","2015",1.8,0,0,4.15e-10,15000,0
"rcp8","car.passenger.rural.H2","2020",1.77,0,0,4.04e-10,14600,0
"rcp8","car.passenger.rural.H2","2025",1.75,0,0,4e-10,14100,0
"rcp8","car.passenger.rural.H2","2030",1.72,0,0,3.96e-10,13700,0
"rcp8","car.passenger.rural.H2","2035",1.7,0,0,3.94e-10,13300,0
"rcp8","car.passenger.rural.H2","2040",1.67,0,0,3.92e-10,12900,0
"rcp8","car.passenger.rural.H2","2045",1.65,0,0,3.91e-10,12400,0
"rcp8","car.passenger.rural.H2","2050",1.62,0,0,3.89e-10,12000,0
"rcp8","bus.passenger.rural.ICE.liquid","2011",27.3,2.02e+12,7.41e+10,2.85e-09,30000,2470000
"rcp8","bus.passenger.rural.ICE.liquid","2015",27,2.2e+12,8.14e+10,2.65e-09,30000,2710000
"rcp8","bus.passenger.rural.ICE.liquid","2020",26.3,2.35e+12,8.95e+10,2.5e-09,30000,2980000
"rcp8","bus.passenger.rural.ICE.liquid","2025",25.6,2.47e+12,9.66e+10,2.36e-09,30000,3220000
"rcp8","bus.passenger.rural.ICE.liquid","2030",24.8,2.56e+12,1.03e+11,2.22e-09,30000,3440000
"rcp8","bus.passenger.rural.ICE.liquid","2035",24.1,2.61e+12,1.08e+11,2.11e-09,30000,3610000
"rcp8","bus.passenger.rural.ICE.liquid","2040",23.3,2.69e+12,1.15e+11,2.06e-09,30000,3840000
"rcp8","bus.passenger.rural.ICE.liquid","2045",22.6,2.73e+12,1.21e+11,2.01e-09,30000,4030000
"rcp8","bus.passenger.rural.ICE.liquid","2050",21.9,2.68e+12,1.23e+11,1.96e-09,30000,4080000
"rcp8","bus.passenger.rural.ICE.gas","2011",27.3,181000,6620,2.85e-09,30000,0.22
"rcp8","bus.passenger.rural.ICE.gas","2015",27,1.16e+10,4.29e+08,2.65e-09,30000,14300
"rcp8","bus.passenger.rural.ICE.gas","2020",26.3,2.11e+10,8.03e+08,2.5e-09,30000,26800
"rcp8","bus.passenger.rural.ICE.gas","2025",25.6,3.14e+10,1.23e+09,2.36e-09,30000,41000
"rcp8","bus.passenger.rural.ICE.gas","2030",24.8,4.24e+10,1.71e+09,2.22e-09,30000,56900
"rcp8","bus.passenger.rural.ICE.gas","2035",24.1,5.32e+10,2.21e+09,2.11e-09,30000,73600
"rcp8","bus.passenger.rural.ICE.gas","2040",23.3,6.53e+10,2.8e+09,2.06e-09,30000,93300
"rcp8","bus.passenger.rural.ICE.gas","2045",22.6,7.72e+10,3.42e+09,2.01e-09,30000,114000
"rcp8","bus.passenger.rural.ICE.gas","2050",21.9,8.64e+10,3.95e+09,1.96e-09,30000,132000
"rcp8","bus.passenger.rural.PH","2011",27.3,0,0,2.48e-09,30000,0
"rcp8","bus.passenger.rural.PH","2015",27,1.16e+10,4.29e+08,2.3e-09,30000,14300
"rcp8","bus.passenger.rural.PH","2020",26.3,2.11e+10,8.03e+08,2.18e-09,30000,26800
"rcp8","bus.passenger.rural.PH","2025",25.6,3.14e+10,1.23e+09,2.05e-09,30000,41000
"rcp8","bus.passenger.rural.PH","2030",24.8,4.24e+10,1.71e+09,1.93e-09,30000,56900
"rcp8","bus.passenger.rural.PH","2035",24.1,5.32e+10,2.21e+09,1.84e-09,30000,73600
"rcp8","bus.passenger.rural.PH","2040",23.3,6.53e+10,2.8e+09,1.79e-09,30000,93300
"rcp8","bus.passenger.rural.PH","2045",22.6,7.72e+10,3.42e+09,1.75e-09,30000,114000
"rcp8","bus.passenger.rural.PH","2050",21.9,8.64e+10,3.95e+09,1.7e-09,30000,132000
"rcp8","bus.passenger.rural.EV","2011",27.3,9e+08,32900000,6.3e-10,30000,1100
"rcp8","bus.passenger.rural.EV","2015",27,3.57e+10,1.32e+09,6.23e-10,30000,44000
"rcp8","bus.passenger.rural.EV","2020",26.3,3.64e+10,1.38e+09,6.08e-10,30000,46100
"rcp8","bus.passenger.rural.EV","2025",25.6,3.63e+10,1.42e+09,6.02e-10,30000,47300
"rcp8","bus.passenger.rural.EV","2030",24.8,3.57e+10,1.44e+09,5.96e-10,30000,48000
"rcp8","bus.passenger.rural.EV","2035",24.1,3.43e+10,1.42e+09,5.93e-10,30000,47500
"rcp8","bus.passenger.rural.EV","2040",23.3,3.32e+10,1.42e+09,5.9e-10,30000,47500
"rcp8","bus.passenger.rural.EV","2045",22.6,3.16e+10,1.4e+09,5.87e-10,30000,46600
"rcp8","bus.passenger.rural.EV","2050",21.9,2.88e+10,1.32e+09,5.84e-10,30000,43900
"rcp8","bus.passenger.rural.H2","2011",27.3,0,0,1.73e-09,30000,0
"rcp8","bus.passenger.rural.H2","2015",27,0,0,1.71e-09,30000,0
"rcp8","bus.passenger.rural.H2","2020",26.3,0,0,1.67e-09,30000,0
"rcp8","bus.passenger.rural.H2","2025",25.6,0,0,1.65e-09,30000,0
"rcp8","bus.passenger.rural.H2","2030",24.8,0,0,1.64e-09,30000,0
"rcp8","bus.passenger.rural.H2","2035",24.1,0,0,1.63e-09,30000,0
"rcp8","bus.passenger.rural.H2","2040",23.3,0,0,1.62e-09,30000,0
"rcp8","bus.passenger.rural.H2","2045",22.6,0,0,1.61e-09,30000,0
"rcp8","bus.passenger.rural.H2","2050",21.9,0,0,1.61e-09,30000,0
"rcp8","train.passenger.rural.fuel","2011",384,9.79e+11,2.55e+09,3.07e-08,150000,17000
"rcp8","train.passenger.rural.fuel","2015",384,1.05e+12,2.74e+09,2.85e-08,150000,18300
"rcp8","train.passenger.rural.fuel","2020",379,1.14e+12,3.01e+09,2.69e-08,150000,20100
"rcp8","train.passenger.rural.fuel","2025",373,1.21e+12,3.24e+09,2.54e-08,150000,21600
"rcp8","train.passenger.rural.fuel","2030",368,1.27e+12,3.45e+09,2.39e-08,150000,23000
"rcp8","train.passenger.rural.fuel","2035",362,1.3e+12,3.58e+09,2.27e-08,150000,23900
"rcp8","train.passenger.rural.fuel","2040",357,1.34e+12,3.77e+09,2.21e-08,150000,25100
"rcp8","train.passenger.rural.fuel","2045",351,1.37e+12,3.89e+09,2.16e-08,150000,26000
"rcp8","train.passenger.rural.fuel","2050",346,1.34e+12,3.86e+09,2.11e-08,150000,25800
"rcp8","train.passenger.rural.elec","2011",384,1.99e+12,5.18e+09,1.26e-08,150000,34500
"rcp8","train.passenger.rural.elec","2015",384,2.22e+12,5.78e+09,1.25e-08,150000,38500
"rcp8","train.passenger.rural.elec","2020",379,2.39e+12,6.31e+09,1.22e-08,150000,42100
"rcp8","train.passenger.rural.elec","2025",373,2.52e+12,6.76e+09,1.21e-08,150000,45100
"rcp8","train.passenger.rural.elec","2030",368,2.63e+12,7.15e+09,1.2e-08,150000,47600
"rcp8","train.passenger.rural.elec","2035",362,2.68e+12,7.39e+09,1.19e-08,150000,49300
"rcp8","train.passenger.rural.elec","2040",357,2.76e+12,7.73e+09,1.18e-08,150000,51500
"rcp8","train.passenger.rural.elec","2045",351,2.79e+12,7.95e+09,1.18e-08,150000,53000
"rcp8","train.passenger.rural.elec","2050",346,2.71e+12,7.85e+09,1.17e-08,150000,52300
"rcp8","plane.passenger.international.short.fuel","2011",119,1.91e+12,1.61e+10,8.43e-08,1800000,8960
"rcp8","plane.passenger.international.short.fuel","2015",120,2.17e+12,1.81e+10,7.82e-08,1800000,10000
"rcp8","plane.passenger.international.short.fuel","2020",120,2.64e+12,2.21e+10,7.4e-08,1800000,12300
"rcp8","plane.passenger.international.short.fuel","2025",120,3.22e+12,2.7e+10,6.97e-08,1800000,15000
"rcp8","plane.passenger.international.short.fuel","2030",119,3.94e+12,3.3e+10,6.56e-08,1800000,18400
"rcp8","plane.passenger.international.short.fuel","2035",119,4.84e+12,4.06e+10,6.24e-08,1800000,22600
"rcp8","plane.passenger.international.short.fuel","2040",119,5.98e+12,5.03e+10,6.08e-08,1800000,27900
"rcp8","plane.passenger.international.short.fuel","2045",119,7.44e+12,6.26e+10,5.93e-08,1800000,34800
"rcp8","plane.passenger.international.short.fuel","2050",119,9.3e+12,7.84e+10,5.78e-08,1800000,43600
"rcp8","plane.passenger.international.short.H2","2011",119,0,0,8.43e-08,1800000,0
"rcp8","plane.passenger.international.short.H2","2015",120,0,0,8.35e-08,1800000,0
"rcp8","plane.passenger.international.short.H2","2020",120,0,0,8.14e-08,1800000,0
"rcp8","plane.passenger.international.short.H2","2025",120,0,0,8.06e-08,1800000,0
"rcp8","plane.passenger.international.short.H2","2030",119,0,0,7.98e-08,1800000,0
"rcp8","plane.passenger.international.short.H2","2035",119,0,0,7.94e-08,1800000,0
"rcp8","plane.passenger.international.short.H2","2040",119,0,0,7.9e-08,1800000,0
"rcp8","plane.passenger.international.short.H2","2045",119,0,0,7.86e-08,1800000,0
"rcp8","plane.passenger.international.short.H2","2050",119,0,0,7.82e-08,1800000,0
"rcp8","plane.passenger.international.long.fuel","2011",119,3.42e+12,2.89e+10,6.07e-08,1800000,16000
"rcp8","plane.passenger.international.long.fuel","2015",120,4e+12,3.34e+10,5.62e-08,1800000,18500
"rcp8","plane.passenger.international.long.fuel","2020",120,4.85e+12,4.05e+10,5.32e-08,1800000,22500
"rcp8","plane.passenger.international.long.fuel","2025",120,5.89e+12,4.93e+10,5.01e-08,1800000,27400
"rcp8","plane.passenger.international.long.fuel","2030",119,7.18e+12,6.01e+10,4.72e-08,1800000,33400
"rcp8","plane.passenger.international.long.fuel","2035",119,8.78e+12,7.37e+10,4.49e-08,1800000,40900
"rcp8","plane.passenger.international.long.fuel","2040",119,1.08e+13,9.08e+10,4.37e-08,1800000,50400
"rcp8","plane.passenger.international.long.fuel","2045",119,1.34e+13,1.12e+11,4.27e-08,1800000,62500
"rcp8","plane.passenger.international.long.fuel","2050",119,1.66e+13,1.4e+11,4.16e-08,1800000,77900
"rcp8","plane.passenger.international.long.H2","2011",119,0,0,6.07e-08,1800000,0
"rcp8","plane.passenger.international.long.H2","2015",120,0,0,6.01e-08,1800000,0
"rcp8","plane.passenger.international.long.H2","2020",120,0,0,5.86e-08,1800000,0
"rcp8","plane.passenger.international.long.H2","2025",120,0,0,5.8e-08,1800000,0
"rcp8","plane.passenger.international.long.H2","2030",119,0,0,5.74e-08,1800000,0
"rcp8","plane.passenger.international.long.H2","2035",119,0,0,5.71e-08,1800000,0
"rcp8","plane.passenger.international.long.H2","2040",119,0,0,5.68e-08,1800000,0
"rcp8","plane.passenger.international.long.H2","2045",119,0,0,5.66e-08,1800000,0
"rcp8","plane.passenger.international.long.H2","2050",119,0,0,5.63e-08,1800000,0
"rcp8","train.passenger.international.fuel","2011",384,0,0,3.07e-08,150000,0
"rcp8","train.passenger.international.fuel","2015",388,2.74e+10,70500000,2.85e-08,150000,470
"rcp8","train.passenger.international.fuel","2020",388,3.04e+10,78400000,2.69e-08,150000,523
"rcp8","train.passenger.international.fuel","2025",387,3.28e+10,84600000,2.54e-08,150000,564
"rcp8","train.passenger.international.fuel","2030",387,3.39e+10,87600000,2.39e-08,150000,584
"rcp8","train.passenger.international.fuel","2035",386,3.28e+10,8.5e+07,2.27e-08,150000,567
"rcp8","train.passenger.international.fuel","2040",386,2.84e+10,73600000,2.21e-08,150000,491
"rcp8","train.passenger.international.fuel","2045",385,1.85e+10,47900000,2.16e-08,150000,320
"rcp8","train.passenger.international.fuel","2050",384,0,0,2.11e-08,150000,0
"rcp8","train.passenger.international.elec","2011",384,0,0,1.26e-08,150000,0
"rcp8","train.passenger.international.elec","2015",388,5.38e+10,1.39e+08,1.25e-08,150000,924
"rcp8","train.passenger.international.elec","2020",388,5.39e+10,1.39e+08,1.22e-08,150000,927
"rcp8","train.passenger.international.elec","2025",387,5.26e+10,1.36e+08,1.21e-08,150000,906
"rcp8","train.passenger.international.elec","2030",387,4.93e+10,1.28e+08,1.2e-08,150000,851
"rcp8","train.passenger.international.elec","2035",386,4.35e+10,1.13e+08,1.19e-08,150000,751
"rcp8","train.passenger.international.elec","2040",386,3.42e+10,88700000,1.18e-08,150000,591
"rcp8","train.passenger.international.elec","2045",385,2.03e+10,52600000,1.18e-08,150000,351
"rcp8","train.passenger.international.elec","2050",384,0,0,1.17e-08,150000,0
"rcp6","walk.passenger.urban","2011",1,2.7e+12,2.7e+12,0,0,0
"rcp6","walk.passenger.urban","2015",1,3.05e+12,3.05e+12,0,0,0
"rcp6","walk.passenger.urban","2020",1,3.39e+12,3.39e+12,0,0,0
"rcp6","walk.passenger.urban","2025",1,3.52e+12,3.52e+12,0,0,0
"rcp6","walk.passenger.urban","2030",1,3.52e+12,3.52e+12,0,0,0
"rcp6","walk.passenger.urban","2035",1,3.36e+12,3.36e+12,0,0,0
"rcp6","walk.passenger.urban","2040",1,3.07e+12,3.07e+12,0,0,0
"rcp6","walk.passenger.urban","2045",1,2.69e+12,2.69e+12,0,0,0
"rcp6","walk.passenger.urban","2050",1,2.21e+12,2.21e+12,0,0,0
"rcp6","bike.passenger.urban","2011",1,1.91e+12,1.91e+12,0,1000,1.91e+09
"rcp6","bike.passenger.urban","2015",1,2.16e+12,2.16e+12,0,1000,2.16e+09
"rcp6","bike.passenger.urban","2020",1,2.38e+12,2.38e+12,0,1000,2.38e+09
"rcp6","bike.passenger.urban","2025",1,2.44e+12,2.44e+12,0,1000,2.44e+09
"rcp6","bike.passenger.urban","2030",1,2.39e+12,2.39e+12,0,1000,2.39e+09
"rcp6","bike.passenger.urban","2035",1,2.21e+12,2.21e+12,0,1000,2.21e+09
"rcp6","bike.passenger.urban","2040",1,1.94e+12,1.94e+12,0,1000,1.94e+09
"rcp6","bike.passenger.urban","2045",1,1.59e+12,1.59e+12,0,1000,1.59e+09
"rcp6","bike.passenger.urban","2050",1,1.16e+12,1.16e+12,0,1000,1.16e+09
"rcp6","motorbike.passenger.urban.fuel","2011",1.09,3.49e+12,3.21e+12,3.81e-10,10000,3.21e+08
"rcp6","motorbike.passenger.urban.fuel","2015",1.1,4.01e+12,3.65e+12,3.54e-10,10000,3.65e+08
"rcp6","motorbike.passenger.urban.fuel","2020",1.1,4.68e+12,4.24e+12,3.33e-10,9830,4.32e+08
"rcp6","motorbike.passenger.urban.fuel","2025",1.11,5.15e+12,4.66e+12,3.1e-10,9660,4.82e+08
"rcp6","motorbike.passenger.urban.fuel","2030",1.11,5.5e+12,4.96e+12,2.91e-10,9490,5.23e+08
"rcp6","motorbike.passenger.urban.fuel","2035",1.11,5.7e+12,5.13e+12,2.76e-10,9310,5.5e+08
"rcp6","motorbike.passenger.urban.fuel","2040",1.11,5.78e+12,5.18e+12,2.67e-10,9140,5.67e+08
"rcp6","motorbike.passenger.urban.fuel","2045",1.12,5.78e+12,5.17e+12,2.59e-10,8970,5.76e+08
"rcp6","motorbike.passenger.urban.fuel","2050",1.12,5.71e+12,5.1e+12,2.53e-10,8800,5.8e+08
"rcp6","motorbike.passenger.urban.elec","2011",1.09,4.16e+10,3.82e+10,1.06e-10,10000,3820000
"rcp6","motorbike.passenger.urban.elec","2015",1.1,3.02e+11,2.74e+11,1.05e-10,10000,27400000
"rcp6","motorbike.passenger.urban.elec","2020",1.1,6.39e+11,5.79e+11,1.02e-10,9830,58900000
"rcp6","motorbike.passenger.urban.elec","2025",1.11,1.06e+12,9.54e+11,1.01e-10,9660,98700000
"rcp6","motorbike.passenger.urban.elec","2030",1.11,1.55e+12,1.4e+12,9.92e-11,9490,1.47e+08
"rcp6","motorbike.passenger.urban.elec","2035",1.11,2.11e+12,1.9e+12,9.84e-11,9310,2.04e+08
"rcp6","motorbike.passenger.urban.elec","2040",1.11,2.72e+12,2.44e+12,9.77e-11,9140,2.67e+08
"rcp6","motorbike.passenger.urban.elec","2045",1.12,3.39e+12,3.04e+12,9.7e-11,8970,3.38e+08
"rcp6","motorbike.passenger.urban.elec","2050",1.12,4.14e+12,3.69e+12,9.64e-11,8800,4.2e+08
"rcp6","car.passenger.urban.ICE.liquid","2011",1.6,1.27e+13,7.91e+12,7.63e-10,15000,5.27e+08
"rcp6","car.passenger.urban.ICE.liquid","2015",1.6,1.51e+13,9.42e+12,7.07e-10,15000,6.28e+08
"rcp6","car.passenger.urban.ICE.liquid","2020",1.59,1.89e+13,1.19e+13,6.65e-10,14700,8.09e+08
"rcp6","car.passenger.urban.ICE.liquid","2025",1.57,2.28e+13,1.45e+13,6.2e-10,14500,1e+09
"rcp6","car.passenger.urban.ICE.liquid","2030",1.56,2.68e+13,1.72e+13,5.81e-10,14200,1.21e+09
"rcp6","car.passenger.urban.ICE.liquid","2035",1.55,3.07e+13,1.99e+13,5.52e-10,14000,1.42e+09
"rcp6","car.passenger.urban.ICE.liquid","2040",1.53,3.47e+13,2.26e+13,5.34e-10,13700,1.65e+09
"rcp6","car.passenger.urban.ICE.liquid","2045",1.52,3.86e+13,2.55e+13,5.18e-10,13500,1.89e+09
"rcp6","car.passenger.urban.ICE.liquid","2050",1.5,4.27e+13,2.84e+13,5.05e-10,13200,2.15e+09
"rcp6","car.passenger.urban.ICE.gas","2011",1.6,1.23e+11,7.68e+10,7.63e-10,15000,5120000
"rcp6","car.passenger.urban.ICE.gas","2015",1.6,1.55e+11,9.71e+10,7.07e-10,15000,6480000
"rcp6","car.passenger.urban.ICE.gas","2020",1.59,2.28e+11,1.44e+11,6.65e-10,14700,9760000
"rcp6","car.passenger.urban.ICE.gas","2025",1.57,3.15e+11,2.01e+11,6.2e-10,14500,13800000
"rcp6","car.passenger.urban.ICE.gas","2030",1.56,4.2e+11,2.69e+11,5.81e-10,14200,18900000
"rcp6","car.passenger.urban.ICE.gas","2035",1.55,5.39e+11,3.49e+11,5.52e-10,14000,2.5e+07
"rcp6","car.passenger.urban.ICE.gas","2040",1.53,6.75e+11,4.41e+11,5.34e-10,13700,32100000
"rcp6","car.passenger.urban.ICE.gas","2045",1.52,8.28e+11,5.45e+11,5.18e-10,13500,40500000
"rcp6","car.passenger.urban.ICE.gas","2050",1.5,1e+12,6.65e+11,5.05e-10,13200,50400000
"rcp6","car.passenger.urban.PH","2011",1.6,363000,227000,5.77e-10,15000,15.1
"rcp6","car.passenger.urban.PH","2015",1.6,1.55e+11,9.71e+10,5.35e-10,15000,6480000
"rcp6","car.passenger.urban.PH","2020",1.59,3.24e+11,2.04e+11,5.03e-10,14700,13900000
"rcp6","car.passenger.urban.PH","2025",1.57,5.49e+11,3.49e+11,4.69e-10,14500,24100000
"rcp6","car.passenger.urban.PH","2030",1.56,8.35e+11,5.36e+11,4.4e-10,14200,37700000
"rcp6","car.passenger.urban.PH","2035",1.55,1.18e+12,7.65e+11,4.18e-10,14000,54800000
"rcp6","car.passenger.urban.PH","2040",1.53,1.59e+12,1.04e+12,4.04e-10,13700,75800000
"rcp6","car.passenger.urban.PH","2045",1.52,2.07e+12,1.36e+12,3.92e-10,13500,1.01e+08
"rcp6","car.passenger.urban.PH","2050",1.5,2.62e+12,1.74e+12,3.82e-10,13200,1.32e+08
"rcp6","car.passenger.urban.EV","2011",1.6,2.78e+10,1.74e+10,2.12e-10,15000,1160000
"rcp6","car.passenger.urban.EV","2015",1.6,1.55e+11,9.71e+10,2.09e-10,15000,6480000
"rcp6","car.passenger.urban.EV","2020",1.59,2.48e+11,1.56e+11,2.04e-10,14700,10600000
"rcp6","car.passenger.urban.EV","2025",1.57,3.64e+11,2.31e+11,2.01e-10,14500,1.6e+07
"rcp6","car.passenger.urban.EV","2030",1.56,5.05e+11,3.24e+11,1.98e-10,14200,22800000
"rcp6","car.passenger.urban.EV","2035",1.55,6.72e+11,4.35e+11,1.97e-10,14000,31100000
"rcp6","car.passenger.urban.EV","2040",1.53,8.64e+11,5.64e+11,1.95e-10,13700,41100000
"rcp6","car.passenger.urban.EV","2045",1.52,1.08e+12,7.14e+11,1.94e-10,13500,53100000
"rcp6","car.passenger.urban.EV","2050",1.5,1.33e+12,8.87e+11,1.93e-10,13200,67200000
"rcp6","car.passenger.urban.H2","2011",1.6,0,0,4.19e-10,15000,0
"rcp6","car.passenger.urban.H2","2015",1.6,0,0,4.15e-10,15000,0
"rcp6","car.passenger.urban.H2","2020",1.59,0,0,4.04e-10,14700,0
"rcp6","car.passenger.urban.H2","2025",1.57,0,0,3.99e-10,14500,0
"rcp6","car.passenger.urban.H2","2030",1.56,0,0,3.93e-10,14200,0
"rcp6","car.passenger.urban.H2","2035",1.55,0,0,3.9e-10,14000,0
"rcp6","car.passenger.urban.H2","2040",1.53,0,0,3.87e-10,13700,0
"rcp6","car.passenger.urban.H2","2045",1.52,0,0,3.84e-10,13500,0
"rcp6","car.passenger.urban.H2","2050",1.5,0,0,3.82e-10,13200,0
"rcp6","bus.passenger.urban.ICE.liquid","2011",27.3,1.07e+13,3.91e+11,2.85e-09,30000,1.3e+07
"rcp6","bus.passenger.urban.ICE.liquid","2015",27,1.21e+13,4.47e+11,2.65e-09,30000,14900000
"rcp6","bus.passenger.urban.ICE.liquid","2020",26.5,1.39e+13,5.23e+11,2.49e-09,30000,17400000
"rcp6","bus.passenger.urban.ICE.liquid","2025",26,1.51e+13,5.81e+11,2.32e-09,30000,19400000
"rcp6","bus.passenger.urban.ICE.liquid","2030",25.5,1.6e+13,6.27e+11,2.18e-09,30000,20900000
"rcp6","bus.passenger.urban.ICE.liquid","2035",25,1.65e+13,6.58e+11,2.07e-09,30000,21900000
"rcp6","bus.passenger.urban.ICE.liquid","2040",24.5,1.66e+13,6.78e+11,2e-09,30000,22600000
"rcp6","bus.passenger.urban.ICE.liquid","2045",24,1.65e+13,6.89e+11,1.94e-09,30000,2.3e+07
"rcp6","bus.passenger.urban.ICE.liquid","2050",23.5,1.63e+13,6.93e+11,1.89e-09,30000,23100000
"rcp6","bus.passenger.urban.ICE.gas","2011",27.3,955000,35000,2.85e-09,30000,1.17
"rcp6","bus.passenger.urban.ICE.gas","2015",27,1.25e+11,4.61e+09,2.65e-09,30000,154000
"rcp6","bus.passenger.urban.ICE.gas","2020",26.5,1.9e+11,7.16e+09,2.49e-09,30000,239000
"rcp6","bus.passenger.urban.ICE.gas","2025",26,2.58e+11,9.92e+09,2.32e-09,30000,331000
"rcp6","bus.passenger.urban.ICE.gas","2030",25.5,3.29e+11,1.29e+10,2.18e-09,30000,430000
"rcp6","bus.passenger.urban.ICE.gas","2035",25,3.97e+11,1.59e+10,2.07e-09,30000,529000
"rcp6","bus.passenger.urban.ICE.gas","2040",24.5,4.6e+11,1.88e+10,2e-09,30000,626000
"rcp6","bus.passenger.urban.ICE.gas","2045",24,5.18e+11,2.16e+10,1.94e-09,30000,720000
"rcp6","bus.passenger.urban.ICE.gas","2050",23.5,5.71e+11,2.43e+10,1.89e-09,30000,811000
"rcp6","bus.passenger.urban.PH","2011",27.3,0,0,2.48e-09,30000,0
"rcp6","bus.passenger.urban.PH","2015",27,6.4e+10,2.37e+09,2.3e-09,30000,78900
"rcp6","bus.passenger.urban.PH","2020",26.5,1.3e+11,4.88e+09,2.17e-09,30000,163000
"rcp6","bus.passenger.urban.PH","2025",26,2.03e+11,7.8e+09,2.02e-09,30000,260000
"rcp6","bus.passenger.urban.PH","2030",25.5,2.82e+11,1.1e+10,1.89e-09,30000,368000
"rcp6","bus.passenger.urban.PH","2035",25,3.6e+11,1.44e+10,1.8e-09,30000,480000
"rcp6","bus.passenger.urban.PH","2040",24.5,4.35e+11,1.78e+10,1.74e-09,30000,592000
"rcp6","bus.passenger.urban.PH","2045",24,5.06e+11,2.11e+10,1.69e-09,30000,703000
"rcp6","bus.passenger.urban.PH","2050",23.5,5.71e+11,2.43e+10,1.65e-09,30000,811000
"rcp6","bus.passenger.urban.EV","2011",27.3,4.75e+09,1.74e+08,6.3e-10,30000,5800
"rcp6","bus.passenger.urban.EV","2015",27,1.97e+11,7.28e+09,6.23e-10,30000,243000
"rcp6","bus.passenger.urban.EV","2020",26.5,2.45e+11,9.24e+09,6.08e-10,30000,308000
"rcp6","bus.passenger.urban.EV","2025",26,2.88e+11,1.1e+10,5.99e-10,30000,368000
"rcp6","bus.passenger.urban.EV","2030",25.5,3.27e+11,1.28e+10,5.9e-10,30000,427000
"rcp6","bus.passenger.urban.EV","2035",25,3.6e+11,1.44e+10,5.86e-10,30000,480000
"rcp6","bus.passenger.urban.EV","2040",24.5,3.87e+11,1.58e+10,5.81e-10,30000,527000
"rcp6","bus.passenger.urban.EV","2045",24,4.1e+11,1.71e+10,5.77e-10,30000,569000
"rcp6","bus.passenger.urban.EV","2050",23.5,4.28e+11,1.82e+10,5.74e-10,30000,608000
"rcp6","bus.passenger.urban.H2","2011",27.3,0,0,1.73e-09,30000,0
"rcp6","bus.passenger.urban.H2","2015",27,0,0,1.71e-09,30000,0
"rcp6","bus.passenger.urban.H2","2020",26.5,0,0,1.67e-09,30000,0
"rcp6","bus.passenger.urban.H2","2025",26,0,0,1.65e-09,30000,0
"rcp6","bus.passenger.urban.H2","2030",25.5,0,0,1.62e-09,30000,0
"rcp6","bus.passenger.urban.H2","2035",25,0,0,1.61e-09,30000,0
"rcp6","bus.passenger.urban.H2","2040",24.5,0,0,1.6e-09,30000,0
"rcp6","bus.passenger.urban.H2","2045",24,0,0,1.59e-09,30000,0
"rcp6","bus.passenger.urban.H2","2050",23.5,0,0,1.58e-09,30000,0
"rcp6","train.passenger.urban.fuel","2011",384,1.72e+11,4.49e+08,3.07e-08,150000,2990
"rcp6","train.passenger.urban.fuel","2015",384,1.83e+11,4.78e+08,2.85e-08,150000,3190
"rcp6","train.passenger.urban.fuel","2020",381,2.02e+11,5.3e+08,2.68e-08,150000,3530
"rcp6","train.passenger.urban.fuel","2025",377,2.1e+11,5.55e+08,2.5e-08,150000,3700
"rcp6","train.passenger.urban.fuel","2030",374,2.1e+11,5.62e+08,2.34e-08,150000,3750
"rcp6","train.passenger.urban.fuel","2035",371,2.04e+11,5.5e+08,2.22e-08,150000,3670
"rcp6","train.passenger.urban.fuel","2040",368,1.92e+11,5.23e+08,2.15e-08,150000,3490
"rcp6","train.passenger.urban.fuel","2045",364,1.75e+11,4.82e+08,2.09e-08,150000,3210
"rcp6","train.passenger.urban.fuel","2050",361,1.54e+11,4.27e+08,2.03e-08,150000,2850
"rcp6","train.passenger.urban.elec","2011",384,1.55e+12,4.04e+09,1.26e-08,150000,26900
"rcp6","train.passenger.urban.elec","2015",384,1.75e+12,4.56e+09,1.25e-08,150000,30400
"rcp6","train.passenger.urban.elec","2020",381,1.92e+12,5.05e+09,1.22e-08,150000,33700
"rcp6","train.passenger.urban.elec","2025",377,2e+12,5.29e+09,1.2e-08,150000,35300
"rcp6","train.passenger.urban.elec","2030",374,2.01e+12,5.36e+09,1.19e-08,150000,35700
"rcp6","train.passenger.urban.elec","2035",371,1.95e+12,5.25e+09,1.18e-08,150000,35000
"rcp6","train.passenger.urban.elec","2040",368,1.83e+12,4.99e+09,1.17e-08,150000,33200
"rcp6","train.passenger.urban.elec","2045",364,1.67e+12,4.59e+09,1.16e-08,150000,30600
"rcp6","train.passenger.urban.elec","2050",361,1.47e+12,4.07e+09,1.15e-08,150000,27100
"rcp6","walk.passenger.rural","2011",1,8.01e+11,8.01e+11,0,0,0
"rcp6","walk.passenger.rural","2015",1,8.16e+11,8.16e+11,0,0,0
"rcp6","walk.passenger.rural","2020",1,8.12e+11,8.12e+11,0,0,0
"rcp6","walk.passenger.rural","2025",1,7.77e+11,7.77e+11,0,0,0
"rcp6","walk.passenger.rural","2030",1,7.23e+11,7.23e+11,0,0,0
"rcp6","walk.passenger.rural","2035",1,6.39e+11,6.39e+11,0,0,0
"rcp6","walk.passenger.rural","2040",1,5.33e+11,5.33e+11,0,0,0
"rcp6","walk.passenger.rural","2045",1,4.04e+11,4.04e+11,0,0,0
"rcp6","walk.passenger.rural","2050",1,2.53e+11,2.53e+11,0,0,0
"rcp6","bike.passenger.rural","2011",1,1.72e+12,1.72e+12,0,1000,1.72e+09
"rcp6","bike.passenger.rural","2015",1,1.78e+12,1.78e+12,0,1000,1.78e+09
"rcp6","bike.passenger.rural","2020",1,1.76e+12,1.76e+12,0,1000,1.76e+09
"rcp6","bike.passenger.rural","2025",1,1.67e+12,1.67e+12,0,1000,1.67e+09
"rcp6","bike.passenger.rural","2030",1,1.53e+12,1.53e+12,0,1000,1.53e+09
"rcp6","bike.passenger.rural","2035",1,1.33e+12,1.33e+12,0,1000,1.33e+09
"rcp6","bike.passenger.rural","2040",1,1.07e+12,1.07e+12,0,1000,1.07e+09
"rcp6","bike.passenger.rural","2045",1,7.52e+11,7.52e+11,0,1000,7.52e+08
"rcp6","bike.passenger.rural","2050",1,3.85e+11,3.85e+11,0,1000,3.85e+08
"rcp6","motorbike.passenger.rural.fuel","2011",1,2.8e+12,2.8e+12,3.81e-10,10000,2.8e+08
"rcp6","motorbike.passenger.rural.fuel","2015",1.01,2.96e+12,2.93e+12,3.54e-10,10000,2.93e+08
"rcp6","motorbike.passenger.rural.fuel","2020",1.01,3.2e+12,3.16e+12,3.33e-10,9910,3.19e+08
"rcp6","motorbike.passenger.rural.fuel","2025",1.02,3.37e+12,3.32e+12,3.1e-10,9830,3.37e+08
"rcp6","motorbike.passenger.rural.fuel","2030",1.02,3.52e+12,3.45e+12,2.91e-10,9740,3.55e+08
"rcp6","motorbike.passenger.rural.fuel","2035",1.02,3.59e+12,3.52e+12,2.76e-10,9660,3.64e+08
"rcp6","motorbike.passenger.rural.fuel","2040",1.02,3.62e+12,3.54e+12,2.67e-10,9570,3.7e+08
"rcp6","motorbike.passenger.rural.fuel","2045",1.03,3.61e+12,3.52e+12,2.59e-10,9490,3.71e+08
"rcp6","motorbike.passenger.rural.fuel","2050",1.03,3.54e+12,3.44e+12,2.53e-10,9400,3.66e+08
"rcp6","motorbike.passenger.rural.elec","2011",1,3.33e+10,3.33e+10,1.06e-10,10000,3330000
"rcp6","motorbike.passenger.rural.elec","2015",1.01,2.3e+11,2.28e+11,1.05e-10,10000,22800000
"rcp6","motorbike.passenger.rural.elec","2020",1.01,4.44e+11,4.38e+11,1.02e-10,9910,44200000
"rcp6","motorbike.passenger.rural.elec","2025",1.02,6.97e+11,6.86e+11,1.01e-10,9830,69800000
"rcp6","motorbike.passenger.rural.elec","2030",1.02,9.98e+11,9.81e+11,9.92e-11,9740,1.01e+08
"rcp6","motorbike.passenger.rural.elec","2035",1.02,1.33e+12,1.31e+12,9.84e-11,9660,1.35e+08
"rcp6","motorbike.passenger.rural.elec","2040",1.02,1.71e+12,1.67e+12,9.77e-11,9570,1.75e+08
"rcp6","motorbike.passenger.rural.elec","2045",1.03,2.12e+12,2.07e+12,9.7e-11,9490,2.18e+08
"rcp6","motorbike.passenger.rural.elec","2050",1.03,2.56e+12,2.49e+12,9.64e-11,9400,2.65e+08
"rcp6","car.passenger.rural.ICE.liquid","2011",1.8,8.41e+12,4.67e+12,7.63e-10,15000,3.11e+08
"rcp6","car.passenger.rural.ICE.liquid","2015",1.8,8.99e+12,5e+12,7.07e-10,15000,3.33e+08
"rcp6","car.passenger.rural.ICE.liquid","2020",1.78,9.99e+12,5.6e+12,6.65e-10,14700,3.8e+08
"rcp6","car.passenger.rural.ICE.liquid","2025",1.77,1.1e+13,6.23e+12,6.2e-10,14500,4.3e+08
"rcp6","car.passenger.rural.ICE.liquid","2030",1.75,1.22e+13,6.94e+12,5.81e-10,14200,4.88e+08
"rcp6","car.passenger.rural.ICE.liquid","2035",1.74,1.33e+13,7.68e+12,5.52e-10,14000,5.5e+08
"rcp6","car.passenger.rural.ICE.liquid","2040",1.72,1.45e+13,8.43e+12,5.34e-10,13700,6.14e+08
"rcp6","car.passenger.rural.ICE.liquid","2045",1.71,1.57e+13,9.18e+12,5.18e-10,13500,6.82e+08
"rcp6","car.passenger.rural.ICE.liquid","2050",1.69,1.68e+13,9.94e+12,5.05e-10,13200,7.53e+08
"rcp6","car.passenger.rural.ICE.gas","2011",1.8,8.16e+10,4.53e+10,7.63e-10,15000,3020000
"rcp6","car.passenger.rural.ICE.gas","2015",1.8,1.09e+11,6.04e+10,7.07e-10,15000,4030000
"rcp6","car.passenger.rural.ICE.gas","2020",1.78,1.36e+11,7.62e+10,6.65e-10,14700,5170000
"rcp6","car.passenger.rural.ICE.gas","2025",1.77,1.67e+11,9.44e+10,6.2e-10,14500,6520000
"rcp6","car.passenger.rural.ICE.gas","2030",1.75,2.04e+11,1.16e+11,5.81e-10,14200,8170000
"rcp6","car.passenger.rural.ICE.gas","2035",1.74,2.45e+11,1.41e+11,5.52e-10,14000,10100000
"rcp6","car.passenger.rural.ICE.gas","2040",1.72,2.91e+11,1.69e+11,5.34e-10,13700,12300000
"rcp6","car.passenger.rural.ICE.gas","2045",1.71,3.4e+11,1.99e+11,5.18e-10,13500,14800000
"rcp6","car.passenger.rural.ICE.gas","2050",1.69,3.94e+11,2.33e+11,5.05e-10,13200,17600000
"rcp6","car.passenger.rural.PH","2011",1.8,241000,134000,5.77e-10,15000,8.93
"rcp6","car.passenger.rural.PH","2015",1.8,9.55e+10,5.31e+10,5.35e-10,15000,3540000
"rcp6","car.passenger.rural.PH","2020",1.78,1.74e+11,9.75e+10,5.03e-10,14700,6610000
"rcp6","car.passenger.rural.PH","2025",1.77,2.68e+11,1.52e+11,4.69e-10,14500,10500000
"rcp6","car.passenger.rural.PH","2030",1.75,3.83e+11,2.18e+11,4.4e-10,14200,15300000
"rcp6","car.passenger.rural.PH","2035",1.74,5.16e+11,2.97e+11,4.18e-10,14000,21300000
"rcp6","car.passenger.rural.PH","2040",1.72,6.69e+11,3.88e+11,4.04e-10,13700,28300000
"rcp6","car.passenger.rural.PH","2045",1.71,8.41e+11,4.93e+11,3.92e-10,13500,36600000
"rcp6","car.passenger.rural.PH","2050",1.69,1.03e+12,6.1e+11,3.82e-10,13200,46200000
"rcp6","car.passenger.rural.EV","2011",1.8,1.85e+10,1.03e+10,2.12e-10,15000,685000
"rcp6","car.passenger.rural.EV","2015",1.8,1.14e+11,6.31e+10,2.09e-10,15000,4210000
"rcp6","car.passenger.rural.EV","2020",1.78,1.51e+11,8.47e+10,2.04e-10,14700,5740000
"rcp6","car.passenger.rural.EV","2025",1.77,1.95e+11,1.1e+11,2.01e-10,14500,7600000
"rcp6","car.passenger.rural.EV","2030",1.75,2.47e+11,1.41e+11,1.98e-10,14200,9890000
"rcp6","car.passenger.rural.EV","2035",1.74,3.06e+11,1.76e+11,1.97e-10,14000,12600000
"rcp6","car.passenger.rural.EV","2040",1.72,3.72e+11,2.16e+11,1.95e-10,13700,15800000
"rcp6","car.passenger.rural.EV","2045",1.71,4.46e+11,2.61e+11,1.94e-10,13500,19400000
"rcp6","car.passenger.rural.EV","2050",1.69,5.26e+11,3.11e+11,1.93e-10,13200,23500000
"rcp6","car.passenger.rural.H2","2011",1.8,0,0,4.19e-10,15000,0
"rcp6","car.passenger.rural.H2","2015",1.8,0,0,4.15e-10,15000,0
"rcp6","car.passenger.rural.H2","2020",1.78,0,0,4.04e-10,14700,0
"rcp6","car.passenger.rural.H2","2025",1.77,0,0,3.99e-10,14500,0
"rcp6","car.passenger.rural.H2","2030",1.75,0,0,3.93e-10,14200,0
"rcp6","car.passenger.rural.H2","2035",1.74,0,0,3.9e-10,14000,0
"rcp6","car.passenger.rural.H2","2040",1.72,0,0,3.87e-10,13700,0
"rcp6","car.passenger.rural.H2","2045",1.71,0,0,3.84e-10,13500,0
"rcp6","car.passenger.rural.H2","2050",1.69,0,0,3.82e-10,13200,0
"rcp6","bus.passenger.rural.ICE.liquid","2011",27.3,2.02e+12,7.41e+10,2.85e-09,30000,2470000
"rcp6","bus.passenger.rural.ICE.liquid","2015",27,2.14e+12,7.92e+10,2.65e-09,30000,2640000
"rcp6","bus.passenger.rural.ICE.liquid","2020",26.5,2.25e+12,8.46e+10,2.49e-09,30000,2820000
"rcp6","bus.passenger.rural.ICE.liquid","2025",26,2.31e+12,8.86e+10,2.32e-09,30000,2950000
"rcp6","bus.passenger.rural.ICE.liquid","2030",25.5,2.35e+12,9.22e+10,2.18e-09,30000,3070000
"rcp6","bus.passenger.rural.ICE.liquid","2035",25,2.36e+12,9.43e+10,2.07e-09,30000,3140000
"rcp6","bus.passenger.rural.ICE.liquid","2040",24.5,2.34e+12,9.54e+10,2e-09,30000,3180000
"rcp6","bus.passenger.rural.ICE.liquid","2045",24,2.29e+12,9.54e+10,1.94e-09,30000,3180000
"rcp6","bus.passenger.rural.ICE.liquid","2050",23.5,2.21e+12,9.4e+10,1.89e-09,30000,3130000
"rcp6","bus.passenger.rural.ICE.gas","2011",27.3,181000,6620,2.85e-09,30000,0.22
"rcp6","bus.passenger.rural.ICE.gas","2015",27,1.13e+10,4.17e+08,2.65e-09,30000,13900
"rcp6","bus.passenger.rural.ICE.gas","2020",26.5,2.09e+10,7.87e+08,2.49e-09,30000,26200
"rcp6","bus.passenger.rural.ICE.gas","2025",26,3.09e+10,1.19e+09,2.32e-09,30000,39500
"rcp6","bus.passenger.rural.ICE.gas","2030",25.5,4.14e+10,1.62e+09,2.18e-09,30000,54000
"rcp6","bus.passenger.rural.ICE.gas","2035",25,5.15e+10,2.06e+09,2.07e-09,30000,68600
"rcp6","bus.passenger.rural.ICE.gas","2040",24.5,6.11e+10,2.5e+09,2e-09,30000,83200
"rcp6","bus.passenger.rural.ICE.gas","2045",24,7e+10,2.92e+09,1.94e-09,30000,97200
"rcp6","bus.passenger.rural.ICE.gas","2050",23.5,7.75e+10,3.3e+09,1.89e-09,30000,110000
"rcp6","bus.passenger.rural.PH","2011",27.3,0,0,2.48e-09,30000,0
"rcp6","bus.passenger.rural.PH","2015",27,1.13e+10,4.17e+08,2.3e-09,30000,13900
"rcp6","bus.passenger.rural.PH","2020",26.5,2.09e+10,7.86e+08,2.17e-09,30000,26200
"rcp6","bus.passenger.rural.PH","2025",26,3.09e+10,1.19e+09,2.02e-09,30000,39500
"rcp6","bus.passenger.rural.PH","2030",25.5,4.14e+10,1.62e+09,1.89e-09,30000,54000
"rcp6","bus.passenger.rural.PH","2035",25,5.15e+10,2.06e+09,1.8e-09,30000,68600
"rcp6","bus.passenger.rural.PH","2040",24.5,6.11e+10,2.5e+09,1.74e-09,30000,83200
"rcp6","bus.passenger.rural.PH","2045",24,7e+10,2.92e+09,1.69e-09,30000,97200
"rcp6","bus.passenger.rural.PH","2050",23.5,7.75e+10,3.3e+09,1.65e-09,30000,110000
"rcp6","bus.passenger.rural.EV","2011",27.3,9e+08,32900000,6.3e-10,30000,1100
"rcp6","bus.passenger.rural.EV","2015",27,3.47e+10,1.28e+09,6.23e-10,30000,42800
"rcp6","bus.passenger.rural.EV","2020",26.5,3.95e+10,1.49e+09,6.08e-10,30000,49600
"rcp6","bus.passenger.rural.EV","2025",26,4.37e+10,1.68e+09,5.99e-10,30000,56000
"rcp6","bus.passenger.rural.EV","2030",25.5,4.8e+10,1.88e+09,5.9e-10,30000,62600
"rcp6","bus.passenger.rural.EV","2035",25,5.15e+10,2.06e+09,5.86e-10,30000,68600
"rcp6","bus.passenger.rural.EV","2040",24.5,5.44e+10,2.22e+09,5.81e-10,30000,74000
"rcp6","bus.passenger.rural.EV","2045",24,5.67e+10,2.36e+09,5.77e-10,30000,78800
"rcp6","bus.passenger.rural.EV","2050",23.5,5.81e+10,2.47e+09,5.74e-10,30000,82500
"rcp6","bus.passenger.rural.H2","2011",27.3,0,0,1.73e-09,30000,0
"rcp6","bus.passenger.rural.H2","2015",27,0,0,1.71e-09,30000,0
"rcp6","bus.passenger.rural.H2","2020",26.5,0,0,1.67e-09,30000,0
"rcp6","bus.passenger.rural.H2","2025",26,0,0,1.65e-09,30000,0
"rcp6","bus.passenger.rural.H2","2030",25.5,0,0,1.62e-09,30000,0
"rcp6","bus.passenger.rural.H2","2035",25,0,0,1.61e-09,30000,0
"rcp6","bus.passenger.rural.H2","2040",24.5,0,0,1.6e-09,30000,0
"rcp6","bus.passenger.rural.H2","2045",24,0,0,1.59e-09,30000,0
"rcp6","bus.passenger.rural.H2","2050",23.5,0,0,1.58e-09,30000,0
"rcp6","train.passenger.rural.fuel","2011",384,9.79e+11,2.55e+09,3.07e-08,150000,17000
"rcp6","train.passenger.rural.fuel","2015",384,1.02e+12,2.67e+09,2.85e-08,150000,17800
"rcp6","train.passenger.rural.fuel","2020",381,1.08e+12,2.83e+09,2.68e-08,150000,18900
"rcp6","train.passenger.rural.fuel","2025",377,1.11e+12,2.93e+09,2.5e-08,150000,19500
"rcp6","train.passenger.rural.fuel","2030",374,1.12e+12,3e+09,2.34e-08,150000,20000
"rcp6","train.passenger.rural.fuel","2035",371,1.12e+12,3.01e+09,2.22e-08,150000,20100
"rcp6","train.passenger.rural.fuel","2040",368,1.09e+12,2.97e+09,2.15e-08,150000,19800
"rcp6","train.passenger.rural.fuel","2045",364,1.04e+12,2.87e+09,2.09e-08,150000,19100
"rcp6","train.passenger.rural.fuel","2050",361,9.79e+11,2.71e+09,2.03e-08,150000,18100
"rcp6","train.passenger.rural.elec","2011",384,1.99e+12,5.18e+09,1.26e-08,150000,34500
"rcp6","train.passenger.rural.elec","2015",384,2.16e+12,5.62e+09,1.25e-08,150000,37500
"rcp6","train.passenger.rural.elec","2020",381,2.27e+12,5.97e+09,1.22e-08,150000,39800
"rcp6","train.passenger.rural.elec","2025",377,2.33e+12,6.17e+09,1.2e-08,150000,41100
"rcp6","train.passenger.rural.elec","2030",374,2.37e+12,6.32e+09,1.19e-08,150000,42200
"rcp6","train.passenger.rural.elec","2035",371,2.35e+12,6.34e+09,1.18e-08,150000,42200
"rcp6","train.passenger.rural.elec","2040",368,2.3e+12,6.25e+09,1.17e-08,150000,41600
"rcp6","train.passenger.rural.elec","2045",364,2.2e+12,6.04e+09,1.16e-08,150000,40300
"rcp6","train.passenger.rural.elec","2050",361,2.06e+12,5.71e+09,1.15e-08,150000,38100
"rcp6","plane.passenger.international.short.fuel","2011",119,1.91e+12,1.61e+10,8.43e-08,1800000,8960
"rcp6","plane.passenger.international.short.fuel","2015",120,2.16e+12,1.8e+10,7.82e-08,1800000,9990
"rcp6","plane.passenger.international.short.fuel","2020",120,2.5e+12,2.08e+10,7.35e-08,1800000,11500
"rcp6","plane.passenger.international.short.fuel","2025",121,2.89e+12,2.39e+10,6.86e-08,1800000,13300
"rcp6","plane.passenger.international.short.fuel","2030",121,3.36e+12,2.77e+10,6.43e-08,1800000,15400
"rcp6","plane.passenger.international.short.fuel","2035",122,3.9e+12,3.2e+10,6.11e-08,1800000,17800
"rcp6","plane.passenger.international.short.fuel","2040",122,4.55e+12,3.72e+10,5.9e-08,1800000,20700
"rcp6","plane.passenger.international.short.fuel","2045",123,5.32e+12,4.33e+10,5.73e-08,1800000,24100
"rcp6","plane.passenger.international.short.fuel","2050",123,6.24e+12,5.06e+10,5.59e-08,1800000,28100
"rcp6","plane.passenger.international.short.H2","2011",119,0,0,8.43e-08,1800000,0
"rcp6","plane.passenger.international.short.H2","2015",120,0,0,8.35e-08,1800000,0
"rcp6","plane.passenger.international.short.H2","2020",120,0,0,8.14e-08,1800000,0
"rcp6","plane.passenger.international.short.H2","2025",121,0,0,8.03e-08,1800000,0
"rcp6","plane.passenger.international.short.H2","2030",121,0,0,7.91e-08,1800000,0
"rcp6","plane.passenger.international.short.H2","2035",122,0,0,7.85e-08,1800000,0
"rcp6","plane.passenger.international.short.H2","2040",122,0,0,7.78e-08,1800000,0
"rcp6","plane.passenger.international.short.H2","2045",123,0,0,7.73e-08,1800000,0
"rcp6","plane.passenger.international.short.H2","2050",123,0,0,7.68e-08,1800000,0
"rcp6","plane.passenger.international.long.fuel","2011",119,3.42e+12,2.89e+10,6.07e-08,1800000,16000
"rcp6","plane.passenger.international.long.fuel","2015",120,3.97e+12,3.32e+10,5.62e-08,1800000,18400
"rcp6","plane.passenger.international.long.fuel","2020",120,4.68e+12,3.89e+10,5.29e-08,1800000,21600
"rcp6","plane.passenger.international.long.fuel","2025",121,5.52e+12,4.56e+10,4.93e-08,1800000,25400
"rcp6","plane.passenger.international.long.fuel","2030",121,6.51e+12,5.36e+10,4.62e-08,1800000,29800
"rcp6","plane.passenger.international.long.fuel","2035",122,7.7e+12,6.32e+10,4.39e-08,1800000,35100
"rcp6","plane.passenger.international.long.fuel","2040",122,9.14e+12,7.47e+10,4.24e-08,1800000,41500
"rcp6","plane.passenger.international.long.fuel","2045",123,1.09e+13,8.85e+10,4.12e-08,1800000,49200
"rcp6","plane.passenger.international.long.fuel","2050",123,1.3e+13,1.05e+11,4.02e-08,1800000,58500
"rcp6","plane.passenger.international.long.H2","2011",119,0,0,6.07e-08,1800000,0
"rcp6","plane.passenger.international.long.H2","2015",120,0,0,6.01e-08,1800000,0
"rcp6","plane.passenger.international.long.H2","2020",120,0,0,5.86e-08,1800000,0
"rcp6","plane.passenger.international.long.H2","2025",121,0,0,5.77e-08,1800000,0
"rcp6","plane.passenger.international.long.H2","2030",121,0,0,5.69e-08,1800000,0
"rcp6","plane.passenger.international.long.H2","2035",122,0,0,5.64e-08,1800000,0
"rcp6","plane.passenger.international.long.H2","2040",122,0,0,5.6e-08,1800000,0
"rcp6","plane.passenger.international.long.H2","2045",123,0,0,5.56e-08,1800000,0
"rcp6","plane.passenger.international.long.H2","2050",123,0,0,5.53e-08,1800000,0
"rcp6","train.passenger.international.fuel","2011",384,0,0,3.07e-08,150000,0
"rcp6","train.passenger.international.fuel","2015",388,2.72e+10,70100000,2.85e-08,150000,467
"rcp6","train.passenger.international.fuel","2020",390,5.24e+10,1.34e+08,2.68e-08,150000,895
"rcp6","train.passenger.international.fuel","2025",392,8.83e+10,2.26e+08,2.5e-08,150000,1500
"rcp6","train.passenger.international.fuel","2030",393,1.39e+11,3.53e+08,2.34e-08,150000,2360
"rcp6","train.passenger.international.fuel","2035",395,2.09e+11,5.3e+08,2.22e-08,150000,3530
"rcp6","train.passenger.international.fuel","2040",397,3.07e+11,7.73e+08,2.15e-08,150000,5150
"rcp6","train.passenger.international.fuel","2045",398,4.4e+11,1.1e+09,2.09e-08,150000,7360
"rcp6","train.passenger.international.fuel","2050",400,6.21e+11,1.55e+09,2.03e-08,150000,10400
"rcp6","train.passenger.international.elec","2011",384,0,0,1.26e-08,150000,0
"rcp6","train.passenger.international.elec","2015",388,5.35e+10,1.38e+08,1.25e-08,150000,919
"rcp6","train.passenger.international.elec","2020",390,9.35e+10,2.4e+08,1.22e-08,150000,1600
"rcp6","train.passenger.international.elec","2025",392,1.44e+11,3.67e+08,1.2e-08,150000,2440
"rcp6","train.passenger.international.elec","2030",393,2.06e+11,5.24e+08,1.19e-08,150000,3490
"rcp6","train.passenger.international.elec","2035",395,2.84e+11,7.19e+08,1.18e-08,150000,4790
"rcp6","train.passenger.international.elec","2040",397,3.8e+11,9.59e+08,1.17e-08,150000,6390
"rcp6","train.passenger.international.elec","2045",398,4.99e+11,1.25e+09,1.16e-08,150000,8360
"rcp6","train.passenger.international.elec","2050",400,6.47e+11,1.62e+09,1.15e-08,150000,10800
